15:55:30 | INFO    | Model: alinet | seed 2026 | device: cuda:0
15:55:31 | INFO    | Regime sameAs | graph: 84,182 nodes, 131,238 triples, 50,435 UCPGx candidates
15:55:31 | INFO    |   broadMatch/pgx   train=  3,744 test=  8,599 (70%) queries= 6,866 by cluster    leakage=0.00%
15:55:31 | INFO    |   closeMatch       train=  2,738 test=  6,296 (70%) queries= 1,490 by cluster    leakage=0.00%
15:55:31 | INFO    |   sameAs           train= 19,942 test= 46,531 (70%) queries=10,883 by cluster    leakage=0.00%
15:55:31 | INFO    |   broadMatch/onco  train= 25,039 test= 47,737 (66%) queries= 2,032 intra-cluster leakage=0.00%
15:55:31 | INFO    |   relatedMatch     train=  2,801 test=  6,289 (69%) queries=   812 intra-cluster leakage=0.00%
15:55:31 | INFO    |   related          train=471,647 test=762,046 (62%) queries=16,977 intra-cluster leakage=0.00%
15:55:31 | INFO    | Data: {'num_entities': 84182, 'num_relations': 13, 'triples': 131238, 'train_pairs': 14956, 'val_pairs': 4986, 'candidates': 50435, 'unlabeled_pool': 49353}
code/src/data.py:154: UserWarning: Sparse invariant checks are implicitly disabled. Memory errors (e.g. SEGFAULT) will occur when operating on a sparse tensor which violates the invariants, but checks incur performance overhead. To silence this warning, explicitly opt in or out. See `torch.sparse.check_sparse_tensor_invariants.__doc__` for guidance.  (Triggered internally at /__w/pytorch/pytorch/aten/src/ATen/Context.cpp:848.)
  adj1 = torch.sparse_coo_tensor(
15:55:38 | INFO    | Params: 25.80M
15:55:38 | INFO    | Run directory: experiments/alinet_sameAs_20260929-155529
15:55:38 | INFO    | AliNet | device=cuda:0 | {'num_entities': 84182, 'num_relations': 13, 'triples': 131238, 'train_pairs': 14956, 'val_pairs': 4986, 'candidates': 50435, 'unlabeled_pool': 49353} 2hop_edges=472231

AliNet:   0%|                                                              | 0/2400 [00:00<?, ?it/s]code/src/models/alinet.py:22: UserWarning: index_reduce() is in beta and the API may change at any time. (Triggered internally at /__w/pytorch/pytorch/aten/src/ATen/native/cuda/Indexing.cu:1512.)
  mx = scores.new_full((n,), float("-inf")).index_reduce_(0, index, scores, "amax", include_self=True)

AliNet:   0%|                                                    | 1/2400 [00:03<2:04:43,  3.12s/it]
AliNet:   0%|                                                      | 2/2400 [00:03<54:22,  1.36s/it]
AliNet:   0%|                                                      | 3/2400 [00:03<32:15,  1.24it/s]
AliNet:   0%|                                                      | 4/2400 [00:03<21:44,  1.84it/s]
AliNet:   0%|                                                      | 5/2400 [00:03<15:48,  2.52it/s]
AliNet:   0%|▏                                                     | 6/2400 [00:03<12:14,  3.26it/s]
AliNet:   0%|▏                                                     | 7/2400 [00:03<09:57,  4.00it/s]
AliNet:   0%|▏                                                     | 8/2400 [00:04<08:28,  4.70it/s]
AliNet:   0%|▏                                                     | 9/2400 [00:04<07:29,  5.32it/s]
AliNet:   0%|▏                                                    | 10/2400 [00:04<06:48,  5.85it/s]
AliNet:   0%|▏                                                    | 11/2400 [00:04<06:09,  6.47it/s]
AliNet:   0%|▎                                                    | 12/2400 [00:04<05:30,  7.23it/s]
AliNet:   1%|▎                                                    | 13/2400 [00:04<05:03,  7.87it/s]
AliNet:   1%|▎                                                    | 14/2400 [00:04<04:45,  8.35it/s]
AliNet:   1%|▎                                                    | 15/2400 [00:04<04:32,  8.75it/s]
AliNet:   1%|▎                                                    | 16/2400 [00:04<04:23,  9.05it/s]
AliNet:   1%|▍                                                    | 17/2400 [00:05<04:16,  9.29it/s]
AliNet:   1%|▍                                                    | 18/2400 [00:05<04:11,  9.46it/s]
AliNet:   1%|▍                                                    | 19/2400 [00:05<04:08,  9.57it/s]
AliNet:   1%|▍                                                    | 20/2400 [00:05<04:06,  9.65it/s]
AliNet:   1%|▍                                                    | 21/2400 [00:05<04:04,  9.72it/s]
AliNet:   1%|▍                                                    | 22/2400 [00:05<04:03,  9.78it/s]
AliNet:   1%|▌                                                    | 23/2400 [00:05<04:32,  8.73it/s]
AliNet:   1%|▌                                                    | 24/2400 [00:05<04:43,  8.39it/s]15:55:44 | INFO    | epoch   25/2400 | loss=0.3370 align=0.0300 rel=0.3070
15:55:45 | INFO    |            [filtered] MRR=0.2144 Hit@1=0.1598 Hit@5=0.2620 Hit@10=0.3002 MR=302.8 n=7096
15:55:45 | INFO    |            [multiref] MRR=0.7068 Hit@1=0.5953 Hit@5=0.8313 Hit@10=0.8840 MR=28.8 n=1500
15:55:45 | INFO    |            -> new best filtered MRR=0.2144 (saved model_best.pt)

AliNet:   1%|▌                                                    | 25/2400 [00:06<14:44,  2.69it/s]
AliNet:   1%|▌                                                    | 26/2400 [00:06<11:51,  3.34it/s]
AliNet:   1%|▌                                                    | 27/2400 [00:07<09:52,  4.01it/s]
AliNet:   1%|▌                                                    | 28/2400 [00:07<08:29,  4.66it/s]
AliNet:   1%|▋                                                    | 29/2400 [00:07<07:30,  5.27it/s]
AliNet:   1%|▋                                                    | 30/2400 [00:07<06:49,  5.79it/s]
AliNet:   1%|▋                                                    | 31/2400 [00:07<06:20,  6.22it/s]
AliNet:   1%|▋                                                    | 32/2400 [00:07<06:03,  6.51it/s]
AliNet:   1%|▋                                                    | 33/2400 [00:07<05:47,  6.82it/s]
AliNet:   1%|▊                                                    | 34/2400 [00:08<05:37,  7.00it/s]
AliNet:   1%|▊                                                    | 35/2400 [00:08<05:07,  7.69it/s]
AliNet:   2%|▊                                                    | 36/2400 [00:08<04:46,  8.24it/s]
AliNet:   2%|▊                                                    | 37/2400 [00:08<04:41,  8.41it/s]
AliNet:   2%|▊                                                    | 38/2400 [00:08<04:50,  8.12it/s]
AliNet:   2%|▊                                                    | 39/2400 [00:08<04:57,  7.92it/s]
AliNet:   2%|▉                                                    | 40/2400 [00:08<05:02,  7.81it/s]
AliNet:   2%|▉                                                    | 41/2400 [00:08<05:05,  7.72it/s]
AliNet:   2%|▉                                                    | 42/2400 [00:08<05:07,  7.66it/s]
AliNet:   2%|▉                                                    | 43/2400 [00:09<04:57,  7.91it/s]
AliNet:   2%|▉                                                    | 44/2400 [00:09<04:56,  7.94it/s]
AliNet:   2%|█                                                    | 46/2400 [00:09<04:30,  8.70it/s]
AliNet:   2%|█                                                    | 47/2400 [00:09<04:30,  8.69it/s]
AliNet:   2%|█                                                    | 48/2400 [00:09<04:22,  8.95it/s]
AliNet:   2%|█                                                    | 49/2400 [00:09<04:16,  9.18it/s]15:55:48 | INFO    | epoch   50/2400 | loss=0.1716 align=0.0205 rel=0.1511
15:55:49 | INFO    |            [filtered] MRR=0.2386 Hit@1=0.1802 Hit@5=0.2911 Hit@10=0.3347 MR=258.6 n=7096
15:55:49 | INFO    |            [multiref] MRR=0.7473 Hit@1=0.6493 Hit@5=0.8660 Hit@10=0.9073 MR=19.2 n=1500
15:55:49 | INFO    |            -> new best filtered MRR=0.2386 (saved model_best.pt)

AliNet:   2%|█                                                    | 50/2400 [00:10<13:08,  2.98it/s]
AliNet:   2%|█▏                                                   | 52/2400 [00:10<09:01,  4.34it/s]
AliNet:   2%|█▏                                                   | 53/2400 [00:10<08:04,  4.84it/s]
AliNet:   2%|█▏                                                   | 54/2400 [00:11<07:13,  5.41it/s]
AliNet:   2%|█▏                                                   | 55/2400 [00:11<06:41,  5.85it/s]
AliNet:   2%|█▏                                                   | 56/2400 [00:11<06:16,  6.23it/s]
AliNet:   2%|█▎                                                   | 57/2400 [00:11<05:57,  6.55it/s]
AliNet:   2%|█▎                                                   | 58/2400 [00:11<05:44,  6.81it/s]
AliNet:   2%|█▎                                                   | 59/2400 [00:11<05:34,  7.00it/s]
AliNet:   2%|█▎                                                   | 60/2400 [00:11<05:15,  7.43it/s]
AliNet:   3%|█▎                                                   | 61/2400 [00:11<04:52,  7.99it/s]
AliNet:   3%|█▎                                                   | 62/2400 [00:12<04:35,  8.47it/s]
AliNet:   3%|█▍                                                   | 63/2400 [00:12<04:31,  8.60it/s]
AliNet:   3%|█▍                                                   | 64/2400 [00:12<04:21,  8.94it/s]
AliNet:   3%|█▍                                                   | 65/2400 [00:12<04:13,  9.22it/s]
AliNet:   3%|█▍                                                   | 66/2400 [00:12<04:08,  9.39it/s]
AliNet:   3%|█▍                                                   | 67/2400 [00:12<04:26,  8.74it/s]
AliNet:   3%|█▌                                                   | 68/2400 [00:12<04:39,  8.34it/s]
AliNet:   3%|█▌                                                   | 69/2400 [00:12<04:48,  8.08it/s]
AliNet:   3%|█▌                                                   | 70/2400 [00:13<04:54,  7.91it/s]
AliNet:   3%|█▌                                                   | 71/2400 [00:13<04:58,  7.80it/s]
AliNet:   3%|█▌                                                   | 72/2400 [00:13<05:01,  7.72it/s]
AliNet:   3%|█▌                                                   | 73/2400 [00:13<05:03,  7.67it/s]
AliNet:   3%|█▋                                                   | 74/2400 [00:13<05:04,  7.63it/s]15:55:52 | INFO    | epoch   75/2400 | loss=0.1128 align=0.0145 rel=0.0984
15:55:53 | INFO    |            [filtered] MRR=0.2600 Hit@1=0.1984 Hit@5=0.3160 Hit@10=0.3698 MR=194.2 n=7096
15:55:53 | INFO    |            [multiref] MRR=0.7752 Hit@1=0.6807 Hit@5=0.8867 Hit@10=0.9247 MR=12.0 n=1500
15:55:53 | INFO    |            -> new best filtered MRR=0.2600 (saved model_best.pt)

AliNet:   3%|█▋                                                   | 75/2400 [00:14<14:12,  2.73it/s]
AliNet:   3%|█▋                                                   | 77/2400 [00:14<09:15,  4.18it/s]
AliNet:   3%|█▋                                                   | 78/2400 [00:14<08:00,  4.83it/s]
AliNet:   3%|█▋                                                   | 79/2400 [00:14<06:56,  5.57it/s]
AliNet:   3%|█▊                                                   | 80/2400 [00:14<06:08,  6.30it/s]
AliNet:   3%|█▊                                                   | 81/2400 [00:15<05:30,  7.01it/s]
AliNet:   3%|█▊                                                   | 82/2400 [00:15<05:24,  7.15it/s]
AliNet:   3%|█▊                                                   | 83/2400 [00:15<05:19,  7.26it/s]
AliNet:   4%|█▊                                                   | 84/2400 [00:15<05:15,  7.35it/s]
AliNet:   4%|█▉                                                   | 85/2400 [00:15<05:13,  7.39it/s]
AliNet:   4%|█▉                                                   | 86/2400 [00:15<05:10,  7.45it/s]
AliNet:   4%|█▉                                                   | 87/2400 [00:15<05:09,  7.47it/s]
AliNet:   4%|█▉                                                   | 88/2400 [00:16<05:08,  7.49it/s]
AliNet:   4%|█▉                                                   | 89/2400 [00:16<05:08,  7.50it/s]
AliNet:   4%|█▉                                                   | 90/2400 [00:16<05:07,  7.51it/s]
AliNet:   4%|██                                                   | 91/2400 [00:16<05:07,  7.51it/s]
AliNet:   4%|██                                                   | 92/2400 [00:16<04:53,  7.87it/s]
AliNet:   4%|██                                                   | 93/2400 [00:16<04:40,  8.22it/s]
AliNet:   4%|██                                                   | 94/2400 [00:16<04:25,  8.68it/s]
AliNet:   4%|██                                                   | 95/2400 [00:16<04:15,  9.00it/s]
AliNet:   4%|██                                                   | 96/2400 [00:16<04:28,  8.59it/s]
AliNet:   4%|██▏                                                  | 97/2400 [00:17<04:39,  8.24it/s]
AliNet:   4%|██▏                                                  | 98/2400 [00:17<04:47,  8.02it/s]
AliNet:   4%|██▏                                                  | 99/2400 [00:17<04:52,  7.86it/s]15:55:56 | INFO    | epoch  100/2400 | loss=0.0822 align=0.0116 rel=0.0706
15:55:56 | INFO    |            [filtered] MRR=0.2730 Hit@1=0.2063 Hit@5=0.3341 Hit@10=0.3849 MR=169.7 n=7096
15:55:56 | INFO    |            [multiref] MRR=0.7872 Hit@1=0.6880 Hit@5=0.9013 Hit@10=0.9387 MR=9.8 n=1500
15:55:57 | INFO    |            -> new best filtered MRR=0.2730 (saved model_best.pt)

AliNet:   4%|██▏                                                 | 100/2400 [00:18<13:59,  2.74it/s]
AliNet:   4%|██▏                                                 | 101/2400 [00:18<11:16,  3.40it/s]
AliNet:   4%|██▏                                                 | 102/2400 [00:18<09:32,  4.02it/s]
AliNet:   4%|██▏                                                 | 103/2400 [00:18<08:09,  4.69it/s]
AliNet:   4%|██▎                                                 | 104/2400 [00:18<07:11,  5.33it/s]
AliNet:   4%|██▎                                                 | 105/2400 [00:18<06:33,  5.84it/s]
AliNet:   4%|██▎                                                 | 106/2400 [00:19<06:06,  6.26it/s]
AliNet:   4%|██▎                                                 | 107/2400 [00:19<05:47,  6.59it/s]
AliNet:   4%|██▎                                                 | 108/2400 [00:19<05:27,  6.99it/s]
AliNet:   5%|██▎                                                 | 109/2400 [00:19<04:59,  7.65it/s]
AliNet:   5%|██▍                                                 | 110/2400 [00:19<04:44,  8.05it/s]
AliNet:   5%|██▍                                                 | 111/2400 [00:19<04:32,  8.41it/s]
AliNet:   5%|██▍                                                 | 112/2400 [00:19<04:38,  8.21it/s]
AliNet:   5%|██▍                                                 | 113/2400 [00:19<04:45,  8.00it/s]
AliNet:   5%|██▍                                                 | 114/2400 [00:20<04:50,  7.86it/s]
AliNet:   5%|██▍                                                 | 115/2400 [00:20<04:54,  7.76it/s]
AliNet:   5%|██▌                                                 | 116/2400 [00:20<04:50,  7.85it/s]
AliNet:   5%|██▌                                                 | 117/2400 [00:20<04:54,  7.76it/s]
AliNet:   5%|██▌                                                 | 118/2400 [00:20<04:56,  7.69it/s]
AliNet:   5%|██▌                                                 | 119/2400 [00:20<04:58,  7.64it/s]
AliNet:   5%|██▌                                                 | 120/2400 [00:20<04:59,  7.60it/s]
AliNet:   5%|██▌                                                 | 121/2400 [00:20<05:00,  7.58it/s]
AliNet:   5%|██▋                                                 | 122/2400 [00:21<04:43,  8.02it/s]
AliNet:   5%|██▋                                                 | 124/2400 [00:21<03:39, 10.37it/s]15:56:00 | INFO    | epoch  125/2400 | loss=0.0640 align=0.0086 rel=0.0554
15:56:00 | INFO    |            [filtered] MRR=0.2914 Hit@1=0.2213 Hit@5=0.3550 Hit@10=0.4109 MR=144.1 n=7096
15:56:00 | INFO    |            [multiref] MRR=0.8051 Hit@1=0.7087 Hit@5=0.9180 Hit@10=0.9520 MR=8.0 n=1500
15:56:01 | INFO    |            -> new best filtered MRR=0.2914 (saved model_best.pt)

AliNet:   5%|██▋                                                 | 126/2400 [00:22<09:47,  3.87it/s]
AliNet:   5%|██▊                                                 | 127/2400 [00:22<08:44,  4.33it/s]
AliNet:   5%|██▊                                                 | 128/2400 [00:22<07:50,  4.83it/s]
AliNet:   5%|██▊                                                 | 129/2400 [00:22<07:07,  5.31it/s]
AliNet:   5%|██▊                                                 | 130/2400 [00:22<06:33,  5.77it/s]
AliNet:   5%|██▊                                                 | 131/2400 [00:22<06:08,  6.16it/s]
AliNet:   6%|██▊                                                 | 132/2400 [00:23<05:49,  6.49it/s]
AliNet:   6%|██▉                                                 | 133/2400 [00:23<05:35,  6.76it/s]
AliNet:   6%|██▉                                                 | 134/2400 [00:23<05:25,  6.97it/s]
AliNet:   6%|██▉                                                 | 135/2400 [00:23<05:17,  7.13it/s]
AliNet:   6%|██▉                                                 | 136/2400 [00:23<05:07,  7.37it/s]
AliNet:   6%|██▉                                                 | 137/2400 [00:23<04:44,  7.95it/s]
AliNet:   6%|██▉                                                 | 138/2400 [00:23<04:28,  8.42it/s]
AliNet:   6%|███                                                 | 139/2400 [00:23<04:27,  8.46it/s]
AliNet:   6%|███                                                 | 140/2400 [00:23<04:16,  8.80it/s]
AliNet:   6%|███                                                 | 141/2400 [00:24<04:08,  9.10it/s]
AliNet:   6%|███                                                 | 142/2400 [00:24<04:01,  9.35it/s]
AliNet:   6%|███                                                 | 143/2400 [00:24<04:18,  8.74it/s]
AliNet:   6%|███                                                 | 144/2400 [00:24<04:30,  8.34it/s]
AliNet:   6%|███▏                                                | 145/2400 [00:24<04:39,  8.08it/s]
AliNet:   6%|███▏                                                | 146/2400 [00:24<04:45,  7.91it/s]
AliNet:   6%|███▏                                                | 147/2400 [00:24<04:49,  7.79it/s]
AliNet:   6%|███▏                                                | 148/2400 [00:24<04:52,  7.71it/s]
AliNet:   6%|███▏                                                | 149/2400 [00:25<04:40,  8.03it/s]15:56:04 | INFO    | epoch  150/2400 | loss=0.0553 align=0.0072 rel=0.0481
15:56:04 | INFO    |            [filtered] MRR=0.3109 Hit@1=0.2359 Hit@5=0.3792 Hit@10=0.4405 MR=126.9 n=7096
15:56:04 | INFO    |            [multiref] MRR=0.8220 Hit@1=0.7320 Hit@5=0.9287 Hit@10=0.9613 MR=7.5 n=1500
15:56:04 | INFO    |            -> new best filtered MRR=0.3109 (saved model_best.pt)

AliNet:   6%|███▎                                                | 150/2400 [00:25<13:04,  2.87it/s]
AliNet:   6%|███▎                                                | 152/2400 [00:26<08:44,  4.28it/s]
AliNet:   6%|███▎                                                | 153/2400 [00:26<07:48,  4.80it/s]
AliNet:   6%|███▎                                                | 154/2400 [00:26<07:03,  5.30it/s]
AliNet:   6%|███▎                                                | 155/2400 [00:26<06:29,  5.76it/s]
AliNet:   6%|███▍                                                | 156/2400 [00:26<06:09,  6.08it/s]
AliNet:   7%|███▍                                                | 157/2400 [00:26<05:39,  6.61it/s]
AliNet:   7%|███▍                                                | 158/2400 [00:26<05:08,  7.27it/s]
AliNet:   7%|███▍                                                | 159/2400 [00:27<04:44,  7.88it/s]
AliNet:   7%|███▍                                                | 160/2400 [00:27<04:32,  8.22it/s]
AliNet:   7%|███▍                                                | 161/2400 [00:27<04:37,  8.08it/s]
AliNet:   7%|███▌                                                | 162/2400 [00:27<04:43,  7.90it/s]
AliNet:   7%|███▌                                                | 163/2400 [00:27<04:34,  8.16it/s]
AliNet:   7%|███▌                                                | 164/2400 [00:27<04:26,  8.40it/s]
AliNet:   7%|███▌                                                | 165/2400 [00:27<04:25,  8.41it/s]
AliNet:   7%|███▌                                                | 166/2400 [00:27<04:32,  8.20it/s]
AliNet:   7%|███▌                                                | 167/2400 [00:27<04:39,  7.98it/s]
AliNet:   7%|███▋                                                | 168/2400 [00:28<04:44,  7.84it/s]
AliNet:   7%|███▋                                                | 169/2400 [00:28<04:48,  7.74it/s]
AliNet:   7%|███▋                                                | 170/2400 [00:28<04:50,  7.67it/s]
AliNet:   7%|███▋                                                | 171/2400 [00:28<04:52,  7.63it/s]
AliNet:   7%|███▋                                                | 172/2400 [00:28<04:53,  7.60it/s]
AliNet:   7%|███▋                                                | 173/2400 [00:28<04:54,  7.57it/s]
AliNet:   7%|███▊                                                | 174/2400 [00:28<04:54,  7.56it/s]15:56:07 | INFO    | epoch  175/2400 | loss=0.0484 align=0.0056 rel=0.0428
15:56:08 | INFO    |            [filtered] MRR=0.3278 Hit@1=0.2487 Hit@5=0.4063 Hit@10=0.4701 MR=118.6 n=7096
15:56:08 | INFO    |            [multiref] MRR=0.8309 Hit@1=0.7433 Hit@5=0.9373 Hit@10=0.9607 MR=7.6 n=1500
15:56:09 | INFO    |            -> new best filtered MRR=0.3278 (saved model_best.pt)

AliNet:   7%|███▊                                                | 175/2400 [00:30<18:07,  2.05it/s]
AliNet:   7%|███▊                                                | 176/2400 [00:30<14:04,  2.63it/s]
AliNet:   7%|███▊                                                | 177/2400 [00:30<11:19,  3.27it/s]
AliNet:   7%|███▊                                                | 178/2400 [00:30<09:23,  3.94it/s]
AliNet:   7%|███▉                                                | 179/2400 [00:30<08:03,  4.60it/s]
AliNet:   8%|███▉                                                | 180/2400 [00:30<07:06,  5.20it/s]
AliNet:   8%|███▉                                                | 181/2400 [00:31<08:40,  4.27it/s]
AliNet:   8%|███▉                                                | 182/2400 [00:31<07:17,  5.07it/s]
AliNet:   8%|███▉                                                | 183/2400 [00:31<06:13,  5.93it/s]
AliNet:   8%|███▉                                                | 184/2400 [00:31<05:36,  6.58it/s]
AliNet:   8%|████                                                | 185/2400 [00:31<05:23,  6.84it/s]
AliNet:   8%|████                                                | 186/2400 [00:31<05:14,  7.03it/s]
AliNet:   8%|████                                                | 187/2400 [00:31<05:08,  7.17it/s]
AliNet:   8%|████                                                | 188/2400 [00:32<05:04,  7.27it/s]
AliNet:   8%|████                                                | 189/2400 [00:32<05:00,  7.35it/s]
AliNet:   8%|████                                                | 190/2400 [00:32<04:58,  7.40it/s]
AliNet:   8%|████▏                                               | 191/2400 [00:32<04:56,  7.44it/s]
AliNet:   8%|████▏                                               | 192/2400 [00:32<04:55,  7.46it/s]
AliNet:   8%|████▏                                               | 193/2400 [00:32<04:54,  7.48it/s]
AliNet:   8%|████▏                                               | 194/2400 [00:32<04:52,  7.55it/s]
AliNet:   8%|████▏                                               | 196/2400 [00:33<03:57,  9.26it/s]
AliNet:   8%|████▎                                               | 198/2400 [00:33<03:27, 10.64it/s]15:56:12 | INFO    | epoch  200/2400 | loss=0.0429 align=0.0051 rel=0.0378
15:56:12 | INFO    |            [filtered] MRR=0.3448 Hit@1=0.2631 Hit@5=0.4288 Hit@10=0.4896 MR=102.7 n=7096
15:56:12 | INFO    |            [multiref] MRR=0.8408 Hit@1=0.7567 Hit@5=0.9447 Hit@10=0.9647 MR=7.3 n=1500
15:56:13 | INFO    |            -> new best filtered MRR=0.3448 (saved model_best.pt)

AliNet:   8%|████▎                                               | 200/2400 [00:34<08:52,  4.13it/s]
AliNet:   8%|████▍                                               | 202/2400 [00:34<06:40,  5.49it/s]
AliNet:   8%|████▍                                               | 204/2400 [00:34<05:14,  6.99it/s]
AliNet:   9%|████▍                                               | 206/2400 [00:34<04:31,  8.09it/s]
AliNet:   9%|████▌                                               | 208/2400 [00:34<04:16,  8.55it/s]
AliNet:   9%|████▌                                               | 210/2400 [00:35<04:05,  8.91it/s]
AliNet:   9%|████▌                                               | 212/2400 [00:35<04:04,  8.94it/s]
AliNet:   9%|████▋                                               | 214/2400 [00:35<03:57,  9.22it/s]
AliNet:   9%|████▋                                               | 216/2400 [00:35<03:52,  9.39it/s]
AliNet:   9%|████▋                                               | 218/2400 [00:35<03:49,  9.51it/s]
AliNet:   9%|████▋                                               | 219/2400 [00:35<03:47,  9.57it/s]
AliNet:   9%|████▊                                               | 220/2400 [00:36<03:50,  9.44it/s]
AliNet:   9%|████▊                                               | 221/2400 [00:36<03:48,  9.56it/s]
AliNet:   9%|████▊                                               | 222/2400 [00:36<03:45,  9.65it/s]
AliNet:   9%|████▊                                               | 223/2400 [00:36<03:44,  9.71it/s]
AliNet:   9%|████▊                                               | 224/2400 [00:36<03:43,  9.75it/s]15:56:15 | INFO    | epoch  225/2400 | loss=0.0404 align=0.0046 rel=0.0358
15:56:15 | INFO    |            [filtered] MRR=0.3556 Hit@1=0.2702 Hit@5=0.4449 Hit@10=0.5134 MR=85.9 n=7096
15:56:15 | INFO    |            [multiref] MRR=0.8483 Hit@1=0.7673 Hit@5=0.9487 Hit@10=0.9660 MR=6.6 n=1500
15:56:16 | INFO    |            -> new best filtered MRR=0.3556 (saved model_best.pt)

AliNet:   9%|████▉                                               | 225/2400 [00:37<11:49,  3.07it/s]
AliNet:   9%|████▉                                               | 227/2400 [00:37<08:11,  4.42it/s]
AliNet:  10%|████▉                                               | 228/2400 [00:37<07:06,  5.09it/s]
AliNet:  10%|████▉                                               | 229/2400 [00:37<06:13,  5.81it/s]
AliNet:  10%|████▉                                               | 230/2400 [00:37<05:32,  6.53it/s]
AliNet:  10%|█████                                               | 231/2400 [00:37<05:00,  7.21it/s]
AliNet:  10%|█████                                               | 232/2400 [00:38<04:37,  7.80it/s]
AliNet:  10%|█████                                               | 233/2400 [00:38<04:20,  8.31it/s]
AliNet:  10%|█████                                               | 234/2400 [00:38<04:08,  8.71it/s]
AliNet:  10%|█████                                               | 235/2400 [00:38<03:59,  9.02it/s]
AliNet:  10%|█████                                               | 236/2400 [00:38<03:53,  9.26it/s]
AliNet:  10%|█████▏                                              | 237/2400 [00:38<03:49,  9.43it/s]
AliNet:  10%|█████▏                                              | 238/2400 [00:38<03:46,  9.56it/s]
AliNet:  10%|█████▏                                              | 239/2400 [00:38<03:43,  9.65it/s]
AliNet:  10%|█████▏                                              | 240/2400 [00:38<03:42,  9.72it/s]
AliNet:  10%|█████▏                                              | 241/2400 [00:38<03:40,  9.77it/s]
AliNet:  10%|█████▎                                              | 243/2400 [00:39<03:18, 10.86it/s]
AliNet:  10%|█████▎                                              | 245/2400 [00:39<02:52, 12.47it/s]
AliNet:  10%|█████▎                                              | 247/2400 [00:39<02:38, 13.59it/s]
AliNet:  10%|█████▍                                              | 249/2400 [00:39<02:47, 12.83it/s]15:56:18 | INFO    | epoch  250/2400 | loss=0.0374 align=0.0039 rel=0.0335
15:56:19 | INFO    |            [filtered] MRR=0.3685 Hit@1=0.2789 Hit@5=0.4586 Hit@10=0.5351 MR=70.2 n=7096
15:56:19 | INFO    |            [multiref] MRR=0.8544 Hit@1=0.7767 Hit@5=0.9480 Hit@10=0.9673 MR=5.4 n=1500
15:56:19 | INFO    |            -> new best filtered MRR=0.3685 (saved model_best.pt)

AliNet:  10%|█████▍                                              | 251/2400 [00:40<07:23,  4.85it/s]
AliNet:  11%|█████▍                                              | 253/2400 [00:40<05:44,  6.24it/s]
AliNet:  11%|█████▌                                              | 255/2400 [00:40<04:39,  7.68it/s]
AliNet:  11%|█████▌                                              | 257/2400 [00:40<04:18,  8.30it/s]
AliNet:  11%|█████▌                                              | 259/2400 [00:41<04:05,  8.73it/s]
AliNet:  11%|█████▋                                              | 261/2400 [00:41<04:00,  8.90it/s]
AliNet:  11%|█████▋                                              | 263/2400 [00:41<03:52,  9.18it/s]
AliNet:  11%|█████▋                                              | 265/2400 [00:41<03:47,  9.37it/s]
AliNet:  11%|█████▊                                              | 267/2400 [00:41<03:43,  9.52it/s]
AliNet:  11%|█████▊                                              | 269/2400 [00:42<03:41,  9.62it/s]
AliNet:  11%|█████▊                                              | 271/2400 [00:42<03:39,  9.70it/s]
AliNet:  11%|█████▉                                              | 273/2400 [00:42<03:38,  9.75it/s]
AliNet:  11%|█████▉                                              | 274/2400 [00:42<03:37,  9.77it/s]15:56:21 | INFO    | epoch  275/2400 | loss=0.0348 align=0.0036 rel=0.0312
15:56:22 | INFO    |            [filtered] MRR=0.3829 Hit@1=0.2879 Hit@5=0.4807 Hit@10=0.5624 MR=60.4 n=7096
15:56:22 | INFO    |            [multiref] MRR=0.8542 Hit@1=0.7720 Hit@5=0.9547 Hit@10=0.9700 MR=4.4 n=1500
15:56:22 | INFO    |            -> new best filtered MRR=0.3829 (saved model_best.pt)

AliNet:  11%|█████▉                                              | 275/2400 [00:43<09:16,  3.82it/s]
AliNet:  12%|██████                                              | 277/2400 [00:43<07:08,  4.95it/s]
AliNet:  12%|██████                                              | 278/2400 [00:43<06:24,  5.52it/s]
AliNet:  12%|██████                                              | 279/2400 [00:43<05:45,  6.14it/s]
AliNet:  12%|██████                                              | 280/2400 [00:44<05:13,  6.77it/s]
AliNet:  12%|██████                                              | 281/2400 [00:44<04:47,  7.37it/s]
AliNet:  12%|██████                                              | 282/2400 [00:44<04:27,  7.92it/s]
AliNet:  12%|██████▏                                             | 283/2400 [00:44<04:12,  8.38it/s]
AliNet:  12%|██████▏                                             | 284/2400 [00:44<04:01,  8.76it/s]
AliNet:  12%|██████▏                                             | 285/2400 [00:44<03:53,  9.06it/s]
AliNet:  12%|██████▏                                             | 287/2400 [00:44<04:24,  7.99it/s]
AliNet:  12%|██████▎                                             | 289/2400 [00:45<04:03,  8.67it/s]
AliNet:  12%|██████▎                                             | 290/2400 [00:45<03:56,  8.90it/s]
AliNet:  12%|██████▎                                             | 291/2400 [00:45<03:51,  9.13it/s]
AliNet:  12%|██████▎                                             | 292/2400 [00:45<03:47,  9.26it/s]
AliNet:  12%|██████▎                                             | 294/2400 [00:45<03:28, 10.10it/s]
AliNet:  12%|██████▍                                             | 296/2400 [00:45<02:59, 11.73it/s]
AliNet:  12%|██████▍                                             | 298/2400 [00:45<02:42, 12.97it/s]15:56:24 | INFO    | epoch  300/2400 | loss=0.0339 align=0.0032 rel=0.0307
15:56:25 | INFO    |            [filtered] MRR=0.3959 Hit@1=0.3000 Hit@5=0.4992 Hit@10=0.5779 MR=55.9 n=7096
15:56:25 | INFO    |            [multiref] MRR=0.8619 Hit@1=0.7827 Hit@5=0.9587 Hit@10=0.9707 MR=4.3 n=1500
15:56:25 | INFO    |            -> new best filtered MRR=0.3959 (saved model_best.pt)

AliNet:  12%|██████▌                                             | 300/2400 [00:46<07:01,  4.98it/s]
AliNet:  13%|██████▌                                             | 302/2400 [00:46<05:47,  6.04it/s]
AliNet:  13%|██████▌                                             | 304/2400 [00:47<05:04,  6.89it/s]
AliNet:  13%|██████▋                                             | 306/2400 [00:47<04:35,  7.60it/s]
AliNet:  13%|██████▋                                             | 308/2400 [00:47<04:15,  8.18it/s]
AliNet:  13%|██████▋                                             | 309/2400 [00:47<04:16,  8.14it/s]
AliNet:  13%|██████▋                                             | 311/2400 [00:47<04:00,  8.69it/s]
AliNet:  13%|██████▊                                             | 312/2400 [00:47<03:54,  8.90it/s]
AliNet:  13%|██████▊                                             | 313/2400 [00:48<03:49,  9.09it/s]
AliNet:  13%|██████▊                                             | 315/2400 [00:48<03:19, 10.43it/s]
AliNet:  13%|██████▊                                             | 317/2400 [00:48<02:54, 11.92it/s]
AliNet:  13%|██████▉                                             | 319/2400 [00:48<02:39, 13.01it/s]
AliNet:  13%|██████▉                                             | 321/2400 [00:48<02:54, 11.91it/s]
AliNet:  13%|██████▉                                             | 323/2400 [00:48<03:05, 11.19it/s]15:56:27 | INFO    | epoch  325/2400 | loss=0.0323 align=0.0031 rel=0.0292
15:56:28 | INFO    |            [filtered] MRR=0.4045 Hit@1=0.3086 Hit@5=0.5010 Hit@10=0.5844 MR=48.4 n=7096
15:56:28 | INFO    |            [multiref] MRR=0.8673 Hit@1=0.7933 Hit@5=0.9593 Hit@10=0.9740 MR=3.1 n=1500
15:56:28 | INFO    |            -> new best filtered MRR=0.4045 (saved model_best.pt)

AliNet:  14%|███████                                             | 325/2400 [00:49<07:19,  4.72it/s]
AliNet:  14%|███████                                             | 327/2400 [00:49<05:43,  6.04it/s]
AliNet:  14%|███████▏                                            | 329/2400 [00:50<04:50,  7.12it/s]
AliNet:  14%|███████▏                                            | 331/2400 [00:50<04:26,  7.76it/s]
AliNet:  14%|███████▏                                            | 333/2400 [00:50<04:09,  8.30it/s]
AliNet:  14%|███████▎                                            | 335/2400 [00:50<03:56,  8.72it/s]
AliNet:  14%|███████▎                                            | 337/2400 [00:50<03:48,  9.04it/s]
AliNet:  14%|███████▎                                            | 339/2400 [00:51<03:42,  9.27it/s]
AliNet:  14%|███████▍                                            | 341/2400 [00:51<03:37,  9.45it/s]
AliNet:  14%|███████▍                                            | 343/2400 [00:51<03:34,  9.57it/s]
AliNet:  14%|███████▍                                            | 344/2400 [00:51<03:33,  9.62it/s]
AliNet:  14%|███████▍                                            | 345/2400 [00:51<03:32,  9.67it/s]
AliNet:  14%|███████▍                                            | 346/2400 [00:51<03:31,  9.72it/s]
AliNet:  14%|███████▌                                            | 347/2400 [00:51<03:30,  9.76it/s]
AliNet:  14%|███████▌                                            | 348/2400 [00:51<03:29,  9.78it/s]
AliNet:  15%|███████▌                                            | 349/2400 [00:52<03:29,  9.80it/s]15:56:31 | INFO    | epoch  350/2400 | loss=0.0316 align=0.0031 rel=0.0284
15:56:31 | INFO    |            [filtered] MRR=0.4106 Hit@1=0.3136 Hit@5=0.5101 Hit@10=0.5978 MR=43.6 n=7096
15:56:31 | INFO    |            [multiref] MRR=0.8686 Hit@1=0.7947 Hit@5=0.9560 Hit@10=0.9747 MR=2.8 n=1500
15:56:31 | INFO    |            -> new best filtered MRR=0.4106 (saved model_best.pt)

AliNet:  15%|███████▌                                            | 350/2400 [00:52<10:54,  3.13it/s]
AliNet:  15%|███████▋                                            | 352/2400 [00:53<07:34,  4.51it/s]
AliNet:  15%|███████▋                                            | 353/2400 [00:53<06:35,  5.18it/s]
AliNet:  15%|███████▋                                            | 354/2400 [00:53<05:46,  5.90it/s]
AliNet:  15%|███████▋                                            | 355/2400 [00:53<05:09,  6.61it/s]
AliNet:  15%|███████▋                                            | 356/2400 [00:53<04:41,  7.27it/s]
AliNet:  15%|███████▋                                            | 357/2400 [00:53<04:19,  7.86it/s]
AliNet:  15%|███████▊                                            | 358/2400 [00:53<04:04,  8.35it/s]
AliNet:  15%|███████▊                                            | 359/2400 [00:53<03:53,  8.74it/s]
AliNet:  15%|███████▊                                            | 360/2400 [00:53<03:45,  9.05it/s]
AliNet:  15%|███████▊                                            | 361/2400 [00:54<03:39,  9.28it/s]
AliNet:  15%|███████▊                                            | 362/2400 [00:54<03:35,  9.45it/s]
AliNet:  15%|███████▊                                            | 363/2400 [00:54<03:32,  9.57it/s]
AliNet:  15%|███████▉                                            | 364/2400 [00:54<03:30,  9.66it/s]
AliNet:  15%|███████▉                                            | 365/2400 [00:54<03:29,  9.73it/s]
AliNet:  15%|███████▉                                            | 367/2400 [00:54<02:56, 11.55it/s]
AliNet:  15%|███████▉                                            | 369/2400 [00:54<02:35, 13.02it/s]
AliNet:  15%|████████                                            | 371/2400 [00:54<02:25, 13.90it/s]
AliNet:  16%|████████                                            | 373/2400 [00:55<02:46, 12.21it/s]15:56:34 | INFO    | epoch  375/2400 | loss=0.0310 align=0.0026 rel=0.0283
15:56:34 | INFO    |            [filtered] MRR=0.4256 Hit@1=0.3245 Hit@5=0.5323 Hit@10=0.6144 MR=38.5 n=7096
15:56:34 | INFO    |            [multiref] MRR=0.8718 Hit@1=0.7987 Hit@5=0.9593 Hit@10=0.9740 MR=2.5 n=1500
15:56:35 | INFO    |            -> new best filtered MRR=0.4256 (saved model_best.pt)

AliNet:  16%|████████▏                                           | 375/2400 [00:56<07:19,  4.60it/s]
AliNet:  16%|████████▏                                           | 377/2400 [00:56<05:39,  5.97it/s]
AliNet:  16%|████████▏                                           | 379/2400 [00:56<04:44,  7.10it/s]
AliNet:  16%|████████▎                                           | 381/2400 [00:56<04:19,  7.77it/s]
AliNet:  16%|████████▎                                           | 383/2400 [00:56<04:02,  8.31it/s]
AliNet:  16%|████████▎                                           | 385/2400 [00:56<03:50,  8.73it/s]
AliNet:  16%|████████▍                                           | 387/2400 [00:57<03:42,  9.05it/s]
AliNet:  16%|████████▍                                           | 389/2400 [00:57<04:05,  8.20it/s]
AliNet:  16%|████████▍                                           | 390/2400 [00:57<03:59,  8.40it/s]
AliNet:  16%|████████▍                                           | 391/2400 [00:57<03:51,  8.68it/s]
AliNet:  16%|████████▍                                           | 392/2400 [00:57<03:48,  8.80it/s]
AliNet:  16%|████████▌                                           | 393/2400 [00:57<03:44,  8.93it/s]
AliNet:  16%|████████▌                                           | 394/2400 [00:57<03:38,  9.18it/s]
AliNet:  16%|████████▌                                           | 395/2400 [00:58<03:34,  9.36it/s]
AliNet:  16%|████████▌                                           | 396/2400 [00:58<03:30,  9.50it/s]
AliNet:  17%|████████▌                                           | 397/2400 [00:58<03:28,  9.60it/s]
AliNet:  17%|████████▌                                           | 398/2400 [00:58<03:26,  9.67it/s]
AliNet:  17%|████████▋                                           | 399/2400 [00:58<03:25,  9.74it/s]15:56:37 | INFO    | epoch  400/2400 | loss=0.0294 align=0.0026 rel=0.0269
15:56:37 | INFO    |            [filtered] MRR=0.4416 Hit@1=0.3389 Hit@5=0.5524 Hit@10=0.6437 MR=31.9 n=7096
15:56:37 | INFO    |            [multiref] MRR=0.8758 Hit@1=0.8040 Hit@5=0.9620 Hit@10=0.9813 MR=2.2 n=1500
15:56:38 | INFO    |            -> new best filtered MRR=0.4416 (saved model_best.pt)

AliNet:  17%|████████▋                                           | 400/2400 [00:59<10:47,  3.09it/s]
AliNet:  17%|████████▋                                           | 402/2400 [00:59<07:22,  4.51it/s]
AliNet:  17%|████████▋                                           | 403/2400 [00:59<06:23,  5.21it/s]
AliNet:  17%|████████▊                                           | 404/2400 [00:59<05:36,  5.94it/s]
AliNet:  17%|████████▊                                           | 405/2400 [00:59<04:59,  6.66it/s]
AliNet:  17%|████████▊                                           | 406/2400 [00:59<04:32,  7.32it/s]
AliNet:  17%|████████▊                                           | 408/2400 [01:00<03:58,  8.35it/s]
AliNet:  17%|████████▊                                           | 409/2400 [01:00<03:49,  8.68it/s]
AliNet:  17%|████████▉                                           | 410/2400 [01:00<03:42,  8.96it/s]
AliNet:  17%|████████▉                                           | 411/2400 [01:00<03:36,  9.18it/s]
AliNet:  17%|████████▉                                           | 412/2400 [01:00<03:32,  9.37it/s]
AliNet:  17%|████████▉                                           | 413/2400 [01:00<03:29,  9.50it/s]
AliNet:  17%|████████▉                                           | 414/2400 [01:00<03:26,  9.61it/s]
AliNet:  17%|████████▉                                           | 415/2400 [01:00<04:03,  8.16it/s]
AliNet:  17%|█████████                                           | 417/2400 [01:01<03:43,  8.89it/s]
AliNet:  17%|█████████                                           | 419/2400 [01:01<03:09, 10.43it/s]
AliNet:  18%|█████████                                           | 421/2400 [01:01<02:45, 11.95it/s]
AliNet:  18%|█████████▏                                          | 423/2400 [01:01<02:30, 13.12it/s]15:56:40 | INFO    | epoch  425/2400 | loss=0.0272 align=0.0024 rel=0.0248
15:56:41 | INFO    |            [filtered] MRR=0.4480 Hit@1=0.3398 Hit@5=0.5616 Hit@10=0.6584 MR=28.1 n=7096
15:56:41 | INFO    |            [multiref] MRR=0.8791 Hit@1=0.8053 Hit@5=0.9653 Hit@10=0.9820 MR=1.9 n=1500
15:56:41 | INFO    |            -> new best filtered MRR=0.4480 (saved model_best.pt)

AliNet:  18%|█████████▏                                          | 425/2400 [01:02<06:54,  4.77it/s]
AliNet:  18%|█████████▎                                          | 427/2400 [01:02<05:20,  6.15it/s]
AliNet:  18%|█████████▎                                          | 429/2400 [01:02<04:32,  7.24it/s]
AliNet:  18%|█████████▎                                          | 431/2400 [01:02<04:09,  7.89it/s]
AliNet:  18%|█████████▍                                          | 433/2400 [01:03<03:54,  8.41it/s]
AliNet:  18%|█████████▍                                          | 435/2400 [01:03<03:43,  8.80it/s]
AliNet:  18%|█████████▍                                          | 437/2400 [01:03<03:35,  9.10it/s]
AliNet:  18%|█████████▌                                          | 439/2400 [01:03<03:30,  9.32it/s]
AliNet:  18%|█████████▌                                          | 441/2400 [01:03<03:26,  9.48it/s]
AliNet:  18%|█████████▌                                          | 443/2400 [01:04<03:23,  9.59it/s]
AliNet:  19%|█████████▋                                          | 445/2400 [01:04<03:22,  9.67it/s]
AliNet:  19%|█████████▋                                          | 446/2400 [01:04<03:21,  9.71it/s]
AliNet:  19%|█████████▋                                          | 447/2400 [01:04<03:20,  9.74it/s]
AliNet:  19%|█████████▋                                          | 448/2400 [01:04<03:19,  9.77it/s]
AliNet:  19%|█████████▋                                          | 449/2400 [01:04<03:19,  9.79it/s]15:56:43 | INFO    | epoch  450/2400 | loss=0.0273 align=0.0023 rel=0.0250
15:56:44 | INFO    |            [filtered] MRR=0.4629 Hit@1=0.3523 Hit@5=0.5848 Hit@10=0.6755 MR=24.3 n=7096
15:56:44 | INFO    |            [multiref] MRR=0.8815 Hit@1=0.8107 Hit@5=0.9687 Hit@10=0.9807 MR=1.9 n=1500
15:56:44 | INFO    |            -> new best filtered MRR=0.4629 (saved model_best.pt)

AliNet:  19%|█████████▊                                          | 450/2400 [01:05<09:59,  3.25it/s]
AliNet:  19%|█████████▊                                          | 451/2400 [01:05<08:10,  3.97it/s]
AliNet:  19%|█████████▊                                          | 452/2400 [01:05<06:48,  4.76it/s]
AliNet:  19%|█████████▊                                          | 453/2400 [01:06<05:48,  5.58it/s]
AliNet:  19%|█████████▊                                          | 454/2400 [01:06<05:04,  6.38it/s]
AliNet:  19%|█████████▊                                          | 455/2400 [01:06<04:33,  7.11it/s]
AliNet:  19%|█████████▉                                          | 456/2400 [01:06<04:10,  7.75it/s]
AliNet:  19%|█████████▉                                          | 457/2400 [01:06<03:54,  8.27it/s]
AliNet:  19%|█████████▉                                          | 458/2400 [01:06<03:43,  8.70it/s]
AliNet:  19%|█████████▉                                          | 459/2400 [01:06<03:35,  9.02it/s]
AliNet:  19%|█████████▉                                          | 460/2400 [01:06<03:29,  9.26it/s]
AliNet:  19%|█████████▉                                          | 461/2400 [01:06<03:25,  9.43it/s]
AliNet:  19%|██████████                                          | 462/2400 [01:06<03:22,  9.56it/s]
AliNet:  19%|██████████                                          | 463/2400 [01:07<03:20,  9.65it/s]
AliNet:  19%|██████████                                          | 464/2400 [01:07<03:19,  9.71it/s]
AliNet:  19%|██████████                                          | 466/2400 [01:07<02:58, 10.86it/s]
AliNet:  20%|██████████▏                                         | 468/2400 [01:07<02:35, 12.40it/s]
AliNet:  20%|██████████▏                                         | 470/2400 [01:07<02:29, 12.87it/s]
AliNet:  20%|██████████▏                                         | 472/2400 [01:07<02:43, 11.76it/s]
AliNet:  20%|██████████▎                                         | 474/2400 [01:07<02:53, 11.08it/s]15:56:47 | INFO    | epoch  475/2400 | loss=0.0265 align=0.0024 rel=0.0241
15:56:47 | INFO    |            [filtered] MRR=0.4612 Hit@1=0.3499 Hit@5=0.5789 Hit@10=0.6773 MR=22.4 n=7096
15:56:47 | INFO    |            [multiref] MRR=0.8842 Hit@1=0.8147 Hit@5=0.9713 Hit@10=0.9860 MR=1.8 n=1500

AliNet:  20%|██████████▎                                         | 476/2400 [01:08<05:44,  5.59it/s]
AliNet:  20%|██████████▎                                         | 478/2400 [01:08<04:35,  6.98it/s]
AliNet:  20%|██████████▍                                         | 480/2400 [01:08<03:46,  8.47it/s]
AliNet:  20%|██████████▍                                         | 482/2400 [01:09<03:31,  9.09it/s]
AliNet:  20%|██████████▍                                         | 484/2400 [01:09<03:25,  9.31it/s]
AliNet:  20%|██████████▌                                         | 486/2400 [01:09<03:21,  9.48it/s]
AliNet:  20%|██████████▌                                         | 488/2400 [01:09<03:19,  9.60it/s]
AliNet:  20%|██████████▌                                         | 490/2400 [01:09<03:17,  9.68it/s]
AliNet:  20%|██████████▋                                         | 492/2400 [01:10<03:15,  9.74it/s]
AliNet:  21%|██████████▋                                         | 494/2400 [01:10<03:14,  9.78it/s]
AliNet:  21%|██████████▋                                         | 496/2400 [01:10<03:14,  9.81it/s]
AliNet:  21%|██████████▊                                         | 498/2400 [01:10<03:13,  9.83it/s]
AliNet:  21%|██████████▊                                         | 499/2400 [01:10<03:13,  9.84it/s]15:56:49 | INFO    | epoch  500/2400 | loss=0.0252 align=0.0023 rel=0.0229
15:56:50 | INFO    |            [filtered] MRR=0.4657 Hit@1=0.3523 Hit@5=0.5858 Hit@10=0.6853 MR=20.4 n=7096
15:56:50 | INFO    |            [multiref] MRR=0.8825 Hit@1=0.8127 Hit@5=0.9707 Hit@10=0.9880 MR=1.8 n=1500
15:56:50 | INFO    |            -> new best filtered MRR=0.4657 (saved model_best.pt)

AliNet:  21%|██████████▊                                         | 500/2400 [01:11<08:03,  3.93it/s]
AliNet:  21%|██████████▉                                         | 502/2400 [01:11<06:15,  5.05it/s]
AliNet:  21%|██████████▉                                         | 504/2400 [01:12<05:10,  6.10it/s]
AliNet:  21%|██████████▉                                         | 505/2400 [01:12<04:47,  6.60it/s]
AliNet:  21%|██████████▉                                         | 506/2400 [01:12<04:26,  7.11it/s]
AliNet:  21%|██████████▉                                         | 507/2400 [01:12<04:08,  7.62it/s]
AliNet:  21%|███████████                                         | 508/2400 [01:12<03:53,  8.09it/s]
AliNet:  21%|███████████                                         | 509/2400 [01:12<03:42,  8.50it/s]
AliNet:  21%|███████████                                         | 510/2400 [01:12<03:33,  8.83it/s]
AliNet:  21%|███████████                                         | 511/2400 [01:12<03:27,  9.11it/s]
AliNet:  21%|███████████                                         | 512/2400 [01:12<03:22,  9.32it/s]
AliNet:  21%|███████████                                         | 513/2400 [01:13<03:19,  9.46it/s]
AliNet:  21%|███████████▏                                        | 514/2400 [01:13<03:16,  9.58it/s]
AliNet:  21%|███████████▏                                        | 515/2400 [01:13<03:14,  9.67it/s]
AliNet:  22%|███████████▏                                        | 516/2400 [01:13<03:13,  9.73it/s]
AliNet:  22%|███████████▏                                        | 517/2400 [01:13<03:12,  9.77it/s]
AliNet:  22%|███████████▏                                        | 518/2400 [01:13<03:12,  9.80it/s]
AliNet:  22%|███████████▏                                        | 519/2400 [01:13<03:11,  9.82it/s]
AliNet:  22%|███████████▎                                        | 521/2400 [01:13<02:43, 11.46it/s]
AliNet:  22%|███████████▎                                        | 523/2400 [01:13<02:24, 12.95it/s]15:56:52 | INFO    | epoch  525/2400 | loss=0.0246 align=0.0021 rel=0.0225
15:56:53 | INFO    |            [filtered] MRR=0.4773 Hit@1=0.3630 Hit@5=0.6036 Hit@10=0.7010 MR=17.6 n=7096
15:56:53 | INFO    |            [multiref] MRR=0.8886 Hit@1=0.8227 Hit@5=0.9733 Hit@10=0.9867 MR=1.8 n=1500
15:56:53 | INFO    |            -> new best filtered MRR=0.4773 (saved model_best.pt)

AliNet:  22%|███████████▍                                        | 525/2400 [01:14<06:47,  4.60it/s]
AliNet:  22%|███████████▍                                        | 527/2400 [01:14<05:09,  6.05it/s]
AliNet:  22%|███████████▍                                        | 529/2400 [01:15<04:05,  7.61it/s]
AliNet:  22%|███████████▌                                        | 531/2400 [01:15<03:35,  8.69it/s]
AliNet:  22%|███████████▌                                        | 533/2400 [01:15<03:26,  9.03it/s]
AliNet:  22%|███████████▌                                        | 535/2400 [01:15<03:21,  9.27it/s]
AliNet:  22%|███████████▋                                        | 537/2400 [01:15<03:17,  9.45it/s]
AliNet:  22%|███████████▋                                        | 539/2400 [01:16<03:14,  9.57it/s]
AliNet:  23%|███████████▋                                        | 541/2400 [01:16<03:12,  9.66it/s]
AliNet:  23%|███████████▊                                        | 543/2400 [01:16<03:11,  9.72it/s]
AliNet:  23%|███████████▊                                        | 545/2400 [01:16<03:09,  9.76it/s]
AliNet:  23%|███████████▊                                        | 547/2400 [01:16<03:09,  9.80it/s]
AliNet:  23%|███████████▉                                        | 549/2400 [01:17<03:08,  9.82it/s]15:56:56 | INFO    | epoch  550/2400 | loss=0.0247 align=0.0021 rel=0.0227
15:56:56 | INFO    |            [filtered] MRR=0.4862 Hit@1=0.3718 Hit@5=0.6077 Hit@10=0.7103 MR=16.5 n=7096
15:56:56 | INFO    |            [multiref] MRR=0.8942 Hit@1=0.8287 Hit@5=0.9753 Hit@10=0.9847 MR=1.7 n=1500
15:56:56 | INFO    |            -> new best filtered MRR=0.4862 (saved model_best.pt)

AliNet:  23%|███████████▉                                        | 550/2400 [01:17<07:25,  4.16it/s]
AliNet:  23%|███████████▉                                        | 552/2400 [01:18<05:56,  5.19it/s]
AliNet:  23%|███████████▉                                        | 553/2400 [01:18<05:23,  5.71it/s]
AliNet:  23%|████████████                                        | 554/2400 [01:18<04:54,  6.26it/s]
AliNet:  23%|████████████                                        | 556/2400 [01:18<04:12,  7.31it/s]
AliNet:  23%|████████████                                        | 557/2400 [01:18<03:58,  7.74it/s]
AliNet:  23%|████████████                                        | 558/2400 [01:18<03:45,  8.15it/s]
AliNet:  23%|████████████                                        | 559/2400 [01:18<03:35,  8.53it/s]
AliNet:  23%|████████████▏                                       | 560/2400 [01:18<03:27,  8.85it/s]
AliNet:  23%|████████████▏                                       | 561/2400 [01:19<03:21,  9.10it/s]
AliNet:  23%|████████████▏                                       | 562/2400 [01:19<03:17,  9.30it/s]
AliNet:  23%|████████████▏                                       | 563/2400 [01:19<03:14,  9.46it/s]
AliNet:  24%|████████████▏                                       | 564/2400 [01:19<03:11,  9.57it/s]
AliNet:  24%|████████████▏                                       | 565/2400 [01:19<03:09,  9.66it/s]
AliNet:  24%|████████████▎                                       | 566/2400 [01:19<03:08,  9.72it/s]
AliNet:  24%|████████████▎                                       | 567/2400 [01:19<03:07,  9.77it/s]
AliNet:  24%|████████████▎                                       | 569/2400 [01:19<02:53, 10.56it/s]
AliNet:  24%|████████████▎                                       | 571/2400 [01:19<02:30, 12.17it/s]
AliNet:  24%|████████████▍                                       | 573/2400 [01:20<02:16, 13.35it/s]15:56:59 | INFO    | epoch  575/2400 | loss=0.0237 align=0.0019 rel=0.0217
15:56:59 | INFO    |            [filtered] MRR=0.4947 Hit@1=0.3825 Hit@5=0.6172 Hit@10=0.7110 MR=16.4 n=7096
15:56:59 | INFO    |            [multiref] MRR=0.8927 Hit@1=0.8260 Hit@5=0.9780 Hit@10=0.9853 MR=1.7 n=1500
15:56:59 | INFO    |            -> new best filtered MRR=0.4947 (saved model_best.pt)

AliNet:  24%|████████████▍                                       | 575/2400 [01:21<06:23,  4.76it/s]
AliNet:  24%|████████████▌                                       | 577/2400 [01:21<04:55,  6.17it/s]
AliNet:  24%|████████████▌                                       | 579/2400 [01:21<03:57,  7.68it/s]
AliNet:  24%|████████████▌                                       | 581/2400 [01:21<03:29,  8.70it/s]
AliNet:  24%|████████████▋                                       | 583/2400 [01:21<03:21,  9.03it/s]
AliNet:  24%|████████████▋                                       | 585/2400 [01:21<03:15,  9.27it/s]
AliNet:  24%|████████████▋                                       | 587/2400 [01:22<03:11,  9.45it/s]
AliNet:  25%|████████████▊                                       | 589/2400 [01:22<03:09,  9.57it/s]
AliNet:  25%|████████████▊                                       | 591/2400 [01:22<03:07,  9.66it/s]
AliNet:  25%|████████████▊                                       | 593/2400 [01:22<03:05,  9.73it/s]
AliNet:  25%|████████████▉                                       | 595/2400 [01:22<03:04,  9.77it/s]
AliNet:  25%|████████████▉                                       | 597/2400 [01:23<03:03,  9.80it/s]
AliNet:  25%|████████████▉                                       | 599/2400 [01:23<03:03,  9.82it/s]15:57:02 | INFO    | epoch  600/2400 | loss=0.0231 align=0.0022 rel=0.0210
15:57:02 | INFO    |            [filtered] MRR=0.4953 Hit@1=0.3791 Hit@5=0.6196 Hit@10=0.7205 MR=15.8 n=7096
15:57:02 | INFO    |            [multiref] MRR=0.8968 Hit@1=0.8320 Hit@5=0.9767 Hit@10=0.9853 MR=1.7 n=1500
15:57:03 | INFO    |            -> new best filtered MRR=0.4953 (saved model_best.pt)

AliNet:  25%|█████████████                                       | 600/2400 [01:24<07:10,  4.18it/s]
AliNet:  25%|█████████████                                       | 602/2400 [01:24<05:45,  5.20it/s]
AliNet:  25%|█████████████                                       | 603/2400 [01:24<05:14,  5.72it/s]
AliNet:  25%|█████████████                                       | 604/2400 [01:24<04:45,  6.29it/s]
AliNet:  25%|█████████████                                       | 605/2400 [01:24<04:20,  6.88it/s]
AliNet:  25%|█████████████▏                                      | 606/2400 [01:24<04:00,  7.45it/s]
AliNet:  25%|█████████████▏                                      | 607/2400 [01:24<03:45,  7.97it/s]
AliNet:  25%|█████████████▏                                      | 608/2400 [01:24<03:33,  8.40it/s]
AliNet:  25%|█████████████▏                                      | 609/2400 [01:25<03:24,  8.76it/s]
AliNet:  25%|█████████████▏                                      | 610/2400 [01:25<03:17,  9.05it/s]
AliNet:  25%|█████████████▏                                      | 611/2400 [01:25<03:12,  9.28it/s]
AliNet:  26%|█████████████▎                                      | 612/2400 [01:25<03:09,  9.43it/s]
AliNet:  26%|█████████████▎                                      | 613/2400 [01:25<03:07,  9.55it/s]
AliNet:  26%|█████████████▎                                      | 614/2400 [01:25<03:05,  9.64it/s]
AliNet:  26%|█████████████▎                                      | 615/2400 [01:25<03:03,  9.70it/s]
AliNet:  26%|█████████████▎                                      | 616/2400 [01:25<03:02,  9.76it/s]
AliNet:  26%|█████████████▍                                      | 618/2400 [01:25<02:47, 10.61it/s]
AliNet:  26%|█████████████▍                                      | 620/2400 [01:26<02:25, 12.21it/s]
AliNet:  26%|█████████████▍                                      | 622/2400 [01:26<02:14, 13.17it/s]
AliNet:  26%|█████████████▌                                      | 624/2400 [01:26<02:22, 12.45it/s]15:57:05 | INFO    | epoch  625/2400 | loss=0.0232 align=0.0019 rel=0.0213
15:57:05 | INFO    |            [filtered] MRR=0.5092 Hit@1=0.3904 Hit@5=0.6425 Hit@10=0.7451 MR=14.2 n=7096
15:57:05 | INFO    |            [multiref] MRR=0.8991 Hit@1=0.8360 Hit@5=0.9767 Hit@10=0.9867 MR=1.7 n=1500
15:57:06 | INFO    |            -> new best filtered MRR=0.5092 (saved model_best.pt)

AliNet:  26%|█████████████▌                                      | 626/2400 [01:27<06:14,  4.74it/s]
AliNet:  26%|█████████████▌                                      | 628/2400 [01:27<04:49,  6.12it/s]
AliNet:  26%|█████████████▋                                      | 630/2400 [01:27<04:14,  6.95it/s]
AliNet:  26%|█████████████▋                                      | 632/2400 [01:27<03:51,  7.65it/s]
AliNet:  26%|█████████████▋                                      | 634/2400 [01:28<03:34,  8.22it/s]
AliNet:  26%|█████████████▊                                      | 636/2400 [01:28<03:23,  8.66it/s]
AliNet:  27%|█████████████▊                                      | 638/2400 [01:28<03:15,  9.00it/s]
AliNet:  27%|█████████████▊                                      | 640/2400 [01:28<03:10,  9.24it/s]
AliNet:  27%|█████████████▉                                      | 642/2400 [01:28<03:06,  9.43it/s]
AliNet:  27%|█████████████▉                                      | 644/2400 [01:29<03:03,  9.56it/s]
AliNet:  27%|█████████████▉                                      | 645/2400 [01:29<03:02,  9.61it/s]
AliNet:  27%|█████████████▉                                      | 646/2400 [01:29<03:01,  9.66it/s]
AliNet:  27%|██████████████                                      | 647/2400 [01:29<03:00,  9.71it/s]
AliNet:  27%|██████████████                                      | 648/2400 [01:29<02:59,  9.75it/s]
AliNet:  27%|██████████████                                      | 649/2400 [01:29<02:58,  9.79it/s]15:57:08 | INFO    | epoch  650/2400 | loss=0.0221 align=0.0018 rel=0.0203
15:57:09 | INFO    |            [filtered] MRR=0.5229 Hit@1=0.4056 Hit@5=0.6536 Hit@10=0.7521 MR=13.9 n=7096
15:57:09 | INFO    |            [multiref] MRR=0.9052 Hit@1=0.8467 Hit@5=0.9760 Hit@10=0.9873 MR=1.7 n=1500
15:57:09 | INFO    |            -> new best filtered MRR=0.5229 (saved model_best.pt)

AliNet:  27%|██████████████                                      | 650/2400 [01:30<09:09,  3.19it/s]
AliNet:  27%|██████████████                                      | 651/2400 [01:30<07:25,  3.93it/s]
AliNet:  27%|██████████████▏                                     | 652/2400 [01:30<06:09,  4.74it/s]
AliNet:  27%|██████████████▏                                     | 653/2400 [01:30<05:13,  5.57it/s]
AliNet:  27%|██████████████▏                                     | 654/2400 [01:30<04:33,  6.38it/s]
AliNet:  27%|██████████████▏                                     | 655/2400 [01:30<04:04,  7.13it/s]
AliNet:  27%|██████████████▏                                     | 656/2400 [01:31<03:44,  7.76it/s]
AliNet:  27%|██████████████▏                                     | 657/2400 [01:31<03:30,  8.29it/s]
AliNet:  27%|██████████████▎                                     | 658/2400 [01:31<03:20,  8.71it/s]
AliNet:  27%|██████████████▎                                     | 659/2400 [01:31<03:12,  9.03it/s]
AliNet:  28%|██████████████▎                                     | 660/2400 [01:31<03:07,  9.27it/s]
AliNet:  28%|██████████████▎                                     | 661/2400 [01:31<03:04,  9.44it/s]
AliNet:  28%|██████████████▎                                     | 662/2400 [01:31<03:01,  9.57it/s]
AliNet:  28%|██████████████▎                                     | 663/2400 [01:31<02:59,  9.66it/s]
AliNet:  28%|██████████████▍                                     | 664/2400 [01:31<02:58,  9.73it/s]
AliNet:  28%|██████████████▍                                     | 665/2400 [01:31<02:57,  9.77it/s]
AliNet:  28%|██████████████▍                                     | 667/2400 [01:32<02:34, 11.21it/s]
AliNet:  28%|██████████████▍                                     | 669/2400 [01:32<02:15, 12.74it/s]
AliNet:  28%|██████████████▌                                     | 671/2400 [01:32<02:07, 13.61it/s]
AliNet:  28%|██████████████▌                                     | 673/2400 [01:32<02:21, 12.18it/s]15:57:11 | INFO    | epoch  675/2400 | loss=0.0227 align=0.0019 rel=0.0208
15:57:12 | INFO    |            [filtered] MRR=0.5218 Hit@1=0.4050 Hit@5=0.6502 Hit@10=0.7513 MR=13.6 n=7096
15:57:12 | INFO    |            [multiref] MRR=0.8997 Hit@1=0.8380 Hit@5=0.9760 Hit@10=0.9880 MR=1.7 n=1500

AliNet:  28%|██████████████▋                                     | 675/2400 [01:33<05:12,  5.52it/s]
AliNet:  28%|██████████████▋                                     | 677/2400 [01:33<04:18,  6.66it/s]
AliNet:  28%|██████████████▋                                     | 679/2400 [01:33<03:31,  8.14it/s]
AliNet:  28%|██████████████▊                                     | 681/2400 [01:33<03:05,  9.25it/s]
AliNet:  28%|██████████████▊                                     | 683/2400 [01:33<03:01,  9.47it/s]
AliNet:  29%|██████████████▊                                     | 685/2400 [01:34<02:58,  9.59it/s]
AliNet:  29%|██████████████▉                                     | 687/2400 [01:34<02:57,  9.68it/s]
AliNet:  29%|██████████████▉                                     | 689/2400 [01:34<02:55,  9.73it/s]
AliNet:  29%|██████████████▉                                     | 691/2400 [01:34<02:54,  9.78it/s]
AliNet:  29%|███████████████                                     | 693/2400 [01:35<02:54,  9.81it/s]
AliNet:  29%|███████████████                                     | 695/2400 [01:35<02:53,  9.83it/s]
AliNet:  29%|███████████████                                     | 697/2400 [01:35<02:53,  9.84it/s]
AliNet:  29%|███████████████▏                                    | 699/2400 [01:35<02:52,  9.85it/s]15:57:14 | INFO    | epoch  700/2400 | loss=0.0222 align=0.0017 rel=0.0205
15:57:15 | INFO    |            [filtered] MRR=0.5288 Hit@1=0.4123 Hit@5=0.6674 Hit@10=0.7654 MR=12.4 n=7096
15:57:15 | INFO    |            [multiref] MRR=0.9007 Hit@1=0.8413 Hit@5=0.9767 Hit@10=0.9880 MR=1.6 n=1500
15:57:15 | INFO    |            -> new best filtered MRR=0.5288 (saved model_best.pt)

AliNet:  29%|███████████████▏                                    | 700/2400 [01:36<06:47,  4.18it/s]
AliNet:  29%|███████████████▏                                    | 702/2400 [01:36<05:26,  5.20it/s]
AliNet:  29%|███████████████▏                                    | 703/2400 [01:36<04:56,  5.72it/s]
AliNet:  29%|███████████████▎                                    | 704/2400 [01:36<04:29,  6.30it/s]
AliNet:  29%|███████████████▎                                    | 705/2400 [01:36<04:06,  6.89it/s]
AliNet:  29%|███████████████▎                                    | 706/2400 [01:37<03:47,  7.46it/s]
AliNet:  29%|███████████████▎                                    | 707/2400 [01:37<03:32,  7.97it/s]
AliNet:  30%|███████████████▎                                    | 708/2400 [01:37<03:20,  8.42it/s]
AliNet:  30%|███████████████▎                                    | 709/2400 [01:37<03:12,  8.78it/s]
AliNet:  30%|███████████████▍                                    | 710/2400 [01:37<03:06,  9.07it/s]
AliNet:  30%|███████████████▍                                    | 711/2400 [01:37<03:01,  9.29it/s]
AliNet:  30%|███████████████▍                                    | 712/2400 [01:37<02:58,  9.46it/s]
AliNet:  30%|███████████████▍                                    | 713/2400 [01:37<02:56,  9.58it/s]
AliNet:  30%|███████████████▍                                    | 714/2400 [01:37<02:54,  9.66it/s]
AliNet:  30%|███████████████▍                                    | 715/2400 [01:38<02:53,  9.73it/s]
AliNet:  30%|███████████████▌                                    | 716/2400 [01:38<02:52,  9.77it/s]
AliNet:  30%|███████████████▌                                    | 717/2400 [01:38<02:51,  9.80it/s]
AliNet:  30%|███████████████▌                                    | 718/2400 [01:38<02:51,  9.82it/s]
AliNet:  30%|███████████████▌                                    | 720/2400 [01:38<02:26, 11.47it/s]
AliNet:  30%|███████████████▋                                    | 722/2400 [01:38<02:09, 12.96it/s]
AliNet:  30%|███████████████▋                                    | 724/2400 [01:38<02:00, 13.86it/s]15:57:17 | INFO    | epoch  725/2400 | loss=0.0206 align=0.0017 rel=0.0189
15:57:18 | INFO    |            [filtered] MRR=0.5463 Hit@1=0.4297 Hit@5=0.6845 Hit@10=0.7802 MR=11.5 n=7096
15:57:18 | INFO    |            [multiref] MRR=0.9014 Hit@1=0.8420 Hit@5=0.9740 Hit@10=0.9880 MR=1.7 n=1500
15:57:18 | INFO    |            -> new best filtered MRR=0.5463 (saved model_best.pt)

AliNet:  30%|███████████████▋                                    | 726/2400 [01:39<05:50,  4.77it/s]
AliNet:  30%|███████████████▊                                    | 728/2400 [01:39<04:29,  6.20it/s]
AliNet:  30%|███████████████▊                                    | 730/2400 [01:39<03:48,  7.32it/s]
AliNet:  30%|███████████████▊                                    | 732/2400 [01:40<03:30,  7.91it/s]
AliNet:  31%|███████████████▉                                    | 734/2400 [01:40<03:17,  8.43it/s]
AliNet:  31%|███████████████▉                                    | 736/2400 [01:40<03:08,  8.83it/s]
AliNet:  31%|███████████████▉                                    | 738/2400 [01:40<03:02,  9.12it/s]
AliNet:  31%|████████████████                                    | 740/2400 [01:40<02:57,  9.34it/s]
AliNet:  31%|████████████████                                    | 742/2400 [01:41<02:54,  9.50it/s]
AliNet:  31%|████████████████                                    | 744/2400 [01:41<02:52,  9.61it/s]
AliNet:  31%|████████████████▏                                   | 746/2400 [01:41<02:50,  9.68it/s]
AliNet:  31%|████████████████▏                                   | 747/2400 [01:41<02:50,  9.72it/s]
AliNet:  31%|████████████████▏                                   | 748/2400 [01:41<02:49,  9.75it/s]
AliNet:  31%|████████████████▏                                   | 749/2400 [01:41<02:48,  9.79it/s]15:57:20 | INFO    | epoch  750/2400 | loss=0.0218 align=0.0017 rel=0.0201
15:57:21 | INFO    |            [filtered] MRR=0.5447 Hit@1=0.4250 Hit@5=0.6871 Hit@10=0.7773 MR=11.4 n=7096
15:57:21 | INFO    |            [multiref] MRR=0.8998 Hit@1=0.8367 Hit@5=0.9760 Hit@10=0.9873 MR=1.7 n=1500

AliNet:  31%|████████████████▎                                   | 750/2400 [01:42<06:30,  4.22it/s]
AliNet:  31%|████████████████▎                                   | 752/2400 [01:42<04:57,  5.55it/s]
AliNet:  31%|████████████████▎                                   | 753/2400 [01:42<04:27,  6.16it/s]
AliNet:  31%|████████████████▎                                   | 754/2400 [01:42<04:02,  6.78it/s]
AliNet:  31%|████████████████▎                                   | 755/2400 [01:43<03:42,  7.38it/s]
AliNet:  32%|████████████████▍                                   | 756/2400 [01:43<03:27,  7.92it/s]
AliNet:  32%|████████████████▍                                   | 757/2400 [01:43<03:16,  8.38it/s]
AliNet:  32%|████████████████▍                                   | 759/2400 [01:43<02:58,  9.20it/s]
AliNet:  32%|████████████████▍                                   | 761/2400 [01:43<02:53,  9.47it/s]
AliNet:  32%|████████████████▌                                   | 762/2400 [01:43<02:51,  9.56it/s]
AliNet:  32%|████████████████▌                                   | 763/2400 [01:43<02:50,  9.63it/s]
AliNet:  32%|████████████████▌                                   | 764/2400 [01:43<02:48,  9.69it/s]
AliNet:  32%|████████████████▌                                   | 765/2400 [01:44<02:47,  9.73it/s]
AliNet:  32%|████████████████▌                                   | 766/2400 [01:44<02:47,  9.78it/s]
AliNet:  32%|████████████████▌                                   | 767/2400 [01:44<02:46,  9.80it/s]
AliNet:  32%|████████████████▋                                   | 768/2400 [01:44<02:46,  9.82it/s]
AliNet:  32%|████████████████▋                                   | 769/2400 [01:44<02:45,  9.83it/s]
AliNet:  32%|████████████████▋                                   | 770/2400 [01:44<02:45,  9.85it/s]
AliNet:  32%|████████████████▋                                   | 771/2400 [01:44<02:45,  9.85it/s]
AliNet:  32%|████████████████▋                                   | 772/2400 [01:44<02:45,  9.86it/s]
AliNet:  32%|████████████████▊                                   | 774/2400 [01:44<02:23, 11.31it/s]15:57:23 | INFO    | epoch  775/2400 | loss=0.0206 align=0.0017 rel=0.0190
15:57:24 | INFO    |            [filtered] MRR=0.5389 Hit@1=0.4240 Hit@5=0.6735 Hit@10=0.7647 MR=12.3 n=7096
15:57:24 | INFO    |            [multiref] MRR=0.9022 Hit@1=0.8387 Hit@5=0.9800 Hit@10=0.9873 MR=1.6 n=1500

AliNet:  32%|████████████████▊                                   | 776/2400 [01:45<05:13,  5.18it/s]
AliNet:  32%|████████████████▊                                   | 778/2400 [01:45<04:18,  6.27it/s]
AliNet:  32%|████████████████▉                                   | 779/2400 [01:45<03:59,  6.78it/s]
AliNet:  32%|████████████████▉                                   | 780/2400 [01:45<03:41,  7.30it/s]
AliNet:  33%|████████████████▉                                   | 781/2400 [01:46<03:27,  7.80it/s]
AliNet:  33%|████████████████▉                                   | 782/2400 [01:46<03:16,  8.25it/s]
AliNet:  33%|████████████████▉                                   | 783/2400 [01:46<03:07,  8.64it/s]
AliNet:  33%|████████████████▉                                   | 784/2400 [01:46<03:00,  8.95it/s]
AliNet:  33%|█████████████████                                   | 785/2400 [01:46<02:55,  9.20it/s]
AliNet:  33%|█████████████████                                   | 786/2400 [01:46<02:52,  9.38it/s]
AliNet:  33%|█████████████████                                   | 787/2400 [01:46<02:49,  9.52it/s]
AliNet:  33%|█████████████████                                   | 789/2400 [01:46<02:30, 10.68it/s]
AliNet:  33%|█████████████████▏                                  | 791/2400 [01:46<02:10, 12.31it/s]
AliNet:  33%|█████████████████▏                                  | 793/2400 [01:47<02:01, 13.26it/s]
AliNet:  33%|█████████████████▏                                  | 795/2400 [01:47<02:13, 11.99it/s]
AliNet:  33%|█████████████████▎                                  | 797/2400 [01:47<02:23, 11.21it/s]
AliNet:  33%|█████████████████▎                                  | 799/2400 [01:47<02:29, 10.74it/s]15:57:26 | INFO    | epoch  800/2400 | loss=0.0210 align=0.0018 rel=0.0192
15:57:27 | INFO    |            [filtered] MRR=0.5465 Hit@1=0.4322 Hit@5=0.6788 Hit@10=0.7671 MR=11.7 n=7096
15:57:27 | INFO    |            [multiref] MRR=0.9061 Hit@1=0.8460 Hit@5=0.9827 Hit@10=0.9920 MR=1.5 n=1500
15:57:27 | INFO    |            -> new best filtered MRR=0.5465 (saved model_best.pt)

AliNet:  33%|█████████████████▎                                  | 801/2400 [01:48<05:45,  4.63it/s]
AliNet:  33%|█████████████████▍                                  | 803/2400 [01:48<04:38,  5.73it/s]
AliNet:  34%|█████████████████▍                                  | 804/2400 [01:48<04:17,  6.20it/s]
AliNet:  34%|█████████████████▍                                  | 805/2400 [01:49<03:57,  6.71it/s]
AliNet:  34%|█████████████████▍                                  | 806/2400 [01:49<03:40,  7.23it/s]
AliNet:  34%|█████████████████▍                                  | 807/2400 [01:49<03:25,  7.74it/s]
AliNet:  34%|█████████████████▌                                  | 808/2400 [01:49<03:14,  8.18it/s]
AliNet:  34%|█████████████████▌                                  | 809/2400 [01:49<03:05,  8.58it/s]
AliNet:  34%|█████████████████▌                                  | 810/2400 [01:49<02:58,  8.89it/s]
AliNet:  34%|█████████████████▌                                  | 811/2400 [01:49<02:53,  9.14it/s]
AliNet:  34%|█████████████████▌                                  | 812/2400 [01:49<02:50,  9.33it/s]
AliNet:  34%|█████████████████▌                                  | 813/2400 [01:49<02:47,  9.48it/s]
AliNet:  34%|█████████████████▋                                  | 814/2400 [01:49<02:45,  9.58it/s]
AliNet:  34%|█████████████████▋                                  | 815/2400 [01:50<02:44,  9.66it/s]
AliNet:  34%|█████████████████▋                                  | 816/2400 [01:50<02:43,  9.71it/s]
AliNet:  34%|█████████████████▋                                  | 817/2400 [01:50<02:42,  9.76it/s]
AliNet:  34%|█████████████████▋                                  | 818/2400 [01:50<02:41,  9.79it/s]
AliNet:  34%|█████████████████▋                                  | 819/2400 [01:50<02:41,  9.81it/s]
AliNet:  34%|█████████████████▊                                  | 820/2400 [01:50<02:40,  9.83it/s]
AliNet:  34%|█████████████████▊                                  | 821/2400 [01:50<02:40,  9.84it/s]
AliNet:  34%|█████████████████▊                                  | 822/2400 [01:50<02:40,  9.84it/s]
AliNet:  34%|█████████████████▊                                  | 823/2400 [01:50<02:39,  9.86it/s]
AliNet:  34%|█████████████████▊                                  | 824/2400 [01:50<02:39,  9.85it/s]15:57:30 | INFO    | epoch  825/2400 | loss=0.0201 align=0.0017 rel=0.0184
15:57:30 | INFO    |            [filtered] MRR=0.5496 Hit@1=0.4328 Hit@5=0.6846 Hit@10=0.7817 MR=10.7 n=7096
15:57:30 | INFO    |            [multiref] MRR=0.9066 Hit@1=0.8480 Hit@5=0.9800 Hit@10=0.9927 MR=1.5 n=1500
15:57:30 | INFO    |            -> new best filtered MRR=0.5496 (saved model_best.pt)

AliNet:  34%|█████████████████▉                                  | 825/2400 [01:51<08:52,  2.96it/s]
AliNet:  34%|█████████████████▉                                  | 827/2400 [01:52<05:57,  4.40it/s]
AliNet:  35%|█████████████████▉                                  | 829/2400 [01:52<04:37,  5.66it/s]
AliNet:  35%|█████████████████▉                                  | 830/2400 [01:52<04:11,  6.25it/s]
AliNet:  35%|██████████████████                                  | 831/2400 [01:52<03:48,  6.86it/s]
AliNet:  35%|██████████████████                                  | 832/2400 [01:52<03:30,  7.44it/s]
AliNet:  35%|██████████████████                                  | 833/2400 [01:52<03:16,  7.96it/s]
AliNet:  35%|██████████████████                                  | 834/2400 [01:52<03:06,  8.41it/s]
AliNet:  35%|██████████████████                                  | 835/2400 [01:52<02:58,  8.78it/s]
AliNet:  35%|██████████████████                                  | 836/2400 [01:52<02:52,  9.07it/s]
AliNet:  35%|██████████████████▏                                 | 837/2400 [01:53<02:48,  9.29it/s]
AliNet:  35%|██████████████████▏                                 | 838/2400 [01:53<02:45,  9.45it/s]
AliNet:  35%|██████████████████▏                                 | 840/2400 [01:53<02:30, 10.37it/s]
AliNet:  35%|██████████████████▏                                 | 842/2400 [01:53<02:09, 12.00it/s]
AliNet:  35%|██████████████████▎                                 | 844/2400 [01:53<01:57, 13.23it/s]
AliNet:  35%|██████████████████▎                                 | 846/2400 [01:53<01:59, 12.97it/s]
AliNet:  35%|██████████████████▎                                 | 848/2400 [01:53<02:11, 11.76it/s]15:57:33 | INFO    | epoch  850/2400 | loss=0.0201 align=0.0016 rel=0.0185
15:57:33 | INFO    |            [filtered] MRR=0.5619 Hit@1=0.4448 Hit@5=0.6928 Hit@10=0.7872 MR=10.4 n=7096
15:57:33 | INFO    |            [multiref] MRR=0.9096 Hit@1=0.8540 Hit@5=0.9787 Hit@10=0.9907 MR=1.5 n=1500
15:57:33 | INFO    |            -> new best filtered MRR=0.5619 (saved model_best.pt)

AliNet:  35%|██████████████████▍                                 | 850/2400 [01:54<05:41,  4.54it/s]
AliNet:  36%|██████████████████▍                                 | 852/2400 [01:55<04:31,  5.70it/s]
AliNet:  36%|██████████████████▌                                 | 854/2400 [01:55<03:55,  6.58it/s]
AliNet:  36%|██████████████████▌                                 | 856/2400 [01:55<03:30,  7.32it/s]
AliNet:  36%|██████████████████▌                                 | 858/2400 [01:55<03:14,  7.95it/s]
AliNet:  36%|██████████████████▋                                 | 860/2400 [01:55<03:02,  8.45it/s]
AliNet:  36%|██████████████████▋                                 | 861/2400 [01:56<02:57,  8.67it/s]
AliNet:  36%|██████████████████▋                                 | 862/2400 [01:56<02:53,  8.89it/s]
AliNet:  36%|██████████████████▋                                 | 863/2400 [01:56<02:49,  9.09it/s]
AliNet:  36%|██████████████████▋                                 | 864/2400 [01:56<02:45,  9.27it/s]
AliNet:  36%|██████████████████▋                                 | 865/2400 [01:56<02:42,  9.42it/s]
AliNet:  36%|██████████████████▊                                 | 866/2400 [01:56<02:40,  9.53it/s]
AliNet:  36%|██████████████████▊                                 | 867/2400 [01:56<02:39,  9.63it/s]
AliNet:  36%|██████████████████▊                                 | 868/2400 [01:56<02:38,  9.69it/s]
AliNet:  36%|██████████████████▊                                 | 869/2400 [01:56<02:37,  9.74it/s]
AliNet:  36%|██████████████████▊                                 | 870/2400 [01:56<02:36,  9.78it/s]
AliNet:  36%|██████████████████▊                                 | 871/2400 [01:57<02:35,  9.81it/s]
AliNet:  36%|██████████████████▉                                 | 872/2400 [01:57<02:35,  9.83it/s]
AliNet:  36%|██████████████████▉                                 | 873/2400 [01:57<02:35,  9.84it/s]
AliNet:  36%|██████████████████▉                                 | 874/2400 [01:57<02:34,  9.85it/s]15:57:36 | INFO    | epoch  875/2400 | loss=0.0199 align=0.0017 rel=0.0182
15:57:36 | INFO    |            [filtered] MRR=0.5644 Hit@1=0.4497 Hit@5=0.6925 Hit@10=0.7865 MR=10.2 n=7096
15:57:36 | INFO    |            [multiref] MRR=0.9068 Hit@1=0.8487 Hit@5=0.9800 Hit@10=0.9913 MR=1.5 n=1500
15:57:37 | INFO    |            -> new best filtered MRR=0.5644 (saved model_best.pt)

AliNet:  36%|██████████████████▉                                 | 875/2400 [01:58<08:23,  3.03it/s]
AliNet:  37%|███████████████████                                 | 877/2400 [01:58<05:41,  4.46it/s]
AliNet:  37%|███████████████████                                 | 878/2400 [01:58<04:54,  5.16it/s]
AliNet:  37%|███████████████████                                 | 879/2400 [01:58<04:17,  5.90it/s]
AliNet:  37%|███████████████████                                 | 880/2400 [01:58<03:49,  6.62it/s]
AliNet:  37%|███████████████████                                 | 881/2400 [01:58<03:28,  7.29it/s]
AliNet:  37%|███████████████████                                 | 882/2400 [01:58<03:12,  7.88it/s]
AliNet:  37%|███████████████████▏                                | 883/2400 [01:59<03:01,  8.37it/s]
AliNet:  37%|███████████████████▏                                | 884/2400 [01:59<02:53,  8.76it/s]
AliNet:  37%|███████████████████▏                                | 885/2400 [01:59<02:47,  9.06it/s]
AliNet:  37%|███████████████████▏                                | 886/2400 [01:59<02:43,  9.29it/s]
AliNet:  37%|███████████████████▏                                | 887/2400 [01:59<02:40,  9.45it/s]
AliNet:  37%|███████████████████▏                                | 888/2400 [01:59<02:37,  9.58it/s]
AliNet:  37%|███████████████████▎                                | 889/2400 [01:59<02:36,  9.66it/s]
AliNet:  37%|███████████████████▎                                | 891/2400 [01:59<02:22, 10.60it/s]
AliNet:  37%|███████████████████▎                                | 893/2400 [01:59<02:03, 12.21it/s]
AliNet:  37%|███████████████████▍                                | 895/2400 [02:00<01:58, 12.65it/s]
AliNet:  37%|███████████████████▍                                | 897/2400 [02:00<02:08, 11.65it/s]
AliNet:  37%|███████████████████▍                                | 899/2400 [02:00<02:16, 11.01it/s]15:57:39 | INFO    | epoch  900/2400 | loss=0.0193 align=0.0015 rel=0.0178
15:57:39 | INFO    |            [filtered] MRR=0.5706 Hit@1=0.4572 Hit@5=0.7041 Hit@10=0.7958 MR=9.9 n=7096
15:57:39 | INFO    |            [multiref] MRR=0.9112 Hit@1=0.8573 Hit@5=0.9773 Hit@10=0.9907 MR=1.5 n=1500
15:57:40 | INFO    |            -> new best filtered MRR=0.5706 (saved model_best.pt)

AliNet:  38%|███████████████████▌                                | 901/2400 [02:01<05:16,  4.74it/s]
AliNet:  38%|███████████████████▌                                | 903/2400 [02:01<04:06,  6.06it/s]
AliNet:  38%|███████████████████▌                                | 905/2400 [02:01<03:36,  6.92it/s]
AliNet:  38%|███████████████████▋                                | 907/2400 [02:01<03:16,  7.61it/s]
AliNet:  38%|███████████████████▋                                | 909/2400 [02:02<03:02,  8.19it/s]
AliNet:  38%|███████████████████▋                                | 911/2400 [02:02<02:52,  8.63it/s]
AliNet:  38%|███████████████████▊                                | 913/2400 [02:02<02:45,  8.97it/s]
AliNet:  38%|███████████████████▊                                | 915/2400 [02:02<02:41,  9.22it/s]
AliNet:  38%|███████████████████▊                                | 916/2400 [02:02<02:39,  9.33it/s]
AliNet:  38%|███████████████████▊                                | 917/2400 [02:02<02:37,  9.44it/s]
AliNet:  38%|███████████████████▉                                | 918/2400 [02:03<02:35,  9.53it/s]
AliNet:  38%|███████████████████▉                                | 919/2400 [02:03<02:34,  9.61it/s]
AliNet:  38%|███████████████████▉                                | 920/2400 [02:03<02:33,  9.67it/s]
AliNet:  38%|███████████████████▉                                | 921/2400 [02:03<02:32,  9.72it/s]
AliNet:  38%|███████████████████▉                                | 922/2400 [02:03<02:31,  9.76it/s]
AliNet:  38%|███████████████████▉                                | 923/2400 [02:03<02:30,  9.80it/s]15:57:42 | INFO    | epoch  925/2400 | loss=0.0187 align=0.0016 rel=0.0171
15:57:43 | INFO    |            [filtered] MRR=0.5700 Hit@1=0.4525 Hit@5=0.7107 Hit@10=0.8088 MR=9.8 n=7096
15:57:43 | INFO    |            [multiref] MRR=0.9091 Hit@1=0.8547 Hit@5=0.9747 Hit@10=0.9893 MR=1.6 n=1500

AliNet:  39%|████████████████████                                | 925/2400 [02:04<05:33,  4.42it/s]
AliNet:  39%|████████████████████                                | 927/2400 [02:04<04:20,  5.65it/s]
AliNet:  39%|████████████████████                                | 928/2400 [02:04<03:56,  6.24it/s]
AliNet:  39%|████████████████████▏                               | 929/2400 [02:04<03:35,  6.83it/s]
AliNet:  39%|████████████████████▏                               | 930/2400 [02:04<03:18,  7.41it/s]
AliNet:  39%|████████████████████▏                               | 931/2400 [02:04<03:05,  7.94it/s]
AliNet:  39%|████████████████████▏                               | 932/2400 [02:05<02:54,  8.39it/s]
AliNet:  39%|████████████████████▏                               | 933/2400 [02:05<02:47,  8.76it/s]
AliNet:  39%|████████████████████▏                               | 934/2400 [02:05<02:41,  9.06it/s]
AliNet:  39%|████████████████████▎                               | 935/2400 [02:05<02:37,  9.28it/s]
AliNet:  39%|████████████████████▎                               | 936/2400 [02:05<02:35,  9.44it/s]
AliNet:  39%|████████████████████▎                               | 937/2400 [02:05<02:32,  9.56it/s]
AliNet:  39%|████████████████████▎                               | 938/2400 [02:05<02:31,  9.66it/s]
AliNet:  39%|████████████████████▎                               | 939/2400 [02:05<02:30,  9.72it/s]
AliNet:  39%|████████████████████▎                               | 940/2400 [02:05<02:29,  9.76it/s]
AliNet:  39%|████████████████████▍                               | 941/2400 [02:05<02:28,  9.80it/s]
AliNet:  39%|████████████████████▍                               | 942/2400 [02:06<02:28,  9.82it/s]
AliNet:  39%|████████████████████▍                               | 943/2400 [02:06<02:28,  9.83it/s]
AliNet:  39%|████████████████████▍                               | 944/2400 [02:06<02:27,  9.85it/s]
AliNet:  39%|████████████████████▍                               | 945/2400 [02:06<02:27,  9.86it/s]
AliNet:  39%|████████████████████▌                               | 947/2400 [02:06<02:15, 10.74it/s]
AliNet:  40%|████████████████████▌                               | 949/2400 [02:06<01:57, 12.31it/s]15:57:45 | INFO    | epoch  950/2400 | loss=0.0183 align=0.0017 rel=0.0166
15:57:46 | INFO    |            [filtered] MRR=0.5769 Hit@1=0.4550 Hit@5=0.7197 Hit@10=0.8137 MR=9.2 n=7096
15:57:46 | INFO    |            [multiref] MRR=0.9041 Hit@1=0.8460 Hit@5=0.9753 Hit@10=0.9887 MR=1.6 n=1500
15:57:46 | INFO    |            -> new best filtered MRR=0.5769 (saved model_best.pt)

AliNet:  40%|████████████████████▌                               | 951/2400 [02:07<05:17,  4.56it/s]
AliNet:  40%|████████████████████▋                               | 952/2400 [02:07<04:42,  5.13it/s]
AliNet:  40%|████████████████████▋                               | 953/2400 [02:07<04:11,  5.75it/s]
AliNet:  40%|████████████████████▋                               | 955/2400 [02:07<03:10,  7.57it/s]
AliNet:  40%|████████████████████▋                               | 957/2400 [02:08<02:34,  9.36it/s]
AliNet:  40%|████████████████████▊                               | 959/2400 [02:08<02:12, 10.88it/s]
AliNet:  40%|████████████████████▊                               | 961/2400 [02:08<02:16, 10.51it/s]
AliNet:  40%|████████████████████▊                               | 963/2400 [02:08<02:19, 10.29it/s]
AliNet:  40%|████████████████████▉                               | 965/2400 [02:08<02:21, 10.16it/s]
AliNet:  40%|████████████████████▉                               | 967/2400 [02:08<02:22, 10.07it/s]
AliNet:  40%|████████████████████▉                               | 969/2400 [02:09<02:23, 10.00it/s]
AliNet:  40%|█████████████████████                               | 971/2400 [02:09<02:23,  9.96it/s]
AliNet:  41%|█████████████████████                               | 973/2400 [02:09<02:23,  9.93it/s]15:57:48 | INFO    | epoch  975/2400 | loss=0.0177 align=0.0013 rel=0.0164
15:57:49 | INFO    |            [filtered] MRR=0.5847 Hit@1=0.4610 Hit@5=0.7324 Hit@10=0.8267 MR=8.3 n=7096
15:57:49 | INFO    |            [multiref] MRR=0.9062 Hit@1=0.8473 Hit@5=0.9773 Hit@10=0.9893 MR=1.6 n=1500
15:57:49 | INFO    |            -> new best filtered MRR=0.5847 (saved model_best.pt)

AliNet:  41%|█████████████████████▏                              | 975/2400 [02:10<05:14,  4.53it/s]
AliNet:  41%|█████████████████████▏                              | 977/2400 [02:10<04:21,  5.43it/s]
AliNet:  41%|█████████████████████▏                              | 978/2400 [02:10<04:00,  5.91it/s]
AliNet:  41%|█████████████████████▏                              | 979/2400 [02:10<03:41,  6.43it/s]
AliNet:  41%|█████████████████████▏                              | 980/2400 [02:11<03:23,  6.97it/s]
AliNet:  41%|█████████████████████▎                              | 981/2400 [02:11<03:09,  7.51it/s]
AliNet:  41%|█████████████████████▎                              | 982/2400 [02:11<02:57,  8.00it/s]
AliNet:  41%|█████████████████████▎                              | 983/2400 [02:11<02:48,  8.43it/s]
AliNet:  41%|█████████████████████▎                              | 984/2400 [02:11<02:41,  8.79it/s]
AliNet:  41%|█████████████████████▎                              | 985/2400 [02:11<02:36,  9.06it/s]
AliNet:  41%|█████████████████████▍                              | 987/2400 [02:11<02:26,  9.65it/s]
AliNet:  41%|█████████████████████▍                              | 988/2400 [02:11<02:25,  9.70it/s]
AliNet:  41%|█████████████████████▍                              | 990/2400 [02:12<02:23,  9.84it/s]
AliNet:  41%|█████████████████████▍                              | 991/2400 [02:12<02:23,  9.84it/s]
AliNet:  41%|█████████████████████▍                              | 992/2400 [02:12<02:22,  9.85it/s]
AliNet:  41%|█████████████████████▌                              | 993/2400 [02:12<02:22,  9.85it/s]
AliNet:  41%|█████████████████████▌                              | 994/2400 [02:12<02:22,  9.86it/s]
AliNet:  41%|█████████████████████▌                              | 995/2400 [02:12<02:22,  9.86it/s]
AliNet:  42%|█████████████████████▌                              | 996/2400 [02:12<02:22,  9.86it/s]
AliNet:  42%|█████████████████████▌                              | 998/2400 [02:12<02:04, 11.29it/s]15:57:51 | INFO    | epoch 1000/2400 | loss=0.0172 align=0.0015 rel=0.0157
15:57:52 | INFO    |            [filtered] MRR=0.6087 Hit@1=0.4870 Hit@5=0.7563 Hit@10=0.8451 MR=7.5 n=7096
15:57:52 | INFO    |            [multiref] MRR=0.9117 Hit@1=0.8553 Hit@5=0.9800 Hit@10=0.9867 MR=1.5 n=1500
15:57:52 | INFO    |            -> new best filtered MRR=0.6087 (saved model_best.pt)

AliNet:  42%|█████████████████████▎                             | 1000/2400 [02:13<05:29,  4.25it/s]
AliNet:  42%|█████████████████████▎                             | 1002/2400 [02:13<04:20,  5.36it/s]
AliNet:  42%|█████████████████████▎                             | 1004/2400 [02:14<03:31,  6.59it/s]
AliNet:  42%|█████████████████████▍                             | 1006/2400 [02:14<02:51,  8.14it/s]
AliNet:  42%|█████████████████████▍                             | 1008/2400 [02:14<02:24,  9.66it/s]
AliNet:  42%|█████████████████████▍                             | 1010/2400 [02:14<02:15, 10.29it/s]
AliNet:  42%|█████████████████████▌                             | 1012/2400 [02:14<02:16, 10.14it/s]
AliNet:  42%|█████████████████████▌                             | 1014/2400 [02:14<02:17, 10.06it/s]
AliNet:  42%|█████████████████████▌                             | 1016/2400 [02:15<02:18, 10.00it/s]
AliNet:  42%|█████████████████████▋                             | 1018/2400 [02:15<02:18,  9.96it/s]
AliNet:  42%|█████████████████████▋                             | 1020/2400 [02:15<02:18,  9.93it/s]
AliNet:  43%|█████████████████████▋                             | 1022/2400 [02:15<02:19,  9.91it/s]
AliNet:  43%|█████████████████████▊                             | 1024/2400 [02:15<02:19,  9.90it/s]15:57:55 | INFO    | epoch 1025/2400 | loss=0.0179 align=0.0014 rel=0.0165
15:57:55 | INFO    |            [filtered] MRR=0.6016 Hit@1=0.4845 Hit@5=0.7442 Hit@10=0.8339 MR=7.8 n=7096
15:57:55 | INFO    |            [multiref] MRR=0.9134 Hit@1=0.8620 Hit@5=0.9767 Hit@10=0.9893 MR=1.5 n=1500

AliNet:  43%|█████████████████████▊                             | 1026/2400 [02:16<04:07,  5.56it/s]
AliNet:  43%|█████████████████████▊                             | 1027/2400 [02:16<03:47,  6.03it/s]
AliNet:  43%|█████████████████████▊                             | 1028/2400 [02:16<03:29,  6.55it/s]
AliNet:  43%|█████████████████████▊                             | 1029/2400 [02:16<03:13,  7.08it/s]
AliNet:  43%|█████████████████████▉                             | 1030/2400 [02:17<03:00,  7.60it/s]
AliNet:  43%|█████████████████████▉                             | 1031/2400 [02:17<02:49,  8.07it/s]
AliNet:  43%|█████████████████████▉                             | 1032/2400 [02:17<02:41,  8.49it/s]
AliNet:  43%|█████████████████████▉                             | 1033/2400 [02:17<02:34,  8.83it/s]
AliNet:  43%|█████████████████████▉                             | 1034/2400 [02:17<02:30,  9.11it/s]
AliNet:  43%|█████████████████████▉                             | 1035/2400 [02:17<02:26,  9.31it/s]
AliNet:  43%|██████████████████████                             | 1036/2400 [02:17<02:24,  9.46it/s]
AliNet:  43%|██████████████████████                             | 1037/2400 [02:17<02:22,  9.58it/s]
AliNet:  43%|██████████████████████                             | 1038/2400 [02:17<02:20,  9.66it/s]
AliNet:  43%|██████████████████████                             | 1039/2400 [02:18<02:19,  9.72it/s]
AliNet:  43%|██████████████████████                             | 1040/2400 [02:18<02:19,  9.77it/s]
AliNet:  43%|██████████████████████                             | 1041/2400 [02:18<02:18,  9.80it/s]
AliNet:  43%|██████████████████████▏                            | 1042/2400 [02:18<02:18,  9.82it/s]
AliNet:  43%|██████████████████████▏                            | 1043/2400 [02:18<02:17,  9.83it/s]
AliNet:  44%|██████████████████████▏                            | 1044/2400 [02:18<02:17,  9.84it/s]
AliNet:  44%|██████████████████████▏                            | 1045/2400 [02:18<02:17,  9.85it/s]
AliNet:  44%|██████████████████████▏                            | 1046/2400 [02:18<02:17,  9.86it/s]
AliNet:  44%|██████████████████████▏                            | 1047/2400 [02:18<02:17,  9.86it/s]
AliNet:  44%|██████████████████████▎                            | 1048/2400 [02:18<02:17,  9.86it/s]
AliNet:  44%|██████████████████████▎                            | 1049/2400 [02:19<02:16,  9.86it/s]15:57:58 | INFO    | epoch 1050/2400 | loss=0.0184 align=0.0014 rel=0.0170
15:57:58 | INFO    |            [filtered] MRR=0.5847 Hit@1=0.4614 Hit@5=0.7301 Hit@10=0.8291 MR=8.3 n=7096
15:57:58 | INFO    |            [multiref] MRR=0.9104 Hit@1=0.8547 Hit@5=0.9793 Hit@10=0.9880 MR=1.6 n=1500

AliNet:  44%|██████████████████████▎                            | 1050/2400 [02:19<05:58,  3.77it/s]
AliNet:  44%|██████████████████████▎                            | 1052/2400 [02:19<04:13,  5.32it/s]
AliNet:  44%|██████████████████████▍                            | 1053/2400 [02:19<03:44,  6.00it/s]
AliNet:  44%|██████████████████████▍                            | 1054/2400 [02:20<03:21,  6.69it/s]
AliNet:  44%|██████████████████████▍                            | 1055/2400 [02:20<03:03,  7.33it/s]
AliNet:  44%|██████████████████████▍                            | 1056/2400 [02:20<02:50,  7.90it/s]
AliNet:  44%|██████████████████████▍                            | 1057/2400 [02:20<02:40,  8.37it/s]
AliNet:  44%|██████████████████████▍                            | 1058/2400 [02:20<02:33,  8.76it/s]
AliNet:  44%|██████████████████████▌                            | 1059/2400 [02:20<02:28,  9.06it/s]
AliNet:  44%|██████████████████████▌                            | 1060/2400 [02:20<02:24,  9.28it/s]
AliNet:  44%|██████████████████████▌                            | 1061/2400 [02:20<02:21,  9.45it/s]
AliNet:  44%|██████████████████████▌                            | 1063/2400 [02:20<02:16,  9.80it/s]
AliNet:  44%|██████████████████████▌                            | 1064/2400 [02:21<02:16,  9.75it/s]
AliNet:  44%|██████████████████████▋                            | 1065/2400 [02:21<02:16,  9.78it/s]
AliNet:  44%|██████████████████████▋                            | 1066/2400 [02:21<02:15,  9.81it/s]
AliNet:  44%|██████████████████████▋                            | 1067/2400 [02:21<02:15,  9.82it/s]
AliNet:  44%|██████████████████████▋                            | 1068/2400 [02:21<02:15,  9.84it/s]
AliNet:  45%|██████████████████████▋                            | 1069/2400 [02:21<02:15,  9.84it/s]
AliNet:  45%|██████████████████████▋                            | 1070/2400 [02:21<02:15,  9.85it/s]
AliNet:  45%|██████████████████████▊                            | 1071/2400 [02:21<02:14,  9.86it/s]
AliNet:  45%|██████████████████████▊                            | 1073/2400 [02:21<01:54, 11.61it/s]15:58:00 | INFO    | epoch 1075/2400 | loss=0.0169 align=0.0013 rel=0.0156
15:58:01 | INFO    |            [filtered] MRR=0.5818 Hit@1=0.4583 Hit@5=0.7267 Hit@10=0.8219 MR=8.1 n=7096
15:58:01 | INFO    |            [multiref] MRR=0.9098 Hit@1=0.8533 Hit@5=0.9820 Hit@10=0.9880 MR=1.5 n=1500

AliNet:  45%|██████████████████████▊                            | 1075/2400 [02:22<04:06,  5.37it/s]
AliNet:  45%|██████████████████████▉                            | 1077/2400 [02:22<03:25,  6.45it/s]
AliNet:  45%|██████████████████████▉                            | 1078/2400 [02:22<03:10,  6.94it/s]
AliNet:  45%|██████████████████████▉                            | 1079/2400 [02:23<02:57,  7.44it/s]
AliNet:  45%|██████████████████████▉                            | 1080/2400 [02:23<02:46,  7.92it/s]
AliNet:  45%|██████████████████████▉                            | 1081/2400 [02:23<02:38,  8.35it/s]
AliNet:  45%|██████████████████████▉                            | 1082/2400 [02:23<02:31,  8.71it/s]
AliNet:  45%|███████████████████████                            | 1083/2400 [02:23<02:26,  9.00it/s]
AliNet:  45%|███████████████████████                            | 1085/2400 [02:23<02:07, 10.31it/s]
AliNet:  45%|███████████████████████                            | 1087/2400 [02:23<01:50, 11.92it/s]
AliNet:  45%|███████████████████████▏                           | 1089/2400 [02:23<01:44, 12.55it/s]
AliNet:  45%|███████████████████████▏                           | 1091/2400 [02:24<01:53, 11.58it/s]
AliNet:  46%|███████████████████████▏                           | 1093/2400 [02:24<01:59, 10.96it/s]
AliNet:  46%|███████████████████████▎                           | 1095/2400 [02:24<02:03, 10.59it/s]
AliNet:  46%|███████████████████████▎                           | 1097/2400 [02:24<02:05, 10.35it/s]
AliNet:  46%|███████████████████████▎                           | 1099/2400 [02:24<02:07, 10.20it/s]15:58:03 | INFO    | epoch 1100/2400 | loss=0.0171 align=0.0015 rel=0.0156
15:58:04 | INFO    |            [filtered] MRR=0.6048 Hit@1=0.4807 Hit@5=0.7489 Hit@10=0.8458 MR=7.0 n=7096
15:58:04 | INFO    |            [multiref] MRR=0.9142 Hit@1=0.8593 Hit@5=0.9827 Hit@10=0.9873 MR=1.5 n=1500

AliNet:  46%|███████████████████████▍                           | 1101/2400 [02:25<03:50,  5.64it/s]
AliNet:  46%|███████████████████████▍                           | 1103/2400 [02:25<03:07,  6.92it/s]
AliNet:  46%|███████████████████████▍                           | 1105/2400 [02:25<02:49,  7.66it/s]
AliNet:  46%|███████████████████████▌                           | 1107/2400 [02:26<02:37,  8.21it/s]
AliNet:  46%|███████████████████████▌                           | 1108/2400 [02:26<02:32,  8.47it/s]
AliNet:  46%|███████████████████████▌                           | 1109/2400 [02:26<02:28,  8.71it/s]
AliNet:  46%|███████████████████████▌                           | 1110/2400 [02:26<02:24,  8.95it/s]
AliNet:  46%|███████████████████████▌                           | 1111/2400 [02:26<02:20,  9.16it/s]
AliNet:  46%|███████████████████████▋                           | 1112/2400 [02:26<02:18,  9.33it/s]
AliNet:  46%|███████████████████████▋                           | 1113/2400 [02:26<02:15,  9.47it/s]
AliNet:  46%|███████████████████████▋                           | 1114/2400 [02:26<02:14,  9.57it/s]
AliNet:  46%|███████████████████████▋                           | 1115/2400 [02:26<02:13,  9.66it/s]
AliNet:  46%|███████████████████████▋                           | 1116/2400 [02:27<02:12,  9.72it/s]
AliNet:  47%|███████████████████████▋                           | 1117/2400 [02:27<02:11,  9.76it/s]
AliNet:  47%|███████████████████████▊                           | 1118/2400 [02:27<02:10,  9.80it/s]
AliNet:  47%|███████████████████████▊                           | 1119/2400 [02:27<02:10,  9.81it/s]
AliNet:  47%|███████████████████████▊                           | 1120/2400 [02:27<02:10,  9.83it/s]
AliNet:  47%|███████████████████████▊                           | 1121/2400 [02:27<02:09,  9.84it/s]
AliNet:  47%|███████████████████████▊                           | 1122/2400 [02:27<02:09,  9.85it/s]
AliNet:  47%|███████████████████████▊                           | 1123/2400 [02:27<02:09,  9.85it/s]
AliNet:  47%|███████████████████████▉                           | 1124/2400 [02:27<02:09,  9.86it/s]15:58:06 | INFO    | epoch 1125/2400 | loss=0.0168 align=0.0015 rel=0.0153
15:58:07 | INFO    |            [filtered] MRR=0.6098 Hit@1=0.4842 Hit@5=0.7611 Hit@10=0.8556 MR=6.6 n=7096
15:58:07 | INFO    |            [multiref] MRR=0.9145 Hit@1=0.8607 Hit@5=0.9787 Hit@10=0.9893 MR=1.5 n=1500
15:58:07 | INFO    |            -> new best filtered MRR=0.6098 (saved model_best.pt)

AliNet:  47%|███████████████████████▉                           | 1125/2400 [02:28<07:15,  2.93it/s]
AliNet:  47%|███████████████████████▉                           | 1127/2400 [02:28<04:51,  4.36it/s]
AliNet:  47%|███████████████████████▉                           | 1128/2400 [02:29<04:11,  5.06it/s]
AliNet:  47%|███████████████████████▉                           | 1129/2400 [02:29<03:39,  5.80it/s]
AliNet:  47%|████████████████████████                           | 1130/2400 [02:29<03:14,  6.53it/s]
AliNet:  47%|████████████████████████                           | 1131/2400 [02:29<02:55,  7.22it/s]
AliNet:  47%|████████████████████████                           | 1132/2400 [02:29<02:42,  7.81it/s]
AliNet:  47%|████████████████████████                           | 1133/2400 [02:29<02:32,  8.31it/s]
AliNet:  47%|████████████████████████                           | 1134/2400 [02:29<02:25,  8.71it/s]
AliNet:  47%|████████████████████████                           | 1135/2400 [02:29<02:20,  9.03it/s]
AliNet:  47%|████████████████████████▏                          | 1136/2400 [02:29<02:16,  9.25it/s]
AliNet:  47%|████████████████████████▏                          | 1137/2400 [02:29<02:13,  9.43it/s]
AliNet:  47%|████████████████████████▏                          | 1138/2400 [02:30<02:11,  9.56it/s]
AliNet:  47%|████████████████████████▏                          | 1139/2400 [02:30<02:10,  9.65it/s]
AliNet:  48%|████████████████████████▏                          | 1141/2400 [02:30<01:58, 10.59it/s]
AliNet:  48%|████████████████████████▎                          | 1143/2400 [02:30<01:42, 12.20it/s]
AliNet:  48%|████████████████████████▎                          | 1145/2400 [02:30<01:33, 13.39it/s]
AliNet:  48%|████████████████████████▎                          | 1147/2400 [02:30<01:38, 12.68it/s]
AliNet:  48%|████████████████████████▍                          | 1149/2400 [02:30<01:47, 11.59it/s]15:58:09 | INFO    | epoch 1150/2400 | loss=0.0166 align=0.0014 rel=0.0152
15:58:10 | INFO    |            [filtered] MRR=0.6376 Hit@1=0.5144 Hit@5=0.7834 Hit@10=0.8732 MR=5.8 n=7096
15:58:10 | INFO    |            [multiref] MRR=0.9202 Hit@1=0.8707 Hit@5=0.9827 Hit@10=0.9880 MR=1.5 n=1500
15:58:10 | INFO    |            -> new best filtered MRR=0.6376 (saved model_best.pt)

AliNet:  48%|████████████████████████▍                          | 1151/2400 [02:31<04:23,  4.73it/s]
AliNet:  48%|████████████████████████▌                          | 1153/2400 [02:32<03:27,  6.01it/s]
AliNet:  48%|████████████████████████▌                          | 1155/2400 [02:32<03:01,  6.85it/s]
AliNet:  48%|████████████████████████▌                          | 1157/2400 [02:32<02:44,  7.56it/s]
AliNet:  48%|████████████████████████▋                          | 1159/2400 [02:32<02:32,  8.14it/s]
AliNet:  48%|████████████████████████▋                          | 1161/2400 [02:32<02:24,  8.59it/s]
AliNet:  48%|████████████████████████▋                          | 1163/2400 [02:33<02:18,  8.94it/s]
AliNet:  49%|████████████████████████▊                          | 1165/2400 [02:33<02:14,  9.20it/s]
AliNet:  49%|████████████████████████▊                          | 1166/2400 [02:33<02:12,  9.31it/s]
AliNet:  49%|████████████████████████▊                          | 1167/2400 [02:33<02:10,  9.42it/s]
AliNet:  49%|████████████████████████▊                          | 1168/2400 [02:33<02:09,  9.52it/s]
AliNet:  49%|████████████████████████▊                          | 1169/2400 [02:33<02:08,  9.60it/s]
AliNet:  49%|████████████████████████▊                          | 1170/2400 [02:33<02:07,  9.67it/s]
AliNet:  49%|████████████████████████▉                          | 1171/2400 [02:33<02:06,  9.72it/s]
AliNet:  49%|████████████████████████▉                          | 1172/2400 [02:33<02:05,  9.76it/s]
AliNet:  49%|████████████████████████▉                          | 1173/2400 [02:34<02:05,  9.79it/s]
AliNet:  49%|████████████████████████▉                          | 1174/2400 [02:34<02:04,  9.81it/s]15:58:13 | INFO    | epoch 1175/2400 | loss=0.0165 align=0.0014 rel=0.0151
15:58:13 | INFO    |            [filtered] MRR=0.6450 Hit@1=0.5282 Hit@5=0.7814 Hit@10=0.8703 MR=5.9 n=7096
15:58:13 | INFO    |            [multiref] MRR=0.9217 Hit@1=0.8733 Hit@5=0.9833 Hit@10=0.9900 MR=1.5 n=1500
15:58:13 | INFO    |            -> new best filtered MRR=0.6450 (saved model_best.pt)

AliNet:  49%|████████████████████████▉                          | 1175/2400 [02:35<06:38,  3.08it/s]
AliNet:  49%|█████████████████████████                          | 1177/2400 [02:35<04:32,  4.49it/s]
AliNet:  49%|█████████████████████████                          | 1178/2400 [02:35<03:55,  5.19it/s]
AliNet:  49%|█████████████████████████                          | 1179/2400 [02:35<03:26,  5.92it/s]
AliNet:  49%|█████████████████████████                          | 1180/2400 [02:35<03:03,  6.63it/s]
AliNet:  49%|█████████████████████████                          | 1181/2400 [02:35<02:47,  7.30it/s]
AliNet:  49%|█████████████████████████                          | 1182/2400 [02:35<02:37,  7.75it/s]
AliNet:  49%|█████████████████████████▏                         | 1183/2400 [02:35<02:26,  8.28it/s]
AliNet:  49%|█████████████████████████▏                         | 1184/2400 [02:35<02:19,  8.69it/s]
AliNet:  49%|█████████████████████████▏                         | 1185/2400 [02:36<02:15,  9.00it/s]
AliNet:  49%|█████████████████████████▏                         | 1186/2400 [02:36<02:11,  9.24it/s]
AliNet:  49%|█████████████████████████▏                         | 1187/2400 [02:36<02:08,  9.41it/s]
AliNet:  50%|█████████████████████████▏                         | 1188/2400 [02:36<02:07,  9.54it/s]
AliNet:  50%|█████████████████████████▎                         | 1189/2400 [02:36<02:05,  9.64it/s]
AliNet:  50%|█████████████████████████▎                         | 1190/2400 [02:36<02:04,  9.70it/s]
AliNet:  50%|█████████████████████████▎                         | 1191/2400 [02:36<02:04,  9.74it/s]
AliNet:  50%|█████████████████████████▎                         | 1193/2400 [02:36<01:51, 10.86it/s]
AliNet:  50%|█████████████████████████▍                         | 1195/2400 [02:36<01:37, 12.41it/s]
AliNet:  50%|█████████████████████████▍                         | 1197/2400 [02:37<01:33, 12.85it/s]
AliNet:  50%|█████████████████████████▍                         | 1199/2400 [02:37<01:42, 11.77it/s]15:58:16 | INFO    | epoch 1200/2400 | loss=0.0163 align=0.0012 rel=0.0151
15:58:16 | INFO    |            [filtered] MRR=0.6476 Hit@1=0.5309 Hit@5=0.7866 Hit@10=0.8732 MR=6.0 n=7096
15:58:16 | INFO    |            [multiref] MRR=0.9239 Hit@1=0.8767 Hit@5=0.9833 Hit@10=0.9893 MR=1.6 n=1500
15:58:17 | INFO    |            -> new best filtered MRR=0.6476 (saved model_best.pt)

AliNet:  50%|█████████████████████████▌                         | 1201/2400 [02:38<04:16,  4.68it/s]
AliNet:  50%|█████████████████████████▌                         | 1203/2400 [02:38<03:17,  6.06it/s]
AliNet:  50%|█████████████████████████▌                         | 1205/2400 [02:38<02:53,  6.89it/s]
AliNet:  50%|█████████████████████████▋                         | 1207/2400 [02:38<02:36,  7.60it/s]
AliNet:  50%|█████████████████████████▋                         | 1209/2400 [02:38<02:25,  8.18it/s]
AliNet:  50%|█████████████████████████▋                         | 1211/2400 [02:39<02:17,  8.63it/s]
AliNet:  51%|█████████████████████████▊                         | 1213/2400 [02:39<02:12,  8.97it/s]
AliNet:  51%|█████████████████████████▊                         | 1215/2400 [02:39<02:08,  9.23it/s]
AliNet:  51%|█████████████████████████▊                         | 1217/2400 [02:39<02:05,  9.41it/s]
AliNet:  51%|█████████████████████████▉                         | 1218/2400 [02:39<02:04,  9.49it/s]
AliNet:  51%|█████████████████████████▉                         | 1219/2400 [02:39<02:03,  9.57it/s]
AliNet:  51%|█████████████████████████▉                         | 1220/2400 [02:40<02:02,  9.63it/s]
AliNet:  51%|█████████████████████████▉                         | 1221/2400 [02:40<02:02,  9.64it/s]
AliNet:  51%|█████████████████████████▉                         | 1222/2400 [02:40<02:01,  9.70it/s]
AliNet:  51%|██████████████████████████                         | 1224/2400 [02:40<01:59,  9.80it/s]15:58:19 | INFO    | epoch 1225/2400 | loss=0.0165 align=0.0013 rel=0.0152
15:58:19 | INFO    |            [filtered] MRR=0.6440 Hit@1=0.5259 Hit@5=0.7866 Hit@10=0.8732 MR=6.0 n=7096
15:58:19 | INFO    |            [multiref] MRR=0.9285 Hit@1=0.8840 Hit@5=0.9833 Hit@10=0.9913 MR=1.5 n=1500

AliNet:  51%|██████████████████████████                         | 1225/2400 [02:41<04:29,  4.36it/s]
AliNet:  51%|██████████████████████████                         | 1227/2400 [02:41<03:28,  5.62it/s]
AliNet:  51%|██████████████████████████                         | 1228/2400 [02:41<03:08,  6.21it/s]
AliNet:  51%|██████████████████████████                         | 1229/2400 [02:41<02:51,  6.82it/s]
AliNet:  51%|██████████████████████████▏                        | 1230/2400 [02:41<02:37,  7.41it/s]
AliNet:  51%|██████████████████████████▏                        | 1231/2400 [02:41<02:27,  7.93it/s]
AliNet:  51%|██████████████████████████▏                        | 1232/2400 [02:41<02:19,  8.38it/s]
AliNet:  51%|██████████████████████████▏                        | 1233/2400 [02:41<02:13,  8.76it/s]
AliNet:  51%|██████████████████████████▏                        | 1234/2400 [02:42<02:08,  9.05it/s]
AliNet:  51%|██████████████████████████▏                        | 1235/2400 [02:42<02:05,  9.27it/s]
AliNet:  52%|██████████████████████████▎                        | 1236/2400 [02:42<02:03,  9.44it/s]
AliNet:  52%|██████████████████████████▎                        | 1237/2400 [02:42<02:01,  9.56it/s]
AliNet:  52%|██████████████████████████▎                        | 1238/2400 [02:42<02:00,  9.65it/s]
AliNet:  52%|██████████████████████████▎                        | 1239/2400 [02:42<01:59,  9.71it/s]
AliNet:  52%|██████████████████████████▎                        | 1240/2400 [02:42<01:58,  9.75it/s]
AliNet:  52%|██████████████████████████▎                        | 1241/2400 [02:42<01:58,  9.79it/s]
AliNet:  52%|██████████████████████████▍                        | 1242/2400 [02:42<01:58,  9.81it/s]
AliNet:  52%|██████████████████████████▍                        | 1243/2400 [02:42<01:57,  9.83it/s]
AliNet:  52%|██████████████████████████▍                        | 1244/2400 [02:43<01:57,  9.84it/s]
AliNet:  52%|██████████████████████████▍                        | 1245/2400 [02:43<01:57,  9.85it/s]
AliNet:  52%|██████████████████████████▍                        | 1246/2400 [02:43<01:57,  9.85it/s]
AliNet:  52%|██████████████████████████▌                        | 1248/2400 [02:43<01:45, 10.95it/s]15:58:22 | INFO    | epoch 1250/2400 | loss=0.0162 align=0.0015 rel=0.0147
15:58:22 | INFO    |            [filtered] MRR=0.6310 Hit@1=0.5140 Hit@5=0.7690 Hit@10=0.8671 MR=6.3 n=7096
15:58:22 | INFO    |            [multiref] MRR=0.9237 Hit@1=0.8740 Hit@5=0.9853 Hit@10=0.9920 MR=1.4 n=1500

AliNet:  52%|██████████████████████████▌                        | 1250/2400 [02:44<03:39,  5.25it/s]
AliNet:  52%|██████████████████████████▌                        | 1252/2400 [02:44<03:00,  6.36it/s]
AliNet:  52%|██████████████████████████▋                        | 1253/2400 [02:44<02:47,  6.86it/s]
AliNet:  52%|██████████████████████████▋                        | 1254/2400 [02:44<02:35,  7.37it/s]
AliNet:  52%|██████████████████████████▋                        | 1255/2400 [02:44<02:25,  7.85it/s]
AliNet:  52%|██████████████████████████▋                        | 1256/2400 [02:44<02:18,  8.29it/s]
AliNet:  52%|██████████████████████████▋                        | 1257/2400 [02:44<02:11,  8.66it/s]
AliNet:  52%|██████████████████████████▋                        | 1258/2400 [02:44<02:07,  8.96it/s]
AliNet:  52%|██████████████████████████▊                        | 1259/2400 [02:45<02:04,  9.20it/s]
AliNet:  52%|██████████████████████████▊                        | 1260/2400 [02:45<02:01,  9.38it/s]
AliNet:  53%|██████████████████████████▊                        | 1262/2400 [02:45<01:49, 10.40it/s]
AliNet:  53%|██████████████████████████▊                        | 1264/2400 [02:45<01:34, 12.01it/s]
AliNet:  53%|██████████████████████████▉                        | 1266/2400 [02:45<01:31, 12.37it/s]
AliNet:  53%|██████████████████████████▉                        | 1268/2400 [02:45<01:38, 11.47it/s]
AliNet:  53%|██████████████████████████▉                        | 1270/2400 [02:45<01:43, 10.88it/s]
AliNet:  53%|███████████████████████████                        | 1272/2400 [02:46<01:47, 10.54it/s]
AliNet:  53%|███████████████████████████                        | 1274/2400 [02:46<01:49, 10.32it/s]15:58:25 | INFO    | epoch 1275/2400 | loss=0.0166 align=0.0013 rel=0.0153
15:58:25 | INFO    |            [filtered] MRR=0.6465 Hit@1=0.5269 Hit@5=0.7911 Hit@10=0.8820 MR=5.7 n=7096
15:58:25 | INFO    |            [multiref] MRR=0.9220 Hit@1=0.8720 Hit@5=0.9840 Hit@10=0.9927 MR=1.5 n=1500

AliNet:  53%|███████████████████████████                        | 1276/2400 [02:47<03:18,  5.67it/s]
AliNet:  53%|███████████████████████████▏                       | 1278/2400 [02:47<02:44,  6.82it/s]
AliNet:  53%|███████████████████████████▏                       | 1279/2400 [02:47<02:35,  7.22it/s]
AliNet:  53%|███████████████████████████▏                       | 1280/2400 [02:47<02:26,  7.63it/s]
AliNet:  53%|███████████████████████████▏                       | 1281/2400 [02:47<02:19,  8.04it/s]
AliNet:  53%|███████████████████████████▏                       | 1282/2400 [02:47<02:12,  8.42it/s]
AliNet:  53%|███████████████████████████▎                       | 1283/2400 [02:47<02:07,  8.75it/s]
AliNet:  54%|███████████████████████████▎                       | 1284/2400 [02:47<02:03,  9.03it/s]
AliNet:  54%|███████████████████████████▎                       | 1285/2400 [02:47<02:00,  9.24it/s]
AliNet:  54%|███████████████████████████▎                       | 1286/2400 [02:48<01:58,  9.41it/s]
AliNet:  54%|███████████████████████████▎                       | 1287/2400 [02:48<01:56,  9.53it/s]
AliNet:  54%|███████████████████████████▎                       | 1288/2400 [02:48<01:55,  9.62it/s]
AliNet:  54%|███████████████████████████▍                       | 1289/2400 [02:48<01:54,  9.69it/s]
AliNet:  54%|███████████████████████████▍                       | 1290/2400 [02:48<01:53,  9.74it/s]
AliNet:  54%|███████████████████████████▍                       | 1291/2400 [02:48<01:53,  9.77it/s]
AliNet:  54%|███████████████████████████▍                       | 1292/2400 [02:48<01:53,  9.80it/s]
AliNet:  54%|███████████████████████████▍                       | 1293/2400 [02:48<01:52,  9.82it/s]
AliNet:  54%|███████████████████████████▍                       | 1294/2400 [02:48<01:52,  9.83it/s]
AliNet:  54%|███████████████████████████▌                       | 1295/2400 [02:48<01:52,  9.83it/s]
AliNet:  54%|███████████████████████████▌                       | 1296/2400 [02:49<01:52,  9.84it/s]
AliNet:  54%|███████████████████████████▌                       | 1297/2400 [02:49<01:52,  9.85it/s]
AliNet:  54%|███████████████████████████▌                       | 1298/2400 [02:49<01:51,  9.85it/s]
AliNet:  54%|███████████████████████████▌                       | 1299/2400 [02:49<01:51,  9.85it/s]15:58:28 | INFO    | epoch 1300/2400 | loss=0.0156 align=0.0013 rel=0.0143
15:58:28 | INFO    |            [filtered] MRR=0.6514 Hit@1=0.5348 Hit@5=0.7926 Hit@10=0.8836 MR=5.5 n=7096
15:58:28 | INFO    |            [multiref] MRR=0.9198 Hit@1=0.8693 Hit@5=0.9827 Hit@10=0.9920 MR=1.5 n=1500
15:58:29 | INFO    |            -> new best filtered MRR=0.6514 (saved model_best.pt)

AliNet:  54%|███████████████████████████▌                       | 1300/2400 [02:50<06:12,  2.95it/s]
AliNet:  54%|███████████████████████████▋                       | 1302/2400 [02:50<04:10,  4.38it/s]
AliNet:  54%|███████████████████████████▋                       | 1303/2400 [02:50<03:36,  5.07it/s]
AliNet:  54%|███████████████████████████▋                       | 1304/2400 [02:50<03:08,  5.81it/s]
AliNet:  54%|███████████████████████████▋                       | 1305/2400 [02:50<02:47,  6.54it/s]
AliNet:  54%|███████████████████████████▊                       | 1306/2400 [02:50<02:31,  7.22it/s]
AliNet:  54%|███████████████████████████▊                       | 1307/2400 [02:50<02:19,  7.82it/s]
AliNet:  55%|███████████████████████████▊                       | 1308/2400 [02:51<02:11,  8.31it/s]
AliNet:  55%|███████████████████████████▊                       | 1309/2400 [02:51<02:05,  8.71it/s]
AliNet:  55%|███████████████████████████▊                       | 1310/2400 [02:51<02:00,  9.02it/s]
AliNet:  55%|███████████████████████████▉                       | 1312/2400 [02:51<01:41, 10.77it/s]
AliNet:  55%|███████████████████████████▉                       | 1314/2400 [02:51<01:27, 12.39it/s]
AliNet:  55%|███████████████████████████▉                       | 1316/2400 [02:51<01:20, 13.45it/s]
AliNet:  55%|████████████████████████████                       | 1318/2400 [02:51<01:29, 12.03it/s]
AliNet:  55%|████████████████████████████                       | 1320/2400 [02:52<01:36, 11.22it/s]
AliNet:  55%|████████████████████████████                       | 1322/2400 [02:52<01:40, 10.74it/s]
AliNet:  55%|████████████████████████████▏                      | 1324/2400 [02:52<01:42, 10.45it/s]15:58:31 | INFO    | epoch 1325/2400 | loss=0.0156 align=0.0012 rel=0.0144
15:58:31 | INFO    |            [filtered] MRR=0.6474 Hit@1=0.5275 Hit@5=0.7958 Hit@10=0.8874 MR=5.3 n=7096
15:58:31 | INFO    |            [multiref] MRR=0.9206 Hit@1=0.8707 Hit@5=0.9827 Hit@10=0.9907 MR=1.5 n=1500

AliNet:  55%|████████████████████████████▏                      | 1326/2400 [02:53<03:11,  5.62it/s]
AliNet:  55%|████████████████████████████▏                      | 1328/2400 [02:53<02:32,  7.02it/s]
AliNet:  55%|████████████████████████████▎                      | 1330/2400 [02:53<02:12,  8.07it/s]
AliNet:  56%|████████████████████████████▎                      | 1332/2400 [02:53<02:05,  8.53it/s]
AliNet:  56%|████████████████████████████▎                      | 1334/2400 [02:53<01:59,  8.89it/s]
AliNet:  56%|████████████████████████████▍                      | 1336/2400 [02:54<01:56,  9.16it/s]
AliNet:  56%|████████████████████████████▍                      | 1338/2400 [02:54<01:53,  9.36it/s]
AliNet:  56%|████████████████████████████▍                      | 1340/2400 [02:54<01:51,  9.50it/s]
AliNet:  56%|████████████████████████████▌                      | 1342/2400 [02:54<01:50,  9.60it/s]
AliNet:  56%|████████████████████████████▌                      | 1344/2400 [02:54<01:49,  9.68it/s]
AliNet:  56%|████████████████████████████▌                      | 1345/2400 [02:54<01:48,  9.71it/s]
AliNet:  56%|████████████████████████████▌                      | 1346/2400 [02:55<01:48,  9.74it/s]
AliNet:  56%|████████████████████████████▌                      | 1347/2400 [02:55<01:47,  9.77it/s]
AliNet:  56%|████████████████████████████▋                      | 1348/2400 [02:55<01:47,  9.78it/s]
AliNet:  56%|████████████████████████████▋                      | 1349/2400 [02:55<01:47,  9.80it/s]15:58:34 | INFO    | epoch 1350/2400 | loss=0.0152 align=0.0013 rel=0.0139
15:58:34 | INFO    |            [filtered] MRR=0.6478 Hit@1=0.5241 Hit@5=0.8012 Hit@10=0.8930 MR=5.0 n=7096
15:58:34 | INFO    |            [multiref] MRR=0.9234 Hit@1=0.8753 Hit@5=0.9827 Hit@10=0.9907 MR=1.4 n=1500

AliNet:  56%|████████████████████████████▋                      | 1350/2400 [02:56<04:21,  4.01it/s]
AliNet:  56%|████████████████████████████▋                      | 1352/2400 [02:56<03:13,  5.43it/s]
AliNet:  56%|████████████████████████████▊                      | 1353/2400 [02:56<02:52,  6.07it/s]
AliNet:  56%|████████████████████████████▊                      | 1354/2400 [02:56<02:35,  6.72it/s]
AliNet:  56%|████████████████████████████▊                      | 1355/2400 [02:56<02:22,  7.34it/s]
AliNet:  56%|████████████████████████████▊                      | 1356/2400 [02:56<02:12,  7.90it/s]
AliNet:  57%|████████████████████████████▊                      | 1357/2400 [02:56<02:04,  8.37it/s]
AliNet:  57%|████████████████████████████▊                      | 1358/2400 [02:56<01:59,  8.75it/s]
AliNet:  57%|████████████████████████████▉                      | 1359/2400 [02:56<01:55,  9.04it/s]
AliNet:  57%|████████████████████████████▉                      | 1360/2400 [02:57<01:52,  9.27it/s]
AliNet:  57%|████████████████████████████▉                      | 1361/2400 [02:57<01:50,  9.44it/s]
AliNet:  57%|████████████████████████████▉                      | 1362/2400 [02:57<01:48,  9.55it/s]
AliNet:  57%|████████████████████████████▉                      | 1363/2400 [02:57<01:47,  9.64it/s]
AliNet:  57%|████████████████████████████▉                      | 1364/2400 [02:57<01:46,  9.70it/s]
AliNet:  57%|█████████████████████████████                      | 1365/2400 [02:57<01:46,  9.75it/s]
AliNet:  57%|█████████████████████████████                      | 1366/2400 [02:57<01:45,  9.78it/s]
AliNet:  57%|█████████████████████████████                      | 1367/2400 [02:57<01:45,  9.80it/s]
AliNet:  57%|█████████████████████████████                      | 1368/2400 [02:57<01:45,  9.81it/s]
AliNet:  57%|█████████████████████████████                      | 1369/2400 [02:57<01:44,  9.83it/s]
AliNet:  57%|█████████████████████████████                      | 1370/2400 [02:58<01:44,  9.83it/s]
AliNet:  57%|█████████████████████████████▏                     | 1372/2400 [02:58<01:43,  9.93it/s]
AliNet:  57%|█████████████████████████████▏                     | 1373/2400 [02:58<01:43,  9.91it/s]15:58:37 | INFO    | epoch 1375/2400 | loss=0.0159 align=0.0012 rel=0.0147
15:58:37 | INFO    |            [filtered] MRR=0.6417 Hit@1=0.5204 Hit@5=0.7938 Hit@10=0.8885 MR=5.1 n=7096
15:58:37 | INFO    |            [multiref] MRR=0.9237 Hit@1=0.8760 Hit@5=0.9833 Hit@10=0.9947 MR=1.4 n=1500

AliNet:  57%|█████████████████████████████▏                     | 1375/2400 [02:59<03:28,  4.91it/s]
AliNet:  57%|█████████████████████████████▎                     | 1377/2400 [02:59<02:47,  6.09it/s]
AliNet:  57%|█████████████████████████████▎                     | 1378/2400 [02:59<02:34,  6.62it/s]
AliNet:  57%|█████████████████████████████▎                     | 1379/2400 [02:59<02:22,  7.16it/s]
AliNet:  57%|█████████████████████████████▎                     | 1380/2400 [02:59<02:12,  7.68it/s]
AliNet:  58%|█████████████████████████████▎                     | 1381/2400 [02:59<02:04,  8.15it/s]
AliNet:  58%|█████████████████████████████▎                     | 1382/2400 [02:59<01:58,  8.56it/s]
AliNet:  58%|█████████████████████████████▍                     | 1383/2400 [02:59<01:55,  8.84it/s]
AliNet:  58%|█████████████████████████████▍                     | 1385/2400 [03:00<01:49,  9.31it/s]
AliNet:  58%|█████████████████████████████▍                     | 1387/2400 [03:00<01:38, 10.32it/s]
AliNet:  58%|█████████████████████████████▌                     | 1389/2400 [03:00<01:25, 11.84it/s]
AliNet:  58%|█████████████████████████████▌                     | 1391/2400 [03:00<01:20, 12.58it/s]
AliNet:  58%|█████████████████████████████▌                     | 1393/2400 [03:00<01:26, 11.64it/s]
AliNet:  58%|█████████████████████████████▋                     | 1395/2400 [03:00<01:31, 11.00it/s]
AliNet:  58%|█████████████████████████████▋                     | 1397/2400 [03:01<01:34, 10.61it/s]
AliNet:  58%|█████████████████████████████▋                     | 1399/2400 [03:01<01:36, 10.36it/s]15:58:40 | INFO    | epoch 1400/2400 | loss=0.0162 align=0.0014 rel=0.0147
15:58:40 | INFO    |            [filtered] MRR=0.6374 Hit@1=0.5125 Hit@5=0.7868 Hit@10=0.8766 MR=5.3 n=7096
15:58:40 | INFO    |            [multiref] MRR=0.9232 Hit@1=0.8753 Hit@5=0.9827 Hit@10=0.9927 MR=1.4 n=1500

AliNet:  58%|█████████████████████████████▊                     | 1401/2400 [03:02<02:58,  5.60it/s]
AliNet:  58%|█████████████████████████████▊                     | 1403/2400 [03:02<02:22,  6.99it/s]
AliNet:  59%|█████████████████████████████▊                     | 1405/2400 [03:02<02:03,  8.06it/s]
AliNet:  59%|█████████████████████████████▉                     | 1407/2400 [03:02<01:56,  8.53it/s]
AliNet:  59%|█████████████████████████████▉                     | 1409/2400 [03:02<01:51,  8.89it/s]
AliNet:  59%|█████████████████████████████▉                     | 1411/2400 [03:02<01:47,  9.16it/s]
AliNet:  59%|██████████████████████████████                     | 1413/2400 [03:03<01:45,  9.36it/s]
AliNet:  59%|██████████████████████████████                     | 1415/2400 [03:03<01:43,  9.50it/s]
AliNet:  59%|██████████████████████████████                     | 1417/2400 [03:03<01:42,  9.60it/s]
AliNet:  59%|██████████████████████████████▏                    | 1419/2400 [03:03<01:41,  9.68it/s]
AliNet:  59%|██████████████████████████████▏                    | 1420/2400 [03:03<01:40,  9.70it/s]
AliNet:  59%|██████████████████████████████▏                    | 1421/2400 [03:03<01:40,  9.74it/s]
AliNet:  59%|██████████████████████████████▏                    | 1422/2400 [03:04<01:40,  9.77it/s]
AliNet:  59%|██████████████████████████████▏                    | 1423/2400 [03:04<01:39,  9.79it/s]
AliNet:  59%|██████████████████████████████▎                    | 1424/2400 [03:04<01:39,  9.80it/s]15:58:43 | INFO    | epoch 1425/2400 | loss=0.0154 align=0.0013 rel=0.0142
15:58:43 | INFO    |            [filtered] MRR=0.6386 Hit@1=0.5190 Hit@5=0.7804 Hit@10=0.8777 MR=5.5 n=7096
15:58:43 | INFO    |            [multiref] MRR=0.9244 Hit@1=0.8773 Hit@5=0.9847 Hit@10=0.9927 MR=1.4 n=1500

AliNet:  59%|██████████████████████████████▎                    | 1425/2400 [03:04<04:06,  3.95it/s]
AliNet:  59%|██████████████████████████████▎                    | 1426/2400 [03:05<03:26,  4.72it/s]
AliNet:  60%|██████████████████████████████▎                    | 1428/2400 [03:05<02:37,  6.17it/s]
AliNet:  60%|██████████████████████████████▎                    | 1429/2400 [03:05<02:23,  6.77it/s]
AliNet:  60%|██████████████████████████████▍                    | 1430/2400 [03:05<02:11,  7.36it/s]
AliNet:  60%|██████████████████████████████▍                    | 1431/2400 [03:05<02:02,  7.89it/s]
AliNet:  60%|██████████████████████████████▍                    | 1432/2400 [03:05<01:55,  8.35it/s]
AliNet:  60%|██████████████████████████████▍                    | 1433/2400 [03:05<01:50,  8.73it/s]
AliNet:  60%|██████████████████████████████▍                    | 1434/2400 [03:05<01:46,  9.03it/s]
AliNet:  60%|██████████████████████████████▍                    | 1435/2400 [03:05<01:44,  9.25it/s]
AliNet:  60%|██████████████████████████████▌                    | 1436/2400 [03:06<01:42,  9.42it/s]
AliNet:  60%|██████████████████████████████▌                    | 1437/2400 [03:06<01:40,  9.55it/s]
AliNet:  60%|██████████████████████████████▌                    | 1438/2400 [03:06<01:39,  9.64it/s]
AliNet:  60%|██████████████████████████████▌                    | 1439/2400 [03:06<01:39,  9.70it/s]
AliNet:  60%|██████████████████████████████▌                    | 1440/2400 [03:06<01:38,  9.74it/s]
AliNet:  60%|██████████████████████████████▌                    | 1441/2400 [03:06<01:38,  9.78it/s]
AliNet:  60%|██████████████████████████████▋                    | 1442/2400 [03:06<01:37,  9.80it/s]
AliNet:  60%|██████████████████████████████▋                    | 1443/2400 [03:06<01:37,  9.82it/s]
AliNet:  60%|██████████████████████████████▋                    | 1444/2400 [03:06<01:37,  9.83it/s]
AliNet:  60%|██████████████████████████████▋                    | 1445/2400 [03:06<01:37,  9.83it/s]
AliNet:  60%|██████████████████████████████▋                    | 1446/2400 [03:07<01:36,  9.84it/s]
AliNet:  60%|██████████████████████████████▋                    | 1447/2400 [03:07<01:36,  9.85it/s]
AliNet:  60%|██████████████████████████████▊                    | 1449/2400 [03:07<01:23, 11.41it/s]15:58:46 | INFO    | epoch 1450/2400 | loss=0.0157 align=0.0011 rel=0.0146
15:58:46 | INFO    |            [filtered] MRR=0.6557 Hit@1=0.5383 Hit@5=0.7964 Hit@10=0.8874 MR=5.1 n=7096
15:58:46 | INFO    |            [multiref] MRR=0.9208 Hit@1=0.8727 Hit@5=0.9853 Hit@10=0.9920 MR=1.4 n=1500
15:58:47 | INFO    |            -> new best filtered MRR=0.6557 (saved model_best.pt)

AliNet:  60%|██████████████████████████████▊                    | 1451/2400 [03:08<03:48,  4.15it/s]
AliNet:  60%|██████████████████████████████▊                    | 1452/2400 [03:08<03:19,  4.76it/s]
AliNet:  61%|██████████████████████████████▉                    | 1453/2400 [03:08<02:54,  5.44it/s]
AliNet:  61%|██████████████████████████████▉                    | 1454/2400 [03:08<02:34,  6.14it/s]
AliNet:  61%|██████████████████████████████▉                    | 1456/2400 [03:08<02:00,  7.81it/s]
AliNet:  61%|██████████████████████████████▉                    | 1458/2400 [03:08<01:37,  9.70it/s]
AliNet:  61%|███████████████████████████████                    | 1460/2400 [03:09<01:33, 10.03it/s]
AliNet:  61%|███████████████████████████████                    | 1462/2400 [03:09<01:34,  9.96it/s]
AliNet:  61%|███████████████████████████████                    | 1464/2400 [03:09<01:34,  9.93it/s]
AliNet:  61%|███████████████████████████████▏                   | 1466/2400 [03:09<01:34,  9.90it/s]
AliNet:  61%|███████████████████████████████▏                   | 1468/2400 [03:09<01:34,  9.88it/s]
AliNet:  61%|███████████████████████████████▏                   | 1470/2400 [03:10<01:34,  9.87it/s]
AliNet:  61%|███████████████████████████████▎                   | 1472/2400 [03:10<01:34,  9.87it/s]
AliNet:  61%|███████████████████████████████▎                   | 1474/2400 [03:10<01:33,  9.86it/s]15:58:49 | INFO    | epoch 1475/2400 | loss=0.0151 align=0.0013 rel=0.0138
15:58:49 | INFO    |            [filtered] MRR=0.6732 Hit@1=0.5559 Hit@5=0.8188 Hit@10=0.9019 MR=4.7 n=7096
15:58:49 | INFO    |            [multiref] MRR=0.9227 Hit@1=0.8747 Hit@5=0.9847 Hit@10=0.9920 MR=1.4 n=1500
15:58:50 | INFO    |            -> new best filtered MRR=0.6732 (saved model_best.pt)

AliNet:  61%|███████████████████████████████▎                   | 1475/2400 [03:11<03:51,  3.99it/s]
AliNet:  62%|███████████████████████████████▍                   | 1477/2400 [03:11<03:04,  5.01it/s]
AliNet:  62%|███████████████████████████████▍                   | 1478/2400 [03:11<02:46,  5.54it/s]
AliNet:  62%|███████████████████████████████▍                   | 1479/2400 [03:11<02:30,  6.12it/s]
AliNet:  62%|███████████████████████████████▍                   | 1480/2400 [03:11<02:16,  6.72it/s]
AliNet:  62%|███████████████████████████████▍                   | 1481/2400 [03:11<02:05,  7.31it/s]
AliNet:  62%|███████████████████████████████▍                   | 1482/2400 [03:12<01:56,  7.85it/s]
AliNet:  62%|███████████████████████████████▌                   | 1483/2400 [03:12<01:50,  8.31it/s]
AliNet:  62%|███████████████████████████████▌                   | 1484/2400 [03:12<01:45,  8.69it/s]
AliNet:  62%|███████████████████████████████▌                   | 1485/2400 [03:12<01:41,  9.00it/s]
AliNet:  62%|███████████████████████████████▌                   | 1486/2400 [03:12<01:39,  9.23it/s]
AliNet:  62%|███████████████████████████████▌                   | 1487/2400 [03:12<01:37,  9.41it/s]
AliNet:  62%|███████████████████████████████▌                   | 1488/2400 [03:12<01:35,  9.54it/s]
AliNet:  62%|███████████████████████████████▋                   | 1489/2400 [03:12<01:34,  9.63it/s]
AliNet:  62%|███████████████████████████████▋                   | 1491/2400 [03:12<01:20, 11.23it/s]
AliNet:  62%|███████████████████████████████▋                   | 1493/2400 [03:13<01:11, 12.75it/s]
AliNet:  62%|███████████████████████████████▊                   | 1495/2400 [03:13<01:05, 13.80it/s]
AliNet:  62%|███████████████████████████████▊                   | 1497/2400 [03:13<01:14, 12.18it/s]
AliNet:  62%|███████████████████████████████▊                   | 1499/2400 [03:13<01:19, 11.30it/s]15:58:52 | INFO    | epoch 1500/2400 | loss=0.0148 align=0.0012 rel=0.0136
15:58:53 | INFO    |            [filtered] MRR=0.6807 Hit@1=0.5667 Hit@5=0.8288 Hit@10=0.8983 MR=4.5 n=7096
15:58:53 | INFO    |            [multiref] MRR=0.9216 Hit@1=0.8753 Hit@5=0.9820 Hit@10=0.9927 MR=1.4 n=1500
15:58:53 | INFO    |            -> new best filtered MRR=0.6807 (saved model_best.pt)

AliNet:  63%|███████████████████████████████▉                   | 1501/2400 [03:14<03:09,  4.74it/s]
AliNet:  63%|███████████████████████████████▉                   | 1503/2400 [03:14<02:27,  6.08it/s]
AliNet:  63%|███████████████████████████████▉                   | 1505/2400 [03:14<02:09,  6.92it/s]
AliNet:  63%|████████████████████████████████                   | 1507/2400 [03:15<01:57,  7.61it/s]
AliNet:  63%|████████████████████████████████                   | 1509/2400 [03:15<01:48,  8.18it/s]
AliNet:  63%|████████████████████████████████                   | 1511/2400 [03:15<01:43,  8.62it/s]
AliNet:  63%|████████████████████████████████▏                  | 1513/2400 [03:15<01:38,  8.96it/s]
AliNet:  63%|████████████████████████████████▏                  | 1515/2400 [03:15<01:36,  9.21it/s]
AliNet:  63%|████████████████████████████████▏                  | 1516/2400 [03:15<01:34,  9.32it/s]
AliNet:  63%|████████████████████████████████▏                  | 1517/2400 [03:16<01:33,  9.42it/s]
AliNet:  63%|████████████████████████████████▎                  | 1518/2400 [03:16<01:32,  9.51it/s]
AliNet:  63%|████████████████████████████████▎                  | 1519/2400 [03:16<01:31,  9.59it/s]
AliNet:  63%|████████████████████████████████▎                  | 1520/2400 [03:16<01:31,  9.66it/s]
AliNet:  63%|████████████████████████████████▎                  | 1521/2400 [03:16<01:30,  9.71it/s]
AliNet:  63%|████████████████████████████████▎                  | 1522/2400 [03:16<01:30,  9.75it/s]
AliNet:  63%|████████████████████████████████▎                  | 1523/2400 [03:16<01:29,  9.78it/s]
AliNet:  64%|████████████████████████████████▍                  | 1524/2400 [03:16<01:29,  9.80it/s]15:58:55 | INFO    | epoch 1525/2400 | loss=0.0147 align=0.0014 rel=0.0134
15:58:56 | INFO    |            [filtered] MRR=0.6914 Hit@1=0.5774 Hit@5=0.8331 Hit@10=0.9066 MR=4.4 n=7096
15:58:56 | INFO    |            [multiref] MRR=0.9220 Hit@1=0.8733 Hit@5=0.9833 Hit@10=0.9920 MR=1.4 n=1500
15:58:56 | INFO    |            -> new best filtered MRR=0.6914 (saved model_best.pt)

AliNet:  64%|████████████████████████████████▍                  | 1525/2400 [03:17<04:50,  3.01it/s]
AliNet:  64%|████████████████████████████████▍                  | 1527/2400 [03:17<03:17,  4.42it/s]
AliNet:  64%|████████████████████████████████▍                  | 1528/2400 [03:17<02:50,  5.12it/s]
AliNet:  64%|████████████████████████████████▍                  | 1529/2400 [03:18<02:28,  5.85it/s]
AliNet:  64%|████████████████████████████████▌                  | 1530/2400 [03:18<02:12,  6.57it/s]
AliNet:  64%|████████████████████████████████▌                  | 1531/2400 [03:18<02:00,  7.24it/s]
AliNet:  64%|████████████████████████████████▌                  | 1532/2400 [03:18<01:50,  7.83it/s]
AliNet:  64%|████████████████████████████████▌                  | 1533/2400 [03:18<01:44,  8.33it/s]
AliNet:  64%|████████████████████████████████▌                  | 1534/2400 [03:18<01:39,  8.72it/s]
AliNet:  64%|████████████████████████████████▌                  | 1535/2400 [03:18<01:35,  9.02it/s]
AliNet:  64%|████████████████████████████████▋                  | 1536/2400 [03:18<01:33,  9.25it/s]
AliNet:  64%|████████████████████████████████▋                  | 1538/2400 [03:18<01:22, 10.51it/s]
AliNet:  64%|████████████████████████████████▋                  | 1540/2400 [03:19<01:10, 12.18it/s]
AliNet:  64%|████████████████████████████████▊                  | 1542/2400 [03:19<01:14, 11.57it/s]
AliNet:  64%|████████████████████████████████▊                  | 1544/2400 [03:19<01:18, 10.91it/s]
AliNet:  64%|████████████████████████████████▊                  | 1546/2400 [03:19<01:20, 10.55it/s]
AliNet:  64%|████████████████████████████████▉                  | 1548/2400 [03:19<01:22, 10.32it/s]15:58:59 | INFO    | epoch 1550/2400 | loss=0.0147 align=0.0013 rel=0.0134
15:58:59 | INFO    |            [filtered] MRR=0.6832 Hit@1=0.5707 Hit@5=0.8250 Hit@10=0.9014 MR=4.6 n=7096
15:58:59 | INFO    |            [multiref] MRR=0.9206 Hit@1=0.8707 Hit@5=0.9813 Hit@10=0.9953 MR=1.4 n=1500

AliNet:  65%|████████████████████████████████▉                  | 1550/2400 [03:20<02:41,  5.25it/s]
AliNet:  65%|████████████████████████████████▉                  | 1552/2400 [03:20<02:07,  6.64it/s]
AliNet:  65%|█████████████████████████████████                  | 1554/2400 [03:20<01:50,  7.62it/s]
AliNet:  65%|█████████████████████████████████                  | 1556/2400 [03:21<01:43,  8.19it/s]
AliNet:  65%|█████████████████████████████████                  | 1558/2400 [03:21<01:37,  8.63it/s]
AliNet:  65%|█████████████████████████████████▏                 | 1560/2400 [03:21<01:33,  8.97it/s]
AliNet:  65%|█████████████████████████████████▏                 | 1562/2400 [03:21<01:30,  9.22it/s]
AliNet:  65%|█████████████████████████████████▏                 | 1564/2400 [03:21<01:28,  9.40it/s]
AliNet:  65%|█████████████████████████████████▎                 | 1566/2400 [03:22<01:27,  9.53it/s]
AliNet:  65%|█████████████████████████████████▎                 | 1567/2400 [03:22<01:26,  9.59it/s]
AliNet:  65%|█████████████████████████████████▎                 | 1568/2400 [03:22<01:26,  9.64it/s]
AliNet:  65%|█████████████████████████████████▎                 | 1569/2400 [03:22<01:25,  9.69it/s]
AliNet:  65%|█████████████████████████████████▎                 | 1570/2400 [03:22<01:25,  9.73it/s]
AliNet:  65%|█████████████████████████████████▍                 | 1571/2400 [03:22<01:24,  9.76it/s]
AliNet:  66%|█████████████████████████████████▍                 | 1572/2400 [03:22<01:24,  9.79it/s]
AliNet:  66%|█████████████████████████████████▍                 | 1573/2400 [03:22<01:24,  9.80it/s]
AliNet:  66%|█████████████████████████████████▍                 | 1574/2400 [03:22<01:24,  9.82it/s]15:59:02 | INFO    | epoch 1575/2400 | loss=0.0153 align=0.0012 rel=0.0141
15:59:02 | INFO    |            [filtered] MRR=0.6854 Hit@1=0.5761 Hit@5=0.8203 Hit@10=0.8988 MR=4.7 n=7096
15:59:02 | INFO    |            [multiref] MRR=0.9188 Hit@1=0.8673 Hit@5=0.9827 Hit@10=0.9920 MR=1.4 n=1500

AliNet:  66%|█████████████████████████████████▍                 | 1575/2400 [03:23<03:37,  3.79it/s]
AliNet:  66%|█████████████████████████████████▌                 | 1577/2400 [03:23<02:35,  5.28it/s]
AliNet:  66%|█████████████████████████████████▌                 | 1578/2400 [03:23<02:18,  5.96it/s]
AliNet:  66%|█████████████████████████████████▌                 | 1579/2400 [03:24<02:03,  6.64it/s]
AliNet:  66%|█████████████████████████████████▌                 | 1580/2400 [03:24<01:52,  7.28it/s]
AliNet:  66%|█████████████████████████████████▌                 | 1581/2400 [03:24<01:44,  7.84it/s]
AliNet:  66%|█████████████████████████████████▌                 | 1582/2400 [03:24<01:38,  8.32it/s]
AliNet:  66%|█████████████████████████████████▋                 | 1583/2400 [03:24<01:33,  8.72it/s]
AliNet:  66%|█████████████████████████████████▋                 | 1584/2400 [03:24<01:30,  9.02it/s]
AliNet:  66%|█████████████████████████████████▋                 | 1585/2400 [03:24<01:28,  9.26it/s]
AliNet:  66%|█████████████████████████████████▋                 | 1586/2400 [03:24<01:26,  9.43it/s]
AliNet:  66%|█████████████████████████████████▋                 | 1587/2400 [03:24<01:25,  9.55it/s]
AliNet:  66%|█████████████████████████████████▋                 | 1588/2400 [03:24<01:24,  9.64it/s]
AliNet:  66%|█████████████████████████████████▊                 | 1589/2400 [03:25<01:23,  9.70it/s]
AliNet:  66%|█████████████████████████████████▊                 | 1590/2400 [03:25<01:23,  9.74it/s]
AliNet:  66%|█████████████████████████████████▊                 | 1591/2400 [03:25<01:22,  9.77it/s]
AliNet:  66%|█████████████████████████████████▊                 | 1593/2400 [03:25<01:16, 10.61it/s]
AliNet:  66%|█████████████████████████████████▉                 | 1595/2400 [03:25<01:05, 12.22it/s]
AliNet:  67%|█████████████████████████████████▉                 | 1597/2400 [03:25<00:59, 13.40it/s]
AliNet:  67%|█████████████████████████████████▉                 | 1599/2400 [03:25<01:02, 12.84it/s]15:59:04 | INFO    | epoch 1600/2400 | loss=0.0143 align=0.0012 rel=0.0131
15:59:05 | INFO    |            [filtered] MRR=0.6825 Hit@1=0.5741 Hit@5=0.8158 Hit@10=0.8892 MR=4.9 n=7096
15:59:05 | INFO    |            [multiref] MRR=0.9190 Hit@1=0.8673 Hit@5=0.9820 Hit@10=0.9920 MR=1.4 n=1500

AliNet:  67%|██████████████████████████████████                 | 1601/2400 [03:26<02:23,  5.59it/s]
AliNet:  67%|██████████████████████████████████                 | 1603/2400 [03:26<02:01,  6.54it/s]
AliNet:  67%|██████████████████████████████████                 | 1605/2400 [03:26<01:39,  8.00it/s]
AliNet:  67%|██████████████████████████████████▏                | 1607/2400 [03:27<01:23,  9.45it/s]
AliNet:  67%|██████████████████████████████████▏                | 1609/2400 [03:27<01:17, 10.15it/s]
AliNet:  67%|██████████████████████████████████▏                | 1611/2400 [03:27<01:18, 10.06it/s]
AliNet:  67%|██████████████████████████████████▎                | 1613/2400 [03:27<01:18,  9.99it/s]
AliNet:  67%|██████████████████████████████████▎                | 1615/2400 [03:27<01:18,  9.95it/s]
AliNet:  67%|██████████████████████████████████▎                | 1617/2400 [03:28<01:18,  9.92it/s]
AliNet:  67%|██████████████████████████████████▍                | 1619/2400 [03:28<01:18,  9.90it/s]
AliNet:  68%|██████████████████████████████████▍                | 1621/2400 [03:28<01:20,  9.71it/s]
AliNet:  68%|██████████████████████████████████▍                | 1623/2400 [03:28<01:19,  9.78it/s]
AliNet:  68%|██████████████████████████████████▌                | 1624/2400 [03:28<01:19,  9.79it/s]15:59:07 | INFO    | epoch 1625/2400 | loss=0.0152 align=0.0014 rel=0.0138
15:59:08 | INFO    |            [filtered] MRR=0.6856 Hit@1=0.5748 Hit@5=0.8212 Hit@10=0.8987 MR=4.7 n=7096
15:59:08 | INFO    |            [multiref] MRR=0.9223 Hit@1=0.8727 Hit@5=0.9833 Hit@10=0.9920 MR=1.4 n=1500

AliNet:  68%|██████████████████████████████████▌                | 1625/2400 [03:29<02:49,  4.57it/s]
AliNet:  68%|██████████████████████████████████▌                | 1627/2400 [03:29<02:15,  5.71it/s]
AliNet:  68%|██████████████████████████████████▌                | 1628/2400 [03:29<02:03,  6.26it/s]
AliNet:  68%|██████████████████████████████████▌                | 1629/2400 [03:29<01:52,  6.83it/s]
AliNet:  68%|██████████████████████████████████▋                | 1630/2400 [03:29<01:44,  7.38it/s]
AliNet:  68%|██████████████████████████████████▋                | 1631/2400 [03:30<01:37,  7.90it/s]
AliNet:  68%|██████████████████████████████████▋                | 1632/2400 [03:30<01:31,  8.35it/s]
AliNet:  68%|██████████████████████████████████▋                | 1633/2400 [03:30<01:27,  8.73it/s]
AliNet:  68%|██████████████████████████████████▋                | 1634/2400 [03:30<01:24,  9.02it/s]
AliNet:  68%|██████████████████████████████████▋                | 1635/2400 [03:30<01:22,  9.25it/s]
AliNet:  68%|██████████████████████████████████▊                | 1636/2400 [03:30<01:21,  9.41it/s]
AliNet:  68%|██████████████████████████████████▊                | 1637/2400 [03:30<01:20,  9.53it/s]
AliNet:  68%|██████████████████████████████████▊                | 1638/2400 [03:30<01:19,  9.63it/s]
AliNet:  68%|██████████████████████████████████▊                | 1639/2400 [03:30<01:18,  9.70it/s]
AliNet:  68%|██████████████████████████████████▊                | 1640/2400 [03:30<01:17,  9.75it/s]
AliNet:  68%|██████████████████████████████████▊                | 1641/2400 [03:31<01:17,  9.78it/s]
AliNet:  68%|██████████████████████████████████▉                | 1642/2400 [03:31<01:17,  9.80it/s]
AliNet:  68%|██████████████████████████████████▉                | 1643/2400 [03:31<01:17,  9.82it/s]
AliNet:  68%|██████████████████████████████████▉                | 1644/2400 [03:31<01:16,  9.83it/s]
AliNet:  69%|██████████████████████████████████▉                | 1645/2400 [03:31<01:16,  9.84it/s]
AliNet:  69%|██████████████████████████████████▉                | 1646/2400 [03:31<01:16,  9.84it/s]
AliNet:  69%|██████████████████████████████████▉                | 1647/2400 [03:31<01:16,  9.84it/s]
AliNet:  69%|███████████████████████████████████                | 1648/2400 [03:31<01:16,  9.84it/s]
AliNet:  69%|███████████████████████████████████                | 1649/2400 [03:31<01:16,  9.85it/s]15:59:10 | INFO    | epoch 1650/2400 | loss=0.0145 align=0.0013 rel=0.0132
15:59:11 | INFO    |            [filtered] MRR=0.6983 Hit@1=0.5944 Hit@5=0.8212 Hit@10=0.9067 MR=4.4 n=7096
15:59:11 | INFO    |            [multiref] MRR=0.9192 Hit@1=0.8660 Hit@5=0.9853 Hit@10=0.9927 MR=1.4 n=1500
15:59:11 | INFO    |            -> new best filtered MRR=0.6983 (saved model_best.pt)

AliNet:  69%|███████████████████████████████████                | 1650/2400 [03:32<04:11,  2.98it/s]
AliNet:  69%|███████████████████████████████████                | 1652/2400 [03:32<02:49,  4.42it/s]
AliNet:  69%|███████████████████████████████████▏               | 1654/2400 [03:33<02:10,  5.71it/s]
AliNet:  69%|███████████████████████████████████▏               | 1655/2400 [03:33<01:58,  6.30it/s]
AliNet:  69%|███████████████████████████████████▏               | 1657/2400 [03:33<01:41,  7.35it/s]
AliNet:  69%|███████████████████████████████████▏               | 1658/2400 [03:33<01:35,  7.78it/s]
AliNet:  69%|███████████████████████████████████▎               | 1659/2400 [03:33<01:30,  8.19it/s]
AliNet:  69%|███████████████████████████████████▎               | 1660/2400 [03:33<01:26,  8.55it/s]
AliNet:  69%|███████████████████████████████████▎               | 1661/2400 [03:33<01:23,  8.86it/s]
AliNet:  69%|███████████████████████████████████▎               | 1662/2400 [03:33<01:20,  9.12it/s]
AliNet:  69%|███████████████████████████████████▎               | 1663/2400 [03:34<01:19,  9.31it/s]
AliNet:  69%|███████████████████████████████████▍               | 1665/2400 [03:34<01:07, 10.87it/s]
AliNet:  69%|███████████████████████████████████▍               | 1667/2400 [03:34<00:58, 12.44it/s]
AliNet:  70%|███████████████████████████████████▍               | 1669/2400 [03:34<01:03, 11.43it/s]
AliNet:  70%|███████████████████████████████████▌               | 1671/2400 [03:34<01:07, 10.84it/s]
AliNet:  70%|███████████████████████████████████▌               | 1673/2400 [03:34<01:09, 10.50it/s]15:59:14 | INFO    | epoch 1675/2400 | loss=0.0145 align=0.0012 rel=0.0133
15:59:14 | INFO    |            [filtered] MRR=0.7131 Hit@1=0.6125 Hit@5=0.8381 Hit@10=0.9116 MR=4.1 n=7096
15:59:14 | INFO    |            [multiref] MRR=0.9184 Hit@1=0.8660 Hit@5=0.9833 Hit@10=0.9913 MR=1.4 n=1500
15:59:14 | INFO    |            -> new best filtered MRR=0.7131 (saved model_best.pt)

AliNet:  70%|███████████████████████████████████▌               | 1675/2400 [03:35<02:45,  4.37it/s]
AliNet:  70%|███████████████████████████████████▌               | 1676/2400 [03:36<02:28,  4.88it/s]
AliNet:  70%|███████████████████████████████████▋               | 1677/2400 [03:36<02:12,  5.46it/s]
AliNet:  70%|███████████████████████████████████▋               | 1678/2400 [03:36<01:58,  6.08it/s]
AliNet:  70%|███████████████████████████████████▋               | 1679/2400 [03:36<01:47,  6.72it/s]
AliNet:  70%|███████████████████████████████████▋               | 1680/2400 [03:36<01:38,  7.33it/s]
AliNet:  70%|███████████████████████████████████▋               | 1681/2400 [03:36<01:31,  7.87it/s]
AliNet:  70%|███████████████████████████████████▋               | 1682/2400 [03:36<01:26,  8.34it/s]
AliNet:  70%|███████████████████████████████████▊               | 1683/2400 [03:36<01:22,  8.72it/s]
AliNet:  70%|███████████████████████████████████▊               | 1684/2400 [03:36<01:19,  9.02it/s]
AliNet:  70%|███████████████████████████████████▊               | 1685/2400 [03:36<01:17,  9.26it/s]
AliNet:  70%|███████████████████████████████████▊               | 1686/2400 [03:37<01:15,  9.43it/s]
AliNet:  70%|███████████████████████████████████▊               | 1687/2400 [03:37<01:14,  9.54it/s]
AliNet:  70%|███████████████████████████████████▊               | 1688/2400 [03:37<01:13,  9.64it/s]
AliNet:  70%|███████████████████████████████████▉               | 1689/2400 [03:37<01:13,  9.70it/s]
AliNet:  70%|███████████████████████████████████▉               | 1690/2400 [03:37<01:12,  9.75it/s]
AliNet:  70%|███████████████████████████████████▉               | 1691/2400 [03:37<01:12,  9.78it/s]
AliNet:  70%|███████████████████████████████████▉               | 1692/2400 [03:37<01:12,  9.80it/s]
AliNet:  71%|███████████████████████████████████▉               | 1693/2400 [03:37<01:12,  9.81it/s]
AliNet:  71%|███████████████████████████████████▉               | 1694/2400 [03:37<01:11,  9.83it/s]
AliNet:  71%|████████████████████████████████████               | 1695/2400 [03:38<01:11,  9.84it/s]
AliNet:  71%|████████████████████████████████████               | 1696/2400 [03:38<01:11,  9.84it/s]
AliNet:  71%|████████████████████████████████████               | 1697/2400 [03:38<01:11,  9.85it/s]
AliNet:  71%|████████████████████████████████████               | 1698/2400 [03:38<01:11,  9.85it/s]15:59:17 | INFO    | epoch 1700/2400 | loss=0.0144 align=0.0012 rel=0.0132
15:59:17 | INFO    |            [filtered] MRR=0.7119 Hit@1=0.6015 Hit@5=0.8450 Hit@10=0.9266 MR=3.8 n=7096
15:59:17 | INFO    |            [multiref] MRR=0.9217 Hit@1=0.8687 Hit@5=0.9853 Hit@10=0.9933 MR=1.4 n=1500

AliNet:  71%|████████████████████████████████████▏              | 1700/2400 [03:39<02:31,  4.62it/s]
AliNet:  71%|████████████████████████████████████▏              | 1702/2400 [03:39<01:58,  5.89it/s]
AliNet:  71%|████████████████████████████████████▏              | 1703/2400 [03:39<01:47,  6.47it/s]
AliNet:  71%|████████████████████████████████████▏              | 1704/2400 [03:39<01:38,  7.05it/s]
AliNet:  71%|████████████████████████████████████▏              | 1705/2400 [03:39<01:31,  7.60it/s]
AliNet:  71%|████████████████████████████████████▎              | 1706/2400 [03:39<01:25,  8.09it/s]
AliNet:  71%|████████████████████████████████████▎              | 1707/2400 [03:39<01:21,  8.52it/s]
AliNet:  71%|████████████████████████████████████▎              | 1708/2400 [03:39<01:18,  8.86it/s]
AliNet:  71%|████████████████████████████████████▎              | 1709/2400 [03:39<01:15,  9.12it/s]
AliNet:  71%|████████████████████████████████████▎              | 1710/2400 [03:40<01:13,  9.33it/s]
AliNet:  71%|████████████████████████████████████▎              | 1711/2400 [03:40<01:12,  9.48it/s]
AliNet:  71%|████████████████████████████████████▍              | 1713/2400 [03:40<01:04, 10.64it/s]
AliNet:  71%|████████████████████████████████████▍              | 1715/2400 [03:40<00:55, 12.28it/s]
AliNet:  72%|████████████████████████████████████▍              | 1717/2400 [03:40<00:53, 12.87it/s]
AliNet:  72%|████████████████████████████████████▌              | 1719/2400 [03:40<00:57, 11.77it/s]
AliNet:  72%|████████████████████████████████████▌              | 1721/2400 [03:40<01:01, 11.07it/s]
AliNet:  72%|████████████████████████████████████▌              | 1723/2400 [03:41<01:04, 10.53it/s]15:59:20 | INFO    | epoch 1725/2400 | loss=0.0138 align=0.0013 rel=0.0125
15:59:20 | INFO    |            [filtered] MRR=0.7161 Hit@1=0.6056 Hit@5=0.8496 Hit@10=0.9266 MR=3.7 n=7096
15:59:20 | INFO    |            [multiref] MRR=0.9219 Hit@1=0.8707 Hit@5=0.9873 Hit@10=0.9947 MR=1.4 n=1500
15:59:21 | INFO    |            -> new best filtered MRR=0.7161 (saved model_best.pt)

AliNet:  72%|████████████████████████████████████▋              | 1725/2400 [03:42<02:28,  4.55it/s]
AliNet:  72%|████████████████████████████████████▋              | 1727/2400 [03:42<01:58,  5.66it/s]
AliNet:  72%|████████████████████████████████████▋              | 1728/2400 [03:42<01:49,  6.13it/s]
AliNet:  72%|████████████████████████████████████▋              | 1729/2400 [03:42<01:40,  6.65it/s]
AliNet:  72%|████████████████████████████████████▊              | 1730/2400 [03:42<01:33,  7.17it/s]
AliNet:  72%|████████████████████████████████████▊              | 1731/2400 [03:42<01:27,  7.69it/s]
AliNet:  72%|████████████████████████████████████▊              | 1732/2400 [03:42<01:21,  8.15it/s]
AliNet:  72%|████████████████████████████████████▊              | 1733/2400 [03:42<01:18,  8.55it/s]
AliNet:  72%|████████████████████████████████████▊              | 1734/2400 [03:43<01:15,  8.88it/s]
AliNet:  72%|████████████████████████████████████▊              | 1735/2400 [03:43<01:12,  9.14it/s]
AliNet:  72%|████████████████████████████████████▉              | 1736/2400 [03:43<01:11,  9.33it/s]
AliNet:  72%|████████████████████████████████████▉              | 1737/2400 [03:43<01:09,  9.48it/s]
AliNet:  72%|████████████████████████████████████▉              | 1738/2400 [03:43<01:09,  9.59it/s]
AliNet:  72%|████████████████████████████████████▉              | 1739/2400 [03:43<01:08,  9.66it/s]
AliNet:  72%|████████████████████████████████████▉              | 1740/2400 [03:43<01:07,  9.72it/s]
AliNet:  73%|████████████████████████████████████▉              | 1741/2400 [03:43<01:07,  9.75it/s]
AliNet:  73%|█████████████████████████████████████              | 1742/2400 [03:43<01:07,  9.78it/s]
AliNet:  73%|█████████████████████████████████████              | 1743/2400 [03:43<01:07,  9.80it/s]
AliNet:  73%|█████████████████████████████████████              | 1744/2400 [03:44<01:06,  9.82it/s]
AliNet:  73%|█████████████████████████████████████              | 1745/2400 [03:44<01:06,  9.83it/s]
AliNet:  73%|█████████████████████████████████████              | 1746/2400 [03:44<01:06,  9.84it/s]
AliNet:  73%|█████████████████████████████████████              | 1747/2400 [03:44<01:06,  9.84it/s]
AliNet:  73%|█████████████████████████████████████▏             | 1748/2400 [03:44<01:06,  9.84it/s]
AliNet:  73%|█████████████████████████████████████▏             | 1749/2400 [03:44<01:06,  9.85it/s]15:59:23 | INFO    | epoch 1750/2400 | loss=0.0134 align=0.0011 rel=0.0123
15:59:24 | INFO    |            [filtered] MRR=0.7122 Hit@1=0.6027 Hit@5=0.8477 Hit@10=0.9180 MR=3.9 n=7096
15:59:24 | INFO    |            [multiref] MRR=0.9225 Hit@1=0.8700 Hit@5=0.9840 Hit@10=0.9933 MR=1.4 n=1500

AliNet:  73%|█████████████████████████████████████▏             | 1750/2400 [03:45<02:54,  3.72it/s]
AliNet:  73%|█████████████████████████████████████▏             | 1752/2400 [03:45<02:03,  5.26it/s]
AliNet:  73%|█████████████████████████████████████▎             | 1753/2400 [03:45<01:48,  5.95it/s]
AliNet:  73%|█████████████████████████████████████▎             | 1754/2400 [03:45<01:37,  6.63it/s]
AliNet:  73%|█████████████████████████████████████▎             | 1755/2400 [03:45<01:28,  7.28it/s]
AliNet:  73%|█████████████████████████████████████▎             | 1756/2400 [03:45<01:21,  7.86it/s]
AliNet:  73%|█████████████████████████████████████▎             | 1757/2400 [03:45<01:17,  8.33it/s]
AliNet:  73%|█████████████████████████████████████▎             | 1758/2400 [03:46<01:13,  8.73it/s]
AliNet:  73%|█████████████████████████████████████▍             | 1759/2400 [03:46<01:10,  9.03it/s]
AliNet:  73%|█████████████████████████████████████▍             | 1760/2400 [03:46<01:09,  9.26it/s]
AliNet:  73%|█████████████████████████████████████▍             | 1761/2400 [03:46<01:07,  9.43it/s]
AliNet:  73%|█████████████████████████████████████▍             | 1762/2400 [03:46<01:06,  9.56it/s]
AliNet:  73%|█████████████████████████████████████▍             | 1763/2400 [03:46<01:06,  9.64it/s]
AliNet:  74%|█████████████████████████████████████▍             | 1764/2400 [03:46<01:05,  9.70it/s]
AliNet:  74%|█████████████████████████████████████▌             | 1765/2400 [03:46<01:05,  9.74it/s]
AliNet:  74%|█████████████████████████████████████▌             | 1766/2400 [03:46<01:04,  9.77it/s]
AliNet:  74%|█████████████████████████████████████▌             | 1767/2400 [03:46<01:04,  9.80it/s]
AliNet:  74%|█████████████████████████████████████▌             | 1768/2400 [03:47<01:04,  9.81it/s]
AliNet:  74%|█████████████████████████████████████▌             | 1769/2400 [03:47<01:04,  9.83it/s]
AliNet:  74%|█████████████████████████████████████▌             | 1770/2400 [03:47<01:04,  9.84it/s]
AliNet:  74%|█████████████████████████████████████▋             | 1772/2400 [03:47<00:54, 11.48it/s]
AliNet:  74%|█████████████████████████████████████▋             | 1774/2400 [03:47<00:48, 12.90it/s]15:59:26 | INFO    | epoch 1775/2400 | loss=0.0137 align=0.0012 rel=0.0126
15:59:27 | INFO    |            [filtered] MRR=0.7165 Hit@1=0.6113 Hit@5=0.8427 Hit@10=0.9102 MR=4.1 n=7096
15:59:27 | INFO    |            [multiref] MRR=0.9220 Hit@1=0.8700 Hit@5=0.9833 Hit@10=0.9927 MR=1.4 n=1500
15:59:27 | INFO    |            -> new best filtered MRR=0.7165 (saved model_best.pt)

AliNet:  74%|█████████████████████████████████████▋             | 1776/2400 [03:48<02:22,  4.39it/s]
AliNet:  74%|█████████████████████████████████████▊             | 1778/2400 [03:48<01:47,  5.80it/s]
AliNet:  74%|█████████████████████████████████████▊             | 1780/2400 [03:48<01:31,  6.74it/s]
AliNet:  74%|█████████████████████████████████████▊             | 1782/2400 [03:49<01:22,  7.50it/s]
AliNet:  74%|█████████████████████████████████████▉             | 1784/2400 [03:49<01:16,  8.10it/s]
AliNet:  74%|█████████████████████████████████████▉             | 1786/2400 [03:49<01:11,  8.57it/s]
AliNet:  74%|█████████████████████████████████████▉             | 1788/2400 [03:49<01:08,  8.93it/s]
AliNet:  75%|██████████████████████████████████████             | 1790/2400 [03:49<01:06,  9.19it/s]
AliNet:  75%|██████████████████████████████████████             | 1792/2400 [03:50<01:04,  9.38it/s]
AliNet:  75%|██████████████████████████████████████             | 1793/2400 [03:50<01:04,  9.47it/s]
AliNet:  75%|██████████████████████████████████████             | 1794/2400 [03:50<01:03,  9.54it/s]
AliNet:  75%|██████████████████████████████████████▏            | 1795/2400 [03:50<01:02,  9.60it/s]
AliNet:  75%|██████████████████████████████████████▏            | 1796/2400 [03:50<01:02,  9.67it/s]
AliNet:  75%|██████████████████████████████████████▏            | 1797/2400 [03:50<01:02,  9.72it/s]
AliNet:  75%|██████████████████████████████████████▏            | 1798/2400 [03:50<01:01,  9.75it/s]
AliNet:  75%|██████████████████████████████████████▏            | 1799/2400 [03:50<01:01,  9.78it/s]15:59:29 | INFO    | epoch 1800/2400 | loss=0.0137 align=0.0012 rel=0.0125
15:59:30 | INFO    |            [filtered] MRR=0.7191 Hit@1=0.6127 Hit@5=0.8496 Hit@10=0.9108 MR=4.2 n=7096
15:59:30 | INFO    |            [multiref] MRR=0.9229 Hit@1=0.8760 Hit@5=0.9820 Hit@10=0.9907 MR=1.5 n=1500
15:59:30 | INFO    |            -> new best filtered MRR=0.7191 (saved model_best.pt)

AliNet:  75%|██████████████████████████████████████▎            | 1800/2400 [03:51<03:17,  3.04it/s]
AliNet:  75%|██████████████████████████████████████▎            | 1802/2400 [03:51<02:15,  4.42it/s]
AliNet:  75%|██████████████████████████████████████▎            | 1803/2400 [03:51<01:56,  5.10it/s]
AliNet:  75%|██████████████████████████████████████▎            | 1804/2400 [03:52<01:42,  5.83it/s]
AliNet:  75%|██████████████████████████████████████▎            | 1805/2400 [03:52<01:30,  6.55it/s]
AliNet:  75%|██████████████████████████████████████▍            | 1806/2400 [03:52<01:22,  7.22it/s]
AliNet:  75%|██████████████████████████████████████▍            | 1807/2400 [03:52<01:15,  7.81it/s]
AliNet:  75%|██████████████████████████████████████▍            | 1808/2400 [03:52<01:11,  8.31it/s]
AliNet:  75%|██████████████████████████████████████▍            | 1809/2400 [03:52<01:07,  8.71it/s]
AliNet:  75%|██████████████████████████████████████▍            | 1810/2400 [03:52<01:05,  9.02it/s]
AliNet:  75%|██████████████████████████████████████▍            | 1811/2400 [03:52<01:03,  9.25it/s]
AliNet:  76%|██████████████████████████████████████▌            | 1812/2400 [03:52<01:02,  9.43it/s]
AliNet:  76%|██████████████████████████████████████▌            | 1813/2400 [03:52<01:01,  9.55it/s]
AliNet:  76%|██████████████████████████████████████▌            | 1814/2400 [03:53<01:00,  9.64it/s]
AliNet:  76%|██████████████████████████████████████▌            | 1815/2400 [03:53<01:00,  9.70it/s]
AliNet:  76%|██████████████████████████████████████▌            | 1817/2400 [03:53<00:51, 11.38it/s]
AliNet:  76%|██████████████████████████████████████▋            | 1819/2400 [03:53<00:45, 12.81it/s]
AliNet:  76%|██████████████████████████████████████▋            | 1821/2400 [03:53<00:50, 11.54it/s]
AliNet:  76%|██████████████████████████████████████▋            | 1823/2400 [03:53<00:52, 10.90it/s]15:59:32 | INFO    | epoch 1825/2400 | loss=0.0140 align=0.0013 rel=0.0127
15:59:33 | INFO    |            [filtered] MRR=0.7369 Hit@1=0.6385 Hit@5=0.8539 Hit@10=0.9149 MR=4.0 n=7096
15:59:33 | INFO    |            [multiref] MRR=0.9205 Hit@1=0.8707 Hit@5=0.9833 Hit@10=0.9887 MR=1.5 n=1500
15:59:33 | INFO    |            -> new best filtered MRR=0.7369 (saved model_best.pt)

AliNet:  76%|██████████████████████████████████████▊            | 1825/2400 [03:54<02:12,  4.35it/s]
AliNet:  76%|██████████████████████████████████████▊            | 1827/2400 [03:55<01:47,  5.32it/s]
AliNet:  76%|██████████████████████████████████████▊            | 1828/2400 [03:55<01:38,  5.81it/s]
AliNet:  76%|██████████████████████████████████████▊            | 1829/2400 [03:55<01:29,  6.36it/s]
AliNet:  76%|██████████████████████████████████████▉            | 1830/2400 [03:55<01:22,  6.92it/s]
AliNet:  76%|██████████████████████████████████████▉            | 1831/2400 [03:55<01:16,  7.48it/s]
AliNet:  76%|██████████████████████████████████████▉            | 1832/2400 [03:55<01:11,  7.98it/s]
AliNet:  76%|██████████████████████████████████████▉            | 1833/2400 [03:55<01:07,  8.41it/s]
AliNet:  76%|██████████████████████████████████████▉            | 1834/2400 [03:55<01:04,  8.77it/s]
AliNet:  76%|██████████████████████████████████████▉            | 1835/2400 [03:55<01:02,  9.06it/s]
AliNet:  76%|███████████████████████████████████████            | 1836/2400 [03:55<01:00,  9.27it/s]
AliNet:  77%|███████████████████████████████████████            | 1837/2400 [03:56<00:59,  9.44it/s]
AliNet:  77%|███████████████████████████████████████            | 1838/2400 [03:56<00:58,  9.56it/s]
AliNet:  77%|███████████████████████████████████████            | 1839/2400 [03:56<00:58,  9.64it/s]
AliNet:  77%|███████████████████████████████████████            | 1840/2400 [03:56<00:57,  9.71it/s]
AliNet:  77%|███████████████████████████████████████            | 1841/2400 [03:56<00:57,  9.75it/s]
AliNet:  77%|███████████████████████████████████████▏           | 1842/2400 [03:56<00:57,  9.78it/s]
AliNet:  77%|███████████████████████████████████████▏           | 1843/2400 [03:56<00:56,  9.80it/s]
AliNet:  77%|███████████████████████████████████████▏           | 1844/2400 [03:56<00:56,  9.82it/s]
AliNet:  77%|███████████████████████████████████████▏           | 1845/2400 [03:56<00:56,  9.83it/s]
AliNet:  77%|███████████████████████████████████████▏           | 1846/2400 [03:56<00:56,  9.84it/s]
AliNet:  77%|███████████████████████████████████████▏           | 1847/2400 [03:57<00:56,  9.84it/s]
AliNet:  77%|███████████████████████████████████████▎           | 1848/2400 [03:57<00:56,  9.85it/s]
AliNet:  77%|███████████████████████████████████████▎           | 1849/2400 [03:57<00:55,  9.85it/s]15:59:36 | INFO    | epoch 1850/2400 | loss=0.0137 align=0.0011 rel=0.0125
15:59:36 | INFO    |            [filtered] MRR=0.7398 Hit@1=0.6387 Hit@5=0.8606 Hit@10=0.9167 MR=3.9 n=7096
15:59:36 | INFO    |            [multiref] MRR=0.9212 Hit@1=0.8713 Hit@5=0.9820 Hit@10=0.9873 MR=1.6 n=1500
15:59:37 | INFO    |            -> new best filtered MRR=0.7398 (saved model_best.pt)

AliNet:  77%|███████████████████████████████████████▎           | 1850/2400 [03:58<03:03,  2.99it/s]
AliNet:  77%|███████████████████████████████████████▎           | 1852/2400 [03:58<02:03,  4.43it/s]
AliNet:  77%|███████████████████████████████████████▍           | 1853/2400 [03:58<01:46,  5.13it/s]
AliNet:  77%|███████████████████████████████████████▍           | 1854/2400 [03:58<01:33,  5.86it/s]
AliNet:  77%|███████████████████████████████████████▍           | 1855/2400 [03:58<01:22,  6.59it/s]
AliNet:  77%|███████████████████████████████████████▍           | 1856/2400 [03:58<01:14,  7.26it/s]
AliNet:  77%|███████████████████████████████████████▍           | 1857/2400 [03:58<01:09,  7.85it/s]
AliNet:  77%|███████████████████████████████████████▍           | 1858/2400 [03:58<01:04,  8.35it/s]
AliNet:  77%|███████████████████████████████████████▌           | 1859/2400 [03:59<01:01,  8.74it/s]
AliNet:  78%|███████████████████████████████████████▌           | 1861/2400 [03:59<00:50, 10.67it/s]
AliNet:  78%|███████████████████████████████████████▌           | 1863/2400 [03:59<00:43, 12.26it/s]
AliNet:  78%|███████████████████████████████████████▋           | 1865/2400 [03:59<00:47, 11.26it/s]
AliNet:  78%|███████████████████████████████████████▋           | 1867/2400 [03:59<00:49, 10.73it/s]
AliNet:  78%|███████████████████████████████████████▋           | 1869/2400 [03:59<00:50, 10.43it/s]
AliNet:  78%|███████████████████████████████████████▊           | 1871/2400 [04:00<00:51, 10.24it/s]
AliNet:  78%|███████████████████████████████████████▊           | 1873/2400 [04:00<00:52, 10.12it/s]15:59:39 | INFO    | epoch 1875/2400 | loss=0.0134 align=0.0013 rel=0.0121
15:59:39 | INFO    |            [filtered] MRR=0.7419 Hit@1=0.6373 Hit@5=0.8633 Hit@10=0.9232 MR=3.7 n=7096
15:59:39 | INFO    |            [multiref] MRR=0.9271 Hit@1=0.8813 Hit@5=0.9813 Hit@10=0.9913 MR=1.4 n=1500
15:59:40 | INFO    |            -> new best filtered MRR=0.7419 (saved model_best.pt)

AliNet:  78%|███████████████████████████████████████▊           | 1875/2400 [04:01<01:56,  4.50it/s]
AliNet:  78%|███████████████████████████████████████▉           | 1877/2400 [04:01<01:36,  5.41it/s]
AliNet:  78%|███████████████████████████████████████▉           | 1879/2400 [04:01<01:22,  6.32it/s]
AliNet:  78%|███████████████████████████████████████▉           | 1881/2400 [04:01<01:12,  7.12it/s]
AliNet:  78%|███████████████████████████████████████▉           | 1882/2400 [04:02<01:09,  7.49it/s]
AliNet:  78%|████████████████████████████████████████           | 1883/2400 [04:02<01:05,  7.87it/s]
AliNet:  78%|████████████████████████████████████████           | 1884/2400 [04:02<01:02,  8.24it/s]
AliNet:  79%|████████████████████████████████████████           | 1885/2400 [04:02<00:59,  8.61it/s]
AliNet:  79%|████████████████████████████████████████           | 1886/2400 [04:02<00:58,  8.82it/s]
AliNet:  79%|████████████████████████████████████████           | 1888/2400 [04:02<00:55,  9.27it/s]
AliNet:  79%|████████████████████████████████████████▏          | 1889/2400 [04:02<00:54,  9.40it/s]
AliNet:  79%|████████████████████████████████████████▏          | 1890/2400 [04:02<00:53,  9.51it/s]
AliNet:  79%|████████████████████████████████████████▏          | 1891/2400 [04:02<00:53,  9.60it/s]
AliNet:  79%|████████████████████████████████████████▏          | 1892/2400 [04:03<00:52,  9.67it/s]
AliNet:  79%|████████████████████████████████████████▏          | 1893/2400 [04:03<00:52,  9.72it/s]
AliNet:  79%|████████████████████████████████████████▏          | 1894/2400 [04:03<00:51,  9.76it/s]
AliNet:  79%|████████████████████████████████████████▎          | 1895/2400 [04:03<00:51,  9.79it/s]
AliNet:  79%|████████████████████████████████████████▎          | 1896/2400 [04:03<00:51,  9.81it/s]
AliNet:  79%|████████████████████████████████████████▎          | 1898/2400 [04:03<00:44, 11.26it/s]15:59:42 | INFO    | epoch 1900/2400 | loss=0.0138 align=0.0013 rel=0.0125
15:59:43 | INFO    |            [filtered] MRR=0.7402 Hit@1=0.6371 Hit@5=0.8613 Hit@10=0.9270 MR=3.7 n=7096
15:59:43 | INFO    |            [multiref] MRR=0.9245 Hit@1=0.8773 Hit@5=0.9820 Hit@10=0.9913 MR=1.4 n=1500

AliNet:  79%|████████████████████████████████████████▍          | 1900/2400 [04:04<01:34,  5.27it/s]
AliNet:  79%|████████████████████████████████████████▍          | 1902/2400 [04:04<01:18,  6.36it/s]
AliNet:  79%|████████████████████████████████████████▍          | 1903/2400 [04:04<01:12,  6.86it/s]
AliNet:  79%|████████████████████████████████████████▍          | 1904/2400 [04:04<01:07,  7.36it/s]
AliNet:  79%|████████████████████████████████████████▌          | 1906/2400 [04:04<00:57,  8.64it/s]
AliNet:  80%|████████████████████████████████████████▌          | 1908/2400 [04:04<00:47, 10.33it/s]
AliNet:  80%|████████████████████████████████████████▌          | 1910/2400 [04:05<00:45, 10.75it/s]
AliNet:  80%|████████████████████████████████████████▋          | 1912/2400 [04:05<00:46, 10.43it/s]
AliNet:  80%|████████████████████████████████████████▋          | 1914/2400 [04:05<00:47, 10.24it/s]
AliNet:  80%|████████████████████████████████████████▋          | 1916/2400 [04:05<00:47, 10.12it/s]
AliNet:  80%|████████████████████████████████████████▊          | 1918/2400 [04:05<00:48, 10.04it/s]
AliNet:  80%|████████████████████████████████████████▊          | 1920/2400 [04:06<00:47, 10.02it/s]
AliNet:  80%|████████████████████████████████████████▊          | 1922/2400 [04:06<00:47,  9.97it/s]
AliNet:  80%|████████████████████████████████████████▉          | 1924/2400 [04:06<00:47,  9.94it/s]15:59:45 | INFO    | epoch 1925/2400 | loss=0.0172 align=0.0013 rel=0.0159
15:59:46 | INFO    |            [filtered] MRR=0.6424 Hit@1=0.5135 Hit@5=0.7969 Hit@10=0.8868 MR=5.0 n=7096
15:59:46 | INFO    |            [multiref] MRR=0.9168 Hit@1=0.8667 Hit@5=0.9780 Hit@10=0.9900 MR=1.5 n=1500

AliNet:  80%|████████████████████████████████████████▉          | 1926/2400 [04:07<01:27,  5.39it/s]
AliNet:  80%|████████████████████████████████████████▉          | 1927/2400 [04:07<01:20,  5.86it/s]
AliNet:  80%|████████████████████████████████████████▉          | 1928/2400 [04:07<01:13,  6.39it/s]
AliNet:  80%|████████████████████████████████████████▉          | 1929/2400 [04:07<01:07,  6.93it/s]
AliNet:  80%|█████████████████████████████████████████          | 1930/2400 [04:07<01:02,  7.47it/s]
AliNet:  80%|█████████████████████████████████████████          | 1931/2400 [04:07<00:58,  7.97it/s]
AliNet:  80%|█████████████████████████████████████████          | 1932/2400 [04:07<00:55,  8.40it/s]
AliNet:  81%|█████████████████████████████████████████          | 1933/2400 [04:08<00:53,  8.76it/s]
AliNet:  81%|█████████████████████████████████████████          | 1934/2400 [04:08<00:51,  9.05it/s]
AliNet:  81%|█████████████████████████████████████████          | 1935/2400 [04:08<00:50,  9.27it/s]
AliNet:  81%|█████████████████████████████████████████▏         | 1936/2400 [04:08<00:49,  9.43it/s]
AliNet:  81%|█████████████████████████████████████████▏         | 1937/2400 [04:08<00:48,  9.55it/s]
AliNet:  81%|█████████████████████████████████████████▏         | 1938/2400 [04:08<00:47,  9.64it/s]
AliNet:  81%|█████████████████████████████████████████▏         | 1939/2400 [04:08<00:47,  9.70it/s]
AliNet:  81%|█████████████████████████████████████████▏         | 1940/2400 [04:08<00:47,  9.75it/s]
AliNet:  81%|█████████████████████████████████████████▏         | 1941/2400 [04:08<00:46,  9.78it/s]
AliNet:  81%|█████████████████████████████████████████▎         | 1942/2400 [04:08<00:46,  9.80it/s]
AliNet:  81%|█████████████████████████████████████████▎         | 1943/2400 [04:09<00:46,  9.82it/s]
AliNet:  81%|█████████████████████████████████████████▎         | 1944/2400 [04:09<00:46,  9.83it/s]
AliNet:  81%|█████████████████████████████████████████▎         | 1945/2400 [04:09<00:46,  9.83it/s]
AliNet:  81%|█████████████████████████████████████████▎         | 1946/2400 [04:09<00:46,  9.84it/s]
AliNet:  81%|█████████████████████████████████████████▎         | 1947/2400 [04:09<00:46,  9.84it/s]
AliNet:  81%|█████████████████████████████████████████▍         | 1949/2400 [04:09<00:41, 10.94it/s]15:59:48 | INFO    | epoch 1950/2400 | loss=0.0149 align=0.0013 rel=0.0136
15:59:49 | INFO    |            [filtered] MRR=0.6823 Hit@1=0.5668 Hit@5=0.8226 Hit@10=0.9109 MR=4.1 n=7096
15:59:49 | INFO    |            [multiref] MRR=0.9216 Hit@1=0.8720 Hit@5=0.9800 Hit@10=0.9907 MR=1.4 n=1500

AliNet:  81%|█████████████████████████████████████████▍         | 1951/2400 [04:10<01:29,  5.04it/s]
AliNet:  81%|█████████████████████████████████████████▌         | 1953/2400 [04:10<01:12,  6.15it/s]
AliNet:  81%|█████████████████████████████████████████▌         | 1954/2400 [04:10<01:06,  6.67it/s]
AliNet:  81%|█████████████████████████████████████████▌         | 1955/2400 [04:10<01:01,  7.20it/s]
AliNet:  82%|█████████████████████████████████████████▌         | 1956/2400 [04:10<00:57,  7.70it/s]
AliNet:  82%|█████████████████████████████████████████▌         | 1957/2400 [04:10<00:54,  8.17it/s]
AliNet:  82%|█████████████████████████████████████████▌         | 1958/2400 [04:11<00:51,  8.56it/s]
AliNet:  82%|█████████████████████████████████████████▋         | 1959/2400 [04:11<00:49,  8.89it/s]
AliNet:  82%|█████████████████████████████████████████▋         | 1961/2400 [04:11<00:43, 10.18it/s]
AliNet:  82%|█████████████████████████████████████████▋         | 1963/2400 [04:11<00:36, 11.89it/s]
AliNet:  82%|█████████████████████████████████████████▊         | 1965/2400 [04:11<00:38, 11.44it/s]
AliNet:  82%|█████████████████████████████████████████▊         | 1967/2400 [04:11<00:39, 10.85it/s]
AliNet:  82%|█████████████████████████████████████████▊         | 1969/2400 [04:12<00:41, 10.50it/s]
AliNet:  82%|█████████████████████████████████████████▉         | 1971/2400 [04:12<00:41, 10.29it/s]
AliNet:  82%|█████████████████████████████████████████▉         | 1973/2400 [04:12<00:42, 10.15it/s]15:59:51 | INFO    | epoch 1975/2400 | loss=0.0141 align=0.0012 rel=0.0129
15:59:52 | INFO    |            [filtered] MRR=0.7142 Hit@1=0.5994 Hit@5=0.8567 Hit@10=0.9343 MR=3.5 n=7096
15:59:52 | INFO    |            [multiref] MRR=0.9301 Hit@1=0.8847 Hit@5=0.9880 Hit@10=0.9927 MR=1.4 n=1500

AliNet:  82%|█████████████████████████████████████████▉         | 1975/2400 [04:13<01:20,  5.30it/s]
AliNet:  82%|██████████████████████████████████████████         | 1977/2400 [04:13<01:06,  6.40it/s]
AliNet:  82%|██████████████████████████████████████████         | 1978/2400 [04:13<01:01,  6.82it/s]
AliNet:  82%|██████████████████████████████████████████         | 1979/2400 [04:13<00:57,  7.28it/s]
AliNet:  82%|██████████████████████████████████████████         | 1980/2400 [04:13<00:54,  7.74it/s]
AliNet:  83%|██████████████████████████████████████████         | 1981/2400 [04:13<00:51,  8.16it/s]
AliNet:  83%|██████████████████████████████████████████         | 1982/2400 [04:13<00:48,  8.54it/s]
AliNet:  83%|██████████████████████████████████████████▏        | 1983/2400 [04:14<00:47,  8.86it/s]
AliNet:  83%|██████████████████████████████████████████▏        | 1984/2400 [04:14<00:45,  9.12it/s]
AliNet:  83%|██████████████████████████████████████████▏        | 1985/2400 [04:14<00:44,  9.32it/s]
AliNet:  83%|██████████████████████████████████████████▏        | 1986/2400 [04:14<00:43,  9.46it/s]
AliNet:  83%|██████████████████████████████████████████▏        | 1987/2400 [04:14<00:43,  9.57it/s]
AliNet:  83%|██████████████████████████████████████████▏        | 1988/2400 [04:14<00:42,  9.65it/s]
AliNet:  83%|██████████████████████████████████████████▎        | 1989/2400 [04:14<00:42,  9.71it/s]
AliNet:  83%|██████████████████████████████████████████▎        | 1990/2400 [04:14<00:42,  9.75it/s]
AliNet:  83%|██████████████████████████████████████████▎        | 1991/2400 [04:14<00:41,  9.81it/s]
AliNet:  83%|██████████████████████████████████████████▎        | 1992/2400 [04:14<00:41,  9.82it/s]
AliNet:  83%|██████████████████████████████████████████▎        | 1993/2400 [04:15<00:41,  9.83it/s]
AliNet:  83%|██████████████████████████████████████████▎        | 1994/2400 [04:15<00:41,  9.84it/s]
AliNet:  83%|██████████████████████████████████████████▍        | 1995/2400 [04:15<00:41,  9.85it/s]
AliNet:  83%|██████████████████████████████████████████▍        | 1996/2400 [04:15<00:41,  9.85it/s]
AliNet:  83%|██████████████████████████████████████████▍        | 1997/2400 [04:15<00:40,  9.85it/s]
AliNet:  83%|██████████████████████████████████████████▍        | 1998/2400 [04:15<00:40,  9.85it/s]
AliNet:  83%|██████████████████████████████████████████▍        | 1999/2400 [04:15<00:40,  9.85it/s]15:59:54 | INFO    | epoch 2000/2400 | loss=0.0141 align=0.0012 rel=0.0130
15:59:55 | INFO    |            [filtered] MRR=0.7336 Hit@1=0.6234 Hit@5=0.8771 Hit@10=0.9448 MR=3.2 n=7096
15:59:55 | INFO    |            [multiref] MRR=0.9281 Hit@1=0.8787 Hit@5=0.9880 Hit@10=0.9927 MR=1.4 n=1500

AliNet:  83%|██████████████████████████████████████████▌        | 2000/2400 [04:16<01:48,  3.69it/s]
AliNet:  83%|██████████████████████████████████████████▌        | 2002/2400 [04:16<01:16,  5.22it/s]
AliNet:  83%|██████████████████████████████████████████▌        | 2003/2400 [04:16<01:07,  5.91it/s]
AliNet:  84%|██████████████████████████████████████████▌        | 2004/2400 [04:16<00:59,  6.60it/s]
AliNet:  84%|██████████████████████████████████████████▌        | 2005/2400 [04:16<00:54,  7.25it/s]
AliNet:  84%|██████████████████████████████████████████▋        | 2006/2400 [04:16<00:50,  7.83it/s]
AliNet:  84%|██████████████████████████████████████████▋        | 2007/2400 [04:17<00:47,  8.31it/s]
AliNet:  84%|██████████████████████████████████████████▋        | 2008/2400 [04:17<00:44,  8.71it/s]
AliNet:  84%|██████████████████████████████████████████▋        | 2009/2400 [04:17<00:43,  9.02it/s]
AliNet:  84%|██████████████████████████████████████████▋        | 2010/2400 [04:17<00:42,  9.25it/s]
AliNet:  84%|██████████████████████████████████████████▋        | 2011/2400 [04:17<00:41,  9.42it/s]
AliNet:  84%|██████████████████████████████████████████▊        | 2012/2400 [04:17<00:40,  9.55it/s]
AliNet:  84%|██████████████████████████████████████████▊        | 2013/2400 [04:17<00:40,  9.62it/s]
AliNet:  84%|██████████████████████████████████████████▊        | 2014/2400 [04:17<00:39,  9.69it/s]
AliNet:  84%|██████████████████████████████████████████▊        | 2016/2400 [04:17<00:36, 10.61it/s]
AliNet:  84%|██████████████████████████████████████████▉        | 2018/2400 [04:18<00:31, 12.22it/s]
AliNet:  84%|██████████████████████████████████████████▉        | 2020/2400 [04:18<00:31, 11.89it/s]
AliNet:  84%|██████████████████████████████████████████▉        | 2022/2400 [04:18<00:34, 11.10it/s]
AliNet:  84%|███████████████████████████████████████████        | 2024/2400 [04:18<00:35, 10.67it/s]15:59:57 | INFO    | epoch 2025/2400 | loss=0.0135 align=0.0012 rel=0.0123
15:59:58 | INFO    |            [filtered] MRR=0.7457 Hit@1=0.6371 Hit@5=0.8839 Hit@10=0.9534 MR=3.0 n=7096
15:59:58 | INFO    |            [multiref] MRR=0.9250 Hit@1=0.8753 Hit@5=0.9867 Hit@10=0.9927 MR=1.4 n=1500
15:59:58 | INFO    |            -> new best filtered MRR=0.7457 (saved model_best.pt)

AliNet:  84%|███████████████████████████████████████████        | 2026/2400 [04:19<01:21,  4.59it/s]
AliNet:  84%|███████████████████████████████████████████        | 2027/2400 [04:19<01:13,  5.09it/s]
AliNet:  84%|███████████████████████████████████████████        | 2028/2400 [04:19<01:05,  5.67it/s]
AliNet:  85%|███████████████████████████████████████████        | 2029/2400 [04:19<00:59,  6.28it/s]
AliNet:  85%|███████████████████████████████████████████▏       | 2030/2400 [04:19<00:53,  6.90it/s]
AliNet:  85%|███████████████████████████████████████████▏       | 2031/2400 [04:20<00:49,  7.49it/s]
AliNet:  85%|███████████████████████████████████████████▏       | 2032/2400 [04:20<00:45,  8.01it/s]
AliNet:  85%|███████████████████████████████████████████▏       | 2033/2400 [04:20<00:43,  8.46it/s]
AliNet:  85%|███████████████████████████████████████████▏       | 2034/2400 [04:20<00:41,  8.81it/s]
AliNet:  85%|███████████████████████████████████████████▏       | 2035/2400 [04:20<00:40,  9.09it/s]
AliNet:  85%|███████████████████████████████████████████▎       | 2036/2400 [04:20<00:39,  9.30it/s]
AliNet:  85%|███████████████████████████████████████████▎       | 2037/2400 [04:20<00:38,  9.45it/s]
AliNet:  85%|███████████████████████████████████████████▎       | 2038/2400 [04:20<00:37,  9.57it/s]
AliNet:  85%|███████████████████████████████████████████▎       | 2039/2400 [04:20<00:37,  9.66it/s]
AliNet:  85%|███████████████████████████████████████████▎       | 2040/2400 [04:20<00:37,  9.71it/s]
AliNet:  85%|███████████████████████████████████████████▎       | 2041/2400 [04:21<00:36,  9.76it/s]
AliNet:  85%|███████████████████████████████████████████▍       | 2042/2400 [04:21<00:36,  9.79it/s]
AliNet:  85%|███████████████████████████████████████████▍       | 2043/2400 [04:21<00:36,  9.81it/s]
AliNet:  85%|███████████████████████████████████████████▍       | 2044/2400 [04:21<00:36,  9.82it/s]
AliNet:  85%|███████████████████████████████████████████▍       | 2045/2400 [04:21<00:36,  9.83it/s]
AliNet:  85%|███████████████████████████████████████████▍       | 2046/2400 [04:21<00:35,  9.84it/s]
AliNet:  85%|███████████████████████████████████████████▍       | 2047/2400 [04:21<00:35,  9.85it/s]
AliNet:  85%|███████████████████████████████████████████▌       | 2048/2400 [04:21<00:35,  9.85it/s]
AliNet:  85%|███████████████████████████████████████████▌       | 2049/2400 [04:21<00:35,  9.85it/s]16:00:00 | INFO    | epoch 2050/2400 | loss=0.0141 align=0.0012 rel=0.0129
16:00:01 | INFO    |            [filtered] MRR=0.7579 Hit@1=0.6525 Hit@5=0.8981 Hit@10=0.9548 MR=2.9 n=7096
16:00:01 | INFO    |            [multiref] MRR=0.9243 Hit@1=0.8747 Hit@5=0.9840 Hit@10=0.9900 MR=1.4 n=1500
16:00:01 | INFO    |            -> new best filtered MRR=0.7579 (saved model_best.pt)

AliNet:  85%|███████████████████████████████████████████▌       | 2050/2400 [04:22<01:57,  2.98it/s]
AliNet:  86%|███████████████████████████████████████████▌       | 2052/2400 [04:22<01:18,  4.41it/s]
AliNet:  86%|███████████████████████████████████████████▋       | 2053/2400 [04:23<01:07,  5.11it/s]
AliNet:  86%|███████████████████████████████████████████▋       | 2054/2400 [04:23<00:59,  5.84it/s]
AliNet:  86%|███████████████████████████████████████████▋       | 2055/2400 [04:23<00:52,  6.57it/s]
AliNet:  86%|███████████████████████████████████████████▋       | 2056/2400 [04:23<00:47,  7.25it/s]
AliNet:  86%|███████████████████████████████████████████▋       | 2057/2400 [04:23<00:43,  7.84it/s]
AliNet:  86%|███████████████████████████████████████████▋       | 2058/2400 [04:23<00:41,  8.34it/s]
AliNet:  86%|███████████████████████████████████████████▊       | 2059/2400 [04:23<00:39,  8.72it/s]
AliNet:  86%|███████████████████████████████████████████▊       | 2061/2400 [04:23<00:32, 10.44it/s]
AliNet:  86%|███████████████████████████████████████████▊       | 2063/2400 [04:23<00:27, 12.13it/s]
AliNet:  86%|███████████████████████████████████████████▉       | 2065/2400 [04:24<00:28, 11.56it/s]
AliNet:  86%|███████████████████████████████████████████▉       | 2067/2400 [04:24<00:30, 10.91it/s]
AliNet:  86%|███████████████████████████████████████████▉       | 2069/2400 [04:24<00:31, 10.54it/s]
AliNet:  86%|████████████████████████████████████████████       | 2071/2400 [04:24<00:31, 10.31it/s]
AliNet:  86%|████████████████████████████████████████████       | 2073/2400 [04:24<00:32, 10.16it/s]16:00:04 | INFO    | epoch 2075/2400 | loss=0.0139 align=0.0012 rel=0.0127
16:00:04 | INFO    |            [filtered] MRR=0.7640 Hit@1=0.6573 Hit@5=0.9035 Hit@10=0.9590 MR=2.8 n=7096
16:00:04 | INFO    |            [multiref] MRR=0.9219 Hit@1=0.8720 Hit@5=0.9800 Hit@10=0.9907 MR=1.4 n=1500
16:00:04 | INFO    |            -> new best filtered MRR=0.7640 (saved model_best.pt)

AliNet:  86%|████████████████████████████████████████████       | 2075/2400 [04:25<01:10,  4.60it/s]
AliNet:  86%|████████████████████████████████████████████       | 2076/2400 [04:26<01:03,  5.10it/s]
AliNet:  87%|████████████████████████████████████████████▏      | 2077/2400 [04:26<00:57,  5.66it/s]
AliNet:  87%|████████████████████████████████████████████▏      | 2078/2400 [04:26<00:51,  6.27it/s]
AliNet:  87%|████████████████████████████████████████████▏      | 2079/2400 [04:26<00:46,  6.88it/s]
AliNet:  87%|████████████████████████████████████████████▏      | 2080/2400 [04:26<00:42,  7.46it/s]
AliNet:  87%|████████████████████████████████████████████▏      | 2081/2400 [04:26<00:39,  7.99it/s]
AliNet:  87%|████████████████████████████████████████████▏      | 2082/2400 [04:26<00:37,  8.43it/s]
AliNet:  87%|████████████████████████████████████████████▎      | 2083/2400 [04:26<00:36,  8.79it/s]
AliNet:  87%|████████████████████████████████████████████▎      | 2084/2400 [04:26<00:34,  9.07it/s]
AliNet:  87%|████████████████████████████████████████████▎      | 2085/2400 [04:26<00:33,  9.29it/s]
AliNet:  87%|████████████████████████████████████████████▎      | 2086/2400 [04:27<00:33,  9.45it/s]
AliNet:  87%|████████████████████████████████████████████▎      | 2087/2400 [04:27<00:32,  9.57it/s]
AliNet:  87%|████████████████████████████████████████████▎      | 2088/2400 [04:27<00:32,  9.65it/s]
AliNet:  87%|████████████████████████████████████████████▍      | 2089/2400 [04:27<00:31,  9.72it/s]
AliNet:  87%|████████████████████████████████████████████▍      | 2090/2400 [04:27<00:31,  9.76it/s]
AliNet:  87%|████████████████████████████████████████████▍      | 2091/2400 [04:27<00:31,  9.78it/s]
AliNet:  87%|████████████████████████████████████████████▍      | 2092/2400 [04:27<00:31,  9.80it/s]
AliNet:  87%|████████████████████████████████████████████▍      | 2093/2400 [04:27<00:31,  9.82it/s]
AliNet:  87%|████████████████████████████████████████████▍      | 2094/2400 [04:27<00:31,  9.83it/s]
AliNet:  87%|████████████████████████████████████████████▌      | 2095/2400 [04:27<00:31,  9.84it/s]
AliNet:  87%|████████████████████████████████████████████▌      | 2096/2400 [04:28<00:30,  9.84it/s]
AliNet:  87%|████████████████████████████████████████████▌      | 2097/2400 [04:28<00:30,  9.85it/s]
AliNet:  87%|████████████████████████████████████████████▌      | 2099/2400 [04:28<00:26, 11.22it/s]16:00:07 | INFO    | epoch 2100/2400 | loss=0.0137 align=0.0011 rel=0.0126
16:00:07 | INFO    |            [filtered] MRR=0.7687 Hit@1=0.6632 Hit@5=0.9001 Hit@10=0.9553 MR=2.8 n=7096
16:00:07 | INFO    |            [multiref] MRR=0.9206 Hit@1=0.8667 Hit@5=0.9833 Hit@10=0.9927 MR=1.4 n=1500
16:00:08 | INFO    |            -> new best filtered MRR=0.7687 (saved model_best.pt)

AliNet:  88%|████████████████████████████████████████████▋      | 2101/2400 [04:29<01:11,  4.19it/s]
AliNet:  88%|████████████████████████████████████████████▋      | 2102/2400 [04:29<01:02,  4.80it/s]
AliNet:  88%|████████████████████████████████████████████▋      | 2104/2400 [04:29<00:45,  6.45it/s]
AliNet:  88%|████████████████████████████████████████████▊      | 2106/2400 [04:29<00:35,  8.21it/s]
AliNet:  88%|████████████████████████████████████████████▊      | 2108/2400 [04:29<00:33,  8.70it/s]
AliNet:  88%|████████████████████████████████████████████▊      | 2110/2400 [04:30<00:32,  9.04it/s]
AliNet:  88%|████████████████████████████████████████████▉      | 2112/2400 [04:30<00:31,  9.28it/s]
AliNet:  88%|████████████████████████████████████████████▉      | 2114/2400 [04:30<00:30,  9.45it/s]
AliNet:  88%|████████████████████████████████████████████▉      | 2116/2400 [04:30<00:29,  9.58it/s]
AliNet:  88%|█████████████████████████████████████████████      | 2118/2400 [04:30<00:29,  9.66it/s]
AliNet:  88%|█████████████████████████████████████████████      | 2120/2400 [04:31<00:28,  9.72it/s]
AliNet:  88%|█████████████████████████████████████████████      | 2122/2400 [04:31<00:28,  9.76it/s]
AliNet:  88%|█████████████████████████████████████████████      | 2123/2400 [04:31<00:28,  9.78it/s]
AliNet:  88%|█████████████████████████████████████████████▏     | 2124/2400 [04:31<00:28,  9.80it/s]16:00:10 | INFO    | epoch 2125/2400 | loss=0.0131 align=0.0010 rel=0.0120
16:00:10 | INFO    |            [filtered] MRR=0.7773 Hit@1=0.6773 Hit@5=0.9021 Hit@10=0.9559 MR=2.7 n=7096
16:00:10 | INFO    |            [multiref] MRR=0.9213 Hit@1=0.8687 Hit@5=0.9847 Hit@10=0.9913 MR=1.5 n=1500
16:00:11 | INFO    |            -> new best filtered MRR=0.7773 (saved model_best.pt)

AliNet:  89%|█████████████████████████████████████████████▏     | 2125/2400 [04:32<01:16,  3.60it/s]
AliNet:  89%|█████████████████████████████████████████████▏     | 2127/2400 [04:32<00:56,  4.81it/s]
AliNet:  89%|█████████████████████████████████████████████▏     | 2128/2400 [04:32<00:50,  5.42it/s]
AliNet:  89%|█████████████████████████████████████████████▏     | 2129/2400 [04:32<00:44,  6.07it/s]
AliNet:  89%|█████████████████████████████████████████████▎     | 2130/2400 [04:32<00:40,  6.72it/s]
AliNet:  89%|█████████████████████████████████████████████▎     | 2131/2400 [04:32<00:36,  7.34it/s]
AliNet:  89%|█████████████████████████████████████████████▎     | 2132/2400 [04:33<00:33,  7.90it/s]
AliNet:  89%|█████████████████████████████████████████████▎     | 2133/2400 [04:33<00:31,  8.37it/s]
AliNet:  89%|█████████████████████████████████████████████▎     | 2134/2400 [04:33<00:30,  8.75it/s]
AliNet:  89%|█████████████████████████████████████████████▎     | 2135/2400 [04:33<00:29,  9.04it/s]
AliNet:  89%|█████████████████████████████████████████████▍     | 2136/2400 [04:33<00:28,  9.26it/s]
AliNet:  89%|█████████████████████████████████████████████▍     | 2137/2400 [04:33<00:27,  9.43it/s]
AliNet:  89%|█████████████████████████████████████████████▍     | 2138/2400 [04:33<00:27,  9.55it/s]
AliNet:  89%|█████████████████████████████████████████████▍     | 2140/2400 [04:33<00:24, 10.53it/s]
AliNet:  89%|█████████████████████████████████████████████▌     | 2142/2400 [04:33<00:21, 12.14it/s]
AliNet:  89%|█████████████████████████████████████████████▌     | 2144/2400 [04:34<00:21, 12.09it/s]
AliNet:  89%|█████████████████████████████████████████████▌     | 2146/2400 [04:34<00:22, 11.21it/s]
AliNet:  90%|█████████████████████████████████████████████▋     | 2148/2400 [04:34<00:23, 10.73it/s]16:00:13 | INFO    | epoch 2150/2400 | loss=0.0128 align=0.0012 rel=0.0116
16:00:14 | INFO    |            [filtered] MRR=0.7824 Hit@1=0.6859 Hit@5=0.9087 Hit@10=0.9574 MR=2.7 n=7096
16:00:14 | INFO    |            [multiref] MRR=0.9225 Hit@1=0.8707 Hit@5=0.9847 Hit@10=0.9900 MR=1.4 n=1500
16:00:14 | INFO    |            -> new best filtered MRR=0.7824 (saved model_best.pt)

AliNet:  90%|█████████████████████████████████████████████▋     | 2150/2400 [04:35<00:54,  4.55it/s]
AliNet:  90%|█████████████████████████████████████████████▋     | 2152/2400 [04:35<00:43,  5.65it/s]
AliNet:  90%|█████████████████████████████████████████████▊     | 2153/2400 [04:35<00:40,  6.13it/s]
AliNet:  90%|█████████████████████████████████████████████▊     | 2154/2400 [04:35<00:37,  6.64it/s]
AliNet:  90%|█████████████████████████████████████████████▊     | 2155/2400 [04:35<00:34,  7.17it/s]
AliNet:  90%|█████████████████████████████████████████████▊     | 2156/2400 [04:36<00:31,  7.68it/s]
AliNet:  90%|█████████████████████████████████████████████▊     | 2157/2400 [04:36<00:29,  8.14it/s]
AliNet:  90%|█████████████████████████████████████████████▊     | 2158/2400 [04:36<00:28,  8.54it/s]
AliNet:  90%|█████████████████████████████████████████████▉     | 2159/2400 [04:36<00:27,  8.86it/s]
AliNet:  90%|█████████████████████████████████████████████▉     | 2160/2400 [04:36<00:26,  9.11it/s]
AliNet:  90%|█████████████████████████████████████████████▉     | 2161/2400 [04:36<00:25,  9.31it/s]
AliNet:  90%|█████████████████████████████████████████████▉     | 2162/2400 [04:36<00:25,  9.45it/s]
AliNet:  90%|█████████████████████████████████████████████▉     | 2163/2400 [04:36<00:24,  9.56it/s]
AliNet:  90%|█████████████████████████████████████████████▉     | 2164/2400 [04:36<00:24,  9.63it/s]
AliNet:  90%|██████████████████████████████████████████████     | 2165/2400 [04:36<00:24,  9.69it/s]
AliNet:  90%|██████████████████████████████████████████████     | 2166/2400 [04:37<00:24,  9.73it/s]
AliNet:  90%|██████████████████████████████████████████████     | 2167/2400 [04:37<00:23,  9.76it/s]
AliNet:  90%|██████████████████████████████████████████████     | 2168/2400 [04:37<00:23,  9.77it/s]
AliNet:  90%|██████████████████████████████████████████████     | 2169/2400 [04:37<00:23,  9.79it/s]
AliNet:  90%|██████████████████████████████████████████████     | 2170/2400 [04:37<00:23,  9.79it/s]
AliNet:  90%|██████████████████████████████████████████████▏    | 2171/2400 [04:37<00:23,  9.81it/s]
AliNet:  90%|██████████████████████████████████████████████▏    | 2172/2400 [04:37<00:23,  9.81it/s]
AliNet:  91%|██████████████████████████████████████████████▏    | 2173/2400 [04:37<00:23,  9.82it/s]
AliNet:  91%|██████████████████████████████████████████████▏    | 2174/2400 [04:37<00:23,  9.81it/s]16:00:16 | INFO    | epoch 2175/2400 | loss=0.0124 align=0.0011 rel=0.0113
16:00:17 | INFO    |            [filtered] MRR=0.7829 Hit@1=0.6829 Hit@5=0.9087 Hit@10=0.9591 MR=2.6 n=7096
16:00:17 | INFO    |            [multiref] MRR=0.9213 Hit@1=0.8693 Hit@5=0.9840 Hit@10=0.9893 MR=1.4 n=1500
16:00:17 | INFO    |            -> new best filtered MRR=0.7829 (saved model_best.pt)

AliNet:  91%|██████████████████████████████████████████████▏    | 2175/2400 [04:38<01:15,  2.98it/s]
AliNet:  91%|██████████████████████████████████████████████▎    | 2177/2400 [04:38<00:50,  4.41it/s]
AliNet:  91%|██████████████████████████████████████████████▎    | 2178/2400 [04:39<00:43,  5.11it/s]
AliNet:  91%|██████████████████████████████████████████████▎    | 2179/2400 [04:39<00:37,  5.84it/s]
AliNet:  91%|██████████████████████████████████████████████▎    | 2180/2400 [04:39<00:33,  6.56it/s]
AliNet:  91%|██████████████████████████████████████████████▎    | 2181/2400 [04:39<00:30,  7.24it/s]
AliNet:  91%|██████████████████████████████████████████████▎    | 2182/2400 [04:39<00:27,  7.83it/s]
AliNet:  91%|██████████████████████████████████████████████▍    | 2183/2400 [04:39<00:26,  8.32it/s]
AliNet:  91%|██████████████████████████████████████████████▍    | 2185/2400 [04:39<00:22,  9.69it/s]
AliNet:  91%|██████████████████████████████████████████████▍    | 2187/2400 [04:39<00:18, 11.43it/s]
AliNet:  91%|██████████████████████████████████████████████▌    | 2189/2400 [04:40<00:18, 11.45it/s]
AliNet:  91%|██████████████████████████████████████████████▌    | 2191/2400 [04:40<00:19, 10.85it/s]
AliNet:  91%|██████████████████████████████████████████████▌    | 2193/2400 [04:40<00:19, 10.50it/s]
AliNet:  91%|██████████████████████████████████████████████▋    | 2195/2400 [04:40<00:19, 10.29it/s]
AliNet:  92%|██████████████████████████████████████████████▋    | 2197/2400 [04:40<00:19, 10.15it/s]
AliNet:  92%|██████████████████████████████████████████████▋    | 2199/2400 [04:41<00:19, 10.06it/s]16:00:20 | INFO    | epoch 2200/2400 | loss=0.0134 align=0.0011 rel=0.0123
16:00:20 | INFO    |            [filtered] MRR=0.7888 Hit@1=0.6905 Hit@5=0.9139 Hit@10=0.9614 MR=2.6 n=7096
16:00:20 | INFO    |            [multiref] MRR=0.9227 Hit@1=0.8700 Hit@5=0.9847 Hit@10=0.9913 MR=1.4 n=1500
16:00:20 | INFO    |            -> new best filtered MRR=0.7888 (saved model_best.pt)

AliNet:  92%|██████████████████████████████████████████████▊    | 2201/2400 [04:42<00:48,  4.09it/s]
AliNet:  92%|██████████████████████████████████████████████▊    | 2203/2400 [04:42<00:37,  5.30it/s]
AliNet:  92%|██████████████████████████████████████████████▊    | 2205/2400 [04:42<00:29,  6.63it/s]
AliNet:  92%|██████████████████████████████████████████████▉    | 2207/2400 [04:42<00:24,  8.02it/s]
AliNet:  92%|██████████████████████████████████████████████▉    | 2209/2400 [04:42<00:20,  9.39it/s]
AliNet:  92%|██████████████████████████████████████████████▉    | 2211/2400 [04:42<00:17, 10.65it/s]
AliNet:  92%|███████████████████████████████████████████████    | 2213/2400 [04:42<00:16, 11.39it/s]
AliNet:  92%|███████████████████████████████████████████████    | 2215/2400 [04:43<00:15, 12.27it/s]
AliNet:  92%|███████████████████████████████████████████████    | 2217/2400 [04:43<00:14, 12.94it/s]
AliNet:  92%|███████████████████████████████████████████████▏   | 2219/2400 [04:43<00:13, 13.64it/s]
AliNet:  93%|███████████████████████████████████████████████▏   | 2221/2400 [04:43<00:12, 14.22it/s]
AliNet:  93%|███████████████████████████████████████████████▏   | 2223/2400 [04:43<00:12, 14.61it/s]16:00:22 | INFO    | epoch 2225/2400 | loss=0.0131 align=0.0012 rel=0.0119
16:00:23 | INFO    |            [filtered] MRR=0.7954 Hit@1=0.7008 Hit@5=0.9109 Hit@10=0.9610 MR=2.6 n=7096
16:00:23 | INFO    |            [multiref] MRR=0.9276 Hit@1=0.8793 Hit@5=0.9847 Hit@10=0.9900 MR=1.5 n=1500
16:00:23 | INFO    |            -> new best filtered MRR=0.7954 (saved model_best.pt)

AliNet:  93%|███████████████████████████████████████████████▎   | 2225/2400 [04:44<00:31,  5.52it/s]
AliNet:  93%|███████████████████████████████████████████████▎   | 2227/2400 [04:44<00:25,  6.87it/s]
AliNet:  93%|███████████████████████████████████████████████▎   | 2229/2400 [04:44<00:20,  8.28it/s]
AliNet:  93%|███████████████████████████████████████████████▍   | 2231/2400 [04:44<00:17,  9.67it/s]
AliNet:  93%|███████████████████████████████████████████████▍   | 2233/2400 [04:45<00:15, 10.96it/s]
AliNet:  93%|███████████████████████████████████████████████▍   | 2235/2400 [04:45<00:13, 12.06it/s]
AliNet:  93%|███████████████████████████████████████████████▌   | 2237/2400 [04:45<00:12, 13.02it/s]
AliNet:  93%|███████████████████████████████████████████████▌   | 2239/2400 [04:45<00:11, 13.76it/s]
AliNet:  93%|███████████████████████████████████████████████▌   | 2241/2400 [04:45<00:11, 14.14it/s]
AliNet:  93%|███████████████████████████████████████████████▋   | 2243/2400 [04:45<00:10, 14.57it/s]
AliNet:  94%|███████████████████████████████████████████████▋   | 2245/2400 [04:45<00:10, 14.86it/s]
AliNet:  94%|███████████████████████████████████████████████▋   | 2247/2400 [04:45<00:10, 15.14it/s]
AliNet:  94%|███████████████████████████████████████████████▊   | 2249/2400 [04:46<00:09, 15.34it/s]16:00:25 | INFO    | epoch 2250/2400 | loss=0.0128 align=0.0011 rel=0.0117
16:00:25 | INFO    |            [filtered] MRR=0.7954 Hit@1=0.7022 Hit@5=0.9130 Hit@10=0.9620 MR=2.6 n=7096
16:00:25 | INFO    |            [multiref] MRR=0.9260 Hit@1=0.8753 Hit@5=0.9833 Hit@10=0.9893 MR=1.5 n=1500
16:00:25 | INFO    |            -> new best filtered MRR=0.7954 (saved model_best.pt)

AliNet:  94%|███████████████████████████████████████████████▊   | 2251/2400 [04:47<00:28,  5.24it/s]
AliNet:  94%|███████████████████████████████████████████████▉   | 2253/2400 [04:47<00:22,  6.57it/s]
AliNet:  94%|███████████████████████████████████████████████▉   | 2255/2400 [04:47<00:18,  7.99it/s]
AliNet:  94%|███████████████████████████████████████████████▉   | 2257/2400 [04:47<00:15,  9.40it/s]
AliNet:  94%|████████████████████████████████████████████████   | 2259/2400 [04:47<00:13, 10.72it/s]
AliNet:  94%|████████████████████████████████████████████████   | 2261/2400 [04:47<00:11, 11.90it/s]
AliNet:  94%|████████████████████████████████████████████████   | 2263/2400 [04:47<00:10, 12.91it/s]
AliNet:  94%|████████████████████████████████████████████████▏  | 2265/2400 [04:47<00:09, 13.71it/s]
AliNet:  94%|████████████████████████████████████████████████▏  | 2267/2400 [04:48<00:09, 14.16it/s]
AliNet:  95%|████████████████████████████████████████████████▏  | 2269/2400 [04:48<00:09, 14.41it/s]
AliNet:  95%|████████████████████████████████████████████████▎  | 2271/2400 [04:48<00:08, 14.75it/s]
AliNet:  95%|████████████████████████████████████████████████▎  | 2273/2400 [04:48<00:08, 15.11it/s]16:00:27 | INFO    | epoch 2275/2400 | loss=0.0125 align=0.0012 rel=0.0113
16:00:27 | INFO    |            [filtered] MRR=0.7868 Hit@1=0.6901 Hit@5=0.9063 Hit@10=0.9596 MR=2.6 n=7096
16:00:27 | INFO    |            [multiref] MRR=0.9263 Hit@1=0.8793 Hit@5=0.9847 Hit@10=0.9907 MR=1.5 n=1500

AliNet:  95%|████████████████████████████████████████████████▎  | 2275/2400 [04:49<00:18,  6.88it/s]
AliNet:  95%|████████████████████████████████████████████████▍  | 2277/2400 [04:49<00:14,  8.31it/s]
AliNet:  95%|████████████████████████████████████████████████▍  | 2279/2400 [04:49<00:12,  9.70it/s]
AliNet:  95%|████████████████████████████████████████████████▍  | 2281/2400 [04:49<00:10, 11.01it/s]
AliNet:  95%|████████████████████████████████████████████████▌  | 2283/2400 [04:49<00:09, 12.16it/s]
AliNet:  95%|████████████████████████████████████████████████▌  | 2285/2400 [04:49<00:08, 13.11it/s]
AliNet:  95%|████████████████████████████████████████████████▌  | 2287/2400 [04:49<00:08, 13.84it/s]
AliNet:  95%|████████████████████████████████████████████████▋  | 2289/2400 [04:49<00:07, 14.42it/s]
AliNet:  95%|████████████████████████████████████████████████▋  | 2291/2400 [04:50<00:07, 14.68it/s]
AliNet:  96%|████████████████████████████████████████████████▋  | 2293/2400 [04:50<00:07, 14.95it/s]
AliNet:  96%|████████████████████████████████████████████████▊  | 2295/2400 [04:50<00:06, 15.24it/s]
AliNet:  96%|████████████████████████████████████████████████▊  | 2297/2400 [04:50<00:06, 15.45it/s]
AliNet:  96%|████████████████████████████████████████████████▊  | 2299/2400 [04:50<00:06, 15.55it/s]16:00:29 | INFO    | epoch 2300/2400 | loss=0.0126 align=0.0012 rel=0.0113
16:00:29 | INFO    |            [filtered] MRR=0.8039 Hit@1=0.7165 Hit@5=0.9119 Hit@10=0.9610 MR=2.5 n=7096
16:00:29 | INFO    |            [multiref] MRR=0.9265 Hit@1=0.8793 Hit@5=0.9807 Hit@10=0.9873 MR=1.5 n=1500
16:00:30 | INFO    |            -> new best filtered MRR=0.8039 (saved model_best.pt)

AliNet:  96%|████████████████████████████████████████████████▉  | 2301/2400 [04:51<00:17,  5.65it/s]
AliNet:  96%|████████████████████████████████████████████████▉  | 2303/2400 [04:51<00:13,  7.01it/s]
AliNet:  96%|████████████████████████████████████████████████▉  | 2305/2400 [04:51<00:11,  8.44it/s]
AliNet:  96%|█████████████████████████████████████████████████  | 2307/2400 [04:51<00:09,  9.84it/s]
AliNet:  96%|█████████████████████████████████████████████████  | 2309/2400 [04:51<00:08, 11.11it/s]
AliNet:  96%|█████████████████████████████████████████████████  | 2311/2400 [04:52<00:07, 12.24it/s]
AliNet:  96%|█████████████████████████████████████████████████▏ | 2313/2400 [04:52<00:06, 13.18it/s]
AliNet:  96%|█████████████████████████████████████████████████▏ | 2315/2400 [04:52<00:06, 13.83it/s]
AliNet:  97%|█████████████████████████████████████████████████▏ | 2317/2400 [04:52<00:05, 14.31it/s]
AliNet:  97%|█████████████████████████████████████████████████▎ | 2319/2400 [04:52<00:05, 14.77it/s]
AliNet:  97%|█████████████████████████████████████████████████▎ | 2321/2400 [04:52<00:05, 15.10it/s]
AliNet:  97%|█████████████████████████████████████████████████▎ | 2323/2400 [04:52<00:05, 15.32it/s]16:00:31 | INFO    | epoch 2325/2400 | loss=0.0131 align=0.0012 rel=0.0119
16:00:32 | INFO    |            [filtered] MRR=0.7902 Hit@1=0.7003 Hit@5=0.8970 Hit@10=0.9543 MR=2.8 n=7096
16:00:32 | INFO    |            [multiref] MRR=0.9242 Hit@1=0.8767 Hit@5=0.9793 Hit@10=0.9913 MR=1.5 n=1500

AliNet:  97%|█████████████████████████████████████████████████▍ | 2325/2400 [04:53<00:10,  6.91it/s]
AliNet:  97%|█████████████████████████████████████████████████▍ | 2327/2400 [04:53<00:08,  8.34it/s]
AliNet:  97%|█████████████████████████████████████████████████▍ | 2329/2400 [04:53<00:07,  9.75it/s]
AliNet:  97%|█████████████████████████████████████████████████▌ | 2331/2400 [04:53<00:06, 11.04it/s]
AliNet:  97%|█████████████████████████████████████████████████▌ | 2333/2400 [04:53<00:05, 12.16it/s]
AliNet:  97%|█████████████████████████████████████████████████▌ | 2335/2400 [04:54<00:04, 13.11it/s]
AliNet:  97%|█████████████████████████████████████████████████▋ | 2337/2400 [04:54<00:04, 13.88it/s]
AliNet:  97%|█████████████████████████████████████████████████▋ | 2339/2400 [04:54<00:04, 14.46it/s]
AliNet:  98%|█████████████████████████████████████████████████▋ | 2341/2400 [04:54<00:04, 14.70it/s]
AliNet:  98%|█████████████████████████████████████████████████▊ | 2343/2400 [04:54<00:03, 15.04it/s]
AliNet:  98%|█████████████████████████████████████████████████▊ | 2345/2400 [04:54<00:03, 15.24it/s]
AliNet:  98%|█████████████████████████████████████████████████▊ | 2347/2400 [04:54<00:03, 15.44it/s]
AliNet:  98%|█████████████████████████████████████████████████▉ | 2349/2400 [04:54<00:03, 15.60it/s]16:00:34 | INFO    | epoch 2350/2400 | loss=0.0128 align=0.0013 rel=0.0115
16:00:34 | INFO    |            [filtered] MRR=0.7814 Hit@1=0.6919 Hit@5=0.8894 Hit@10=0.9501 MR=2.9 n=7096
16:00:34 | INFO    |            [multiref] MRR=0.9208 Hit@1=0.8713 Hit@5=0.9820 Hit@10=0.9913 MR=1.5 n=1500

AliNet:  98%|█████████████████████████████████████████████████▉ | 2351/2400 [04:55<00:07,  6.99it/s]
AliNet:  98%|██████████████████████████████████████████████████ | 2353/2400 [04:55<00:05,  8.42it/s]
AliNet:  98%|██████████████████████████████████████████████████ | 2355/2400 [04:55<00:04,  9.82it/s]
AliNet:  98%|██████████████████████████████████████████████████ | 2357/2400 [04:56<00:03, 11.09it/s]
AliNet:  98%|██████████████████████████████████████████████████▏| 2359/2400 [04:56<00:03, 12.22it/s]
AliNet:  98%|██████████████████████████████████████████████████▏| 2361/2400 [04:56<00:02, 13.16it/s]
AliNet:  98%|██████████████████████████████████████████████████▏| 2363/2400 [04:56<00:02, 13.92it/s]
AliNet:  99%|██████████████████████████████████████████████████▎| 2365/2400 [04:56<00:02, 14.35it/s]
AliNet:  99%|██████████████████████████████████████████████████▎| 2367/2400 [04:56<00:02, 14.75it/s]
AliNet:  99%|██████████████████████████████████████████████████▎| 2369/2400 [04:56<00:02, 15.05it/s]
AliNet:  99%|██████████████████████████████████████████████████▍| 2371/2400 [04:56<00:01, 14.91it/s]
AliNet:  99%|██████████████████████████████████████████████████▍| 2373/2400 [04:57<00:01, 15.19it/s]16:00:36 | INFO    | epoch 2375/2400 | loss=0.0119 align=0.0010 rel=0.0109
16:00:36 | INFO    |            [filtered] MRR=0.7654 Hit@1=0.6695 Hit@5=0.8806 Hit@10=0.9436 MR=3.0 n=7096
16:00:36 | INFO    |            [multiref] MRR=0.9208 Hit@1=0.8720 Hit@5=0.9813 Hit@10=0.9880 MR=1.5 n=1500

AliNet:  99%|██████████████████████████████████████████████████▍| 2375/2400 [04:57<00:03,  6.90it/s]
AliNet:  99%|██████████████████████████████████████████████████▌| 2377/2400 [04:57<00:02,  8.33it/s]
AliNet:  99%|██████████████████████████████████████████████████▌| 2379/2400 [04:57<00:02,  9.70it/s]
AliNet:  99%|██████████████████████████████████████████████████▌| 2381/2400 [04:58<00:01, 11.02it/s]
AliNet:  99%|██████████████████████████████████████████████████▋| 2383/2400 [04:58<00:01, 12.16it/s]
AliNet:  99%|██████████████████████████████████████████████████▋| 2385/2400 [04:58<00:01, 13.09it/s]
AliNet:  99%|██████████████████████████████████████████████████▋| 2387/2400 [04:58<00:00, 13.86it/s]
AliNet: 100%|██████████████████████████████████████████████████▊| 2389/2400 [04:58<00:00, 14.46it/s]
AliNet: 100%|██████████████████████████████████████████████████▊| 2391/2400 [04:58<00:00, 14.75it/s]
AliNet: 100%|██████████████████████████████████████████████████▊| 2393/2400 [04:58<00:00, 15.05it/s]
AliNet: 100%|██████████████████████████████████████████████████▉| 2395/2400 [04:58<00:00, 15.31it/s]
AliNet: 100%|██████████████████████████████████████████████████▉| 2397/2400 [04:59<00:00, 15.44it/s]
AliNet: 100%|██████████████████████████████████████████████████▉| 2399/2400 [04:59<00:00, 15.61it/s]16:00:38 | INFO    | epoch 2400/2400 | loss=0.0129 align=0.0012 rel=0.0117
16:00:38 | INFO    |            [filtered] MRR=0.7766 Hit@1=0.6825 Hit@5=0.8887 Hit@10=0.9459 MR=2.9 n=7096
16:00:38 | INFO    |            [multiref] MRR=0.9180 Hit@1=0.8660 Hit@5=0.9813 Hit@10=0.9907 MR=1.4 n=1500

AliNet: 100%|███████████████████████████████████████████████████| 2400/2400 [04:59<00:00,  8.00it/s]
16:00:39 | INFO    | Done in 5.0 min. Best filtered MRR=0.8039 @ epoch 2300.
16:00:39 | INFO    | Final evaluation on the test split, read once
16:00:40 | INFO    |   [cosine] filtMRR=0.8137 H@1=0.7478 H@10=0.9299 n=25720 | mrefMRR=0.8675 H@1=0.7637
16:00:41 | INFO    |   [  csls] filtMRR=0.7932 H@1=0.7088 H@10=0.9393 n=25720 | mrefMRR=0.8619 H@1=0.7637
16:00:46 | INFO    |   [cosine] F1=0.7914 P=0.6898 R=0.9280 (threshold 0.986 from validation, validation F1=0.7812)
16:00:47 | INFO    | Wrote experiments/alinet_sameAs_20260929-155529/result.json
16:00:47 | INFO    | Finished. Best validation MRR=0.8039 @ epoch 2300.
