05:45:48 | INFO    | Model: rrea | seed 2026 | device: cuda:0
05:45:48 | INFO    | Regime broadMatch/onco | graph: 84,182 nodes, 131,238 triples, 50,435 UCPGx candidates
05:45:48 | INFO    |   broadMatch/pgx   train=  3,744 test=  8,599 (70%) queries= 6,866 by cluster    leakage=0.00%
05:45:48 | INFO    |   closeMatch       train=  2,738 test=  6,296 (70%) queries= 1,490 by cluster    leakage=0.00%
05:45:48 | INFO    |   sameAs           train= 19,942 test= 46,531 (70%) queries=10,883 by cluster    leakage=0.00%
05:45:48 | INFO    |   broadMatch/onco  train= 25,039 test= 47,737 (66%) queries= 2,032 intra-cluster leakage=0.00%
05:45:48 | INFO    |   relatedMatch     train=  2,801 test=  6,289 (69%) queries=   812 intra-cluster leakage=0.00%
05:45:48 | INFO    |   related          train=471,647 test=762,046 (62%) queries=16,977 intra-cluster leakage=0.00%
05:45:48 | INFO    | Data: {'num_entities': 84182, 'num_relations': 13, 'triples': 131238, 'train_pairs': 18624, 'val_pairs': 6415, 'candidates': 50435, 'unlabeled_pool': 47179}
05:45:51 | INFO    | Params: 8.42M
05:45:51 | INFO    | Run directory: experiments/rrea_broadMatch-onco_20260929-054547
05:45:51 | INFO    | RREA | device=cuda:0 | {'num_entities': 84182, 'num_relations': 13, 'triples': 131238, 'train_pairs': 18624, 'val_pairs': 6415, 'candidates': 50435, 'unlabeled_pool': 47179} turns=8 x 200

RREA:   0%|                                                                | 0/1600 [00:00<?, ?it/s]code/src/models/rrea.py:61: UserWarning: Sparse invariant checks are implicitly disabled. Memory errors (e.g. SEGFAULT) will occur when operating on a sparse tensor which violates the invariants, but checks incur performance overhead. To silence this warning, explicitly opt in or out. See `torch.sparse.check_sparse_tensor_invariants.__doc__` for guidance.  (Triggered internally at /__w/pytorch/pytorch/aten/src/ATen/Context.cpp:848.)
  return torch.sparse_coo_tensor(index, val, shape, device=index.device).coalesce()

RREA:   0%|                                                        | 1/1600 [00:00<08:42,  3.06it/s]
RREA:   0%|▏                                                       | 4/1600 [00:00<02:37, 10.15it/s]
RREA:   0%|▏                                                       | 7/1600 [00:00<01:51, 14.31it/s]05:45:52 | INFO    | epoch   10/1600 | loss=0.0241
05:45:52 | INFO    |            [filtered] MRR=0.0827 Hit@1=0.0326 Hit@5=0.0722 Hit@10=0.1710 MR=144.5 n=6415
05:45:52 | INFO    |            [multiref] MRR=0.2487 Hit@1=0.1627 Hit@5=0.2711 Hit@10=0.5542 MR=436.4 n=498
05:45:52 | INFO    |            -> new best filtered MRR=0.0827 (saved model_best.pt)

RREA:   1%|▎                                                      | 10/1600 [00:01<03:43,  7.13it/s]
RREA:   1%|▍                                                      | 13/1600 [00:01<02:44,  9.62it/s]
RREA:   1%|▌                                                      | 16/1600 [00:01<02:11, 12.04it/s]
RREA:   1%|▋                                                      | 19/1600 [00:01<01:51, 14.22it/s]05:45:53 | INFO    | epoch   20/1600 | loss=0.0176
05:45:53 | INFO    |            [filtered] MRR=0.0862 Hit@1=0.0371 Hit@5=0.0806 Hit@10=0.1737 MR=90.9 n=6415
05:45:53 | INFO    |            [multiref] MRR=0.2559 Hit@1=0.1687 Hit@5=0.2932 Hit@10=0.5422 MR=286.4 n=498
05:45:53 | INFO    |            -> new best filtered MRR=0.0862 (saved model_best.pt)

RREA:   1%|▋                                                      | 21/1600 [00:02<03:28,  7.58it/s]
RREA:   2%|▊                                                      | 24/1600 [00:02<02:41,  9.78it/s]
RREA:   2%|▉                                                      | 27/1600 [00:02<02:11, 11.97it/s]05:45:54 | INFO    | epoch   30/1600 | loss=0.0151
05:45:54 | INFO    |            [filtered] MRR=0.1118 Hit@1=0.0496 Hit@5=0.1496 Hit@10=0.2164 MR=75.8 n=6415
05:45:54 | INFO    |            [multiref] MRR=0.3274 Hit@1=0.2048 Hit@5=0.4839 Hit@10=0.6145 MR=154.1 n=498
05:45:54 | INFO    |            -> new best filtered MRR=0.1118 (saved model_best.pt)

RREA:   2%|█                                                      | 30/1600 [00:03<03:22,  7.77it/s]
RREA:   2%|█▏                                                     | 33/1600 [00:03<02:40,  9.75it/s]
RREA:   2%|█▏                                                     | 36/1600 [00:03<02:12, 11.79it/s]
RREA:   2%|█▎                                                     | 39/1600 [00:03<01:53, 13.76it/s]05:45:55 | INFO    | epoch   40/1600 | loss=0.0114
05:45:55 | INFO    |            [filtered] MRR=0.1174 Hit@1=0.0595 Hit@5=0.1241 Hit@10=0.2150 MR=63.1 n=6415
05:45:55 | INFO    |            [multiref] MRR=0.3624 Hit@1=0.2530 Hit@5=0.5060 Hit@10=0.6466 MR=110.3 n=498
05:45:55 | INFO    |            -> new best filtered MRR=0.1174 (saved model_best.pt)

RREA:   3%|█▍                                                     | 41/1600 [00:04<03:18,  7.85it/s]
RREA:   3%|█▌                                                     | 44/1600 [00:04<02:36,  9.94it/s]
RREA:   3%|█▌                                                     | 47/1600 [00:04<02:08, 12.05it/s]05:45:56 | INFO    | epoch   50/1600 | loss=0.0126
05:45:56 | INFO    |            [filtered] MRR=0.2071 Hit@1=0.1626 Hit@5=0.2120 Hit@10=0.2284 MR=66.4 n=6415
05:45:56 | INFO    |            [multiref] MRR=0.5539 Hit@1=0.5080 Hit@5=0.5763 Hit@10=0.6566 MR=90.6 n=498
05:45:56 | INFO    |            -> new best filtered MRR=0.2071 (saved model_best.pt)

RREA:   3%|█▋                                                     | 50/1600 [00:05<03:18,  7.83it/s]
RREA:   3%|█▊                                                     | 53/1600 [00:05<02:38,  9.78it/s]
RREA:   4%|█▉                                                     | 56/1600 [00:05<02:10, 11.79it/s]
RREA:   4%|██                                                     | 59/1600 [00:05<01:52, 13.75it/s]05:45:57 | INFO    | epoch   60/1600 | loss=0.0106
05:45:57 | INFO    |            [filtered] MRR=0.2158 Hit@1=0.1646 Hit@5=0.2126 Hit@10=0.2513 MR=58.6 n=6415
05:45:57 | INFO    |            [multiref] MRR=0.5539 Hit@1=0.5120 Hit@5=0.5723 Hit@10=0.6506 MR=46.5 n=498
05:45:57 | INFO    |            -> new best filtered MRR=0.2158 (saved model_best.pt)

RREA:   4%|██                                                     | 61/1600 [00:06<03:16,  7.84it/s]
RREA:   4%|██▏                                                    | 64/1600 [00:06<02:34,  9.93it/s]
RREA:   4%|██▎                                                    | 67/1600 [00:06<02:07, 12.03it/s]05:45:58 | INFO    | epoch   70/1600 | loss=0.0088
05:45:58 | INFO    |            [filtered] MRR=0.2615 Hit@1=0.1950 Hit@5=0.2999 Hit@10=0.3599 MR=59.8 n=6415
05:45:58 | INFO    |            [multiref] MRR=0.5401 Hit@1=0.4880 Hit@5=0.5843 Hit@10=0.6285 MR=41.4 n=498
05:45:58 | INFO    |            -> new best filtered MRR=0.2615 (saved model_best.pt)

RREA:   4%|██▍                                                    | 70/1600 [00:07<03:15,  7.83it/s]
RREA:   5%|██▌                                                    | 73/1600 [00:07<02:36,  9.78it/s]
RREA:   5%|██▌                                                    | 76/1600 [00:07<02:09, 11.79it/s]
RREA:   5%|██▋                                                    | 79/1600 [00:07<01:50, 13.75it/s]05:45:59 | INFO    | epoch   80/1600 | loss=0.0058
05:45:59 | INFO    |            [filtered] MRR=0.2945 Hit@1=0.2014 Hit@5=0.3867 Hit@10=0.4666 MR=59.4 n=6415
05:45:59 | INFO    |            [multiref] MRR=0.5405 Hit@1=0.4880 Hit@5=0.5843 Hit@10=0.6365 MR=38.6 n=498
05:45:59 | INFO    |            -> new best filtered MRR=0.2945 (saved model_best.pt)

RREA:   5%|██▊                                                    | 81/1600 [00:08<03:14,  7.81it/s]
RREA:   5%|██▉                                                    | 84/1600 [00:08<02:33,  9.89it/s]
RREA:   5%|██▉                                                    | 87/1600 [00:08<02:06, 12.00it/s]05:46:00 | INFO    | epoch   90/1600 | loss=0.0092
05:46:00 | INFO    |            [filtered] MRR=0.2869 Hit@1=0.1945 Hit@5=0.3339 Hit@10=0.5035 MR=55.7 n=6415
05:46:00 | INFO    |            [multiref] MRR=0.5445 Hit@1=0.4940 Hit@5=0.5803 Hit@10=0.6506 MR=34.7 n=498

RREA:   6%|███                                                    | 90/1600 [00:09<02:54,  8.66it/s]
RREA:   6%|███▏                                                   | 93/1600 [00:09<02:21, 10.66it/s]
RREA:   6%|███▎                                                   | 96/1600 [00:09<01:58, 12.66it/s]
RREA:   6%|███▍                                                   | 99/1600 [00:09<01:43, 14.56it/s]05:46:01 | INFO    | epoch  100/1600 | loss=0.0072
05:46:01 | INFO    |            [filtered] MRR=0.3210 Hit@1=0.2447 Hit@5=0.3668 Hit@10=0.4817 MR=54.5 n=6415
05:46:01 | INFO    |            [multiref] MRR=0.5397 Hit@1=0.4819 Hit@5=0.5984 Hit@10=0.6546 MR=34.2 n=498
05:46:01 | INFO    |            -> new best filtered MRR=0.3210 (saved model_best.pt)

RREA:   6%|███▍                                                  | 101/1600 [00:10<03:03,  8.16it/s]
RREA:   6%|███▌                                                  | 104/1600 [00:10<02:25, 10.26it/s]
RREA:   7%|███▌                                                  | 107/1600 [00:10<02:00, 12.37it/s]05:46:02 | INFO    | epoch  110/1600 | loss=0.0078
05:46:02 | INFO    |            [filtered] MRR=0.2994 Hit@1=0.2516 Hit@5=0.3030 Hit@10=0.3872 MR=58.0 n=6415
05:46:02 | INFO    |            [multiref] MRR=0.5307 Hit@1=0.4799 Hit@5=0.5723 Hit@10=0.6365 MR=43.6 n=498

RREA:   7%|███▋                                                  | 110/1600 [00:11<02:49,  8.78it/s]
RREA:   7%|███▊                                                  | 113/1600 [00:11<02:17, 10.79it/s]
RREA:   7%|███▉                                                  | 116/1600 [00:11<01:56, 12.79it/s]
RREA:   7%|████                                                  | 119/1600 [00:11<01:40, 14.67it/s]05:46:02 | INFO    | epoch  120/1600 | loss=0.0057
05:46:03 | INFO    |            [filtered] MRR=0.3212 Hit@1=0.2628 Hit@5=0.3626 Hit@10=0.4181 MR=55.7 n=6415
05:46:03 | INFO    |            [multiref] MRR=0.5253 Hit@1=0.4759 Hit@5=0.5643 Hit@10=0.6285 MR=32.9 n=498
05:46:03 | INFO    |            -> new best filtered MRR=0.3212 (saved model_best.pt)

RREA:   8%|████                                                  | 121/1600 [00:12<03:05,  7.99it/s]
RREA:   8%|████▏                                                 | 124/1600 [00:12<02:26, 10.09it/s]
RREA:   8%|████▎                                                 | 127/1600 [00:12<02:00, 12.19it/s]05:46:03 | INFO    | epoch  130/1600 | loss=0.0069
05:46:04 | INFO    |            [filtered] MRR=0.3174 Hit@1=0.2658 Hit@5=0.3208 Hit@10=0.4644 MR=63.7 n=6415
05:46:04 | INFO    |            [multiref] MRR=0.5212 Hit@1=0.4659 Hit@5=0.5663 Hit@10=0.6426 MR=41.7 n=498

RREA:   8%|████▍                                                 | 130/1600 [00:12<02:48,  8.72it/s]
RREA:   8%|████▍                                                 | 133/1600 [00:13<02:16, 10.72it/s]
RREA:   8%|████▌                                                 | 136/1600 [00:13<01:55, 12.72it/s]
RREA:   9%|████▋                                                 | 139/1600 [00:13<01:39, 14.62it/s]05:46:04 | INFO    | epoch  140/1600 | loss=0.0072
05:46:05 | INFO    |            [filtered] MRR=0.3937 Hit@1=0.3411 Hit@5=0.4126 Hit@10=0.5169 MR=67.7 n=6415
05:46:05 | INFO    |            [multiref] MRR=0.5257 Hit@1=0.4739 Hit@5=0.5663 Hit@10=0.6406 MR=41.2 n=498
05:46:05 | INFO    |            -> new best filtered MRR=0.3937 (saved model_best.pt)

RREA:   9%|████▊                                                 | 141/1600 [00:13<03:02,  8.01it/s]
RREA:   9%|████▊                                                 | 144/1600 [00:14<02:24, 10.11it/s]
RREA:   9%|████▉                                                 | 147/1600 [00:14<01:58, 12.22it/s]05:46:05 | INFO    | epoch  150/1600 | loss=0.0082
05:46:06 | INFO    |            [filtered] MRR=0.3116 Hit@1=0.2483 Hit@5=0.3200 Hit@10=0.4915 MR=60.6 n=6415
05:46:06 | INFO    |            [multiref] MRR=0.5222 Hit@1=0.4679 Hit@5=0.5622 Hit@10=0.6386 MR=28.2 n=498

RREA:   9%|█████                                                 | 150/1600 [00:14<02:46,  8.72it/s]
RREA:  10%|█████▏                                                | 153/1600 [00:14<02:14, 10.72it/s]
RREA:  10%|█████▎                                                | 156/1600 [00:15<01:53, 12.73it/s]
RREA:  10%|█████▎                                                | 159/1600 [00:15<01:38, 14.62it/s]05:46:06 | INFO    | epoch  160/1600 | loss=0.0076
05:46:06 | INFO    |            [filtered] MRR=0.3587 Hit@1=0.3041 Hit@5=0.3751 Hit@10=0.5189 MR=62.5 n=6415
05:46:06 | INFO    |            [multiref] MRR=0.5354 Hit@1=0.4819 Hit@5=0.5863 Hit@10=0.6426 MR=26.2 n=498

RREA:  10%|█████▍                                                | 161/1600 [00:15<02:40,  8.96it/s]
RREA:  10%|█████▌                                                | 164/1600 [00:15<02:09, 11.11it/s]
RREA:  10%|█████▋                                                | 167/1600 [00:15<01:48, 13.20it/s]05:46:07 | INFO    | epoch  170/1600 | loss=0.0056
05:46:07 | INFO    |            [filtered] MRR=0.3401 Hit@1=0.2759 Hit@5=0.3645 Hit@10=0.5500 MR=57.8 n=6415
05:46:07 | INFO    |            [multiref] MRR=0.5373 Hit@1=0.4839 Hit@5=0.5843 Hit@10=0.6526 MR=34.1 n=498

RREA:  11%|█████▋                                                | 170/1600 [00:16<02:38,  9.00it/s]
RREA:  11%|█████▊                                                | 173/1600 [00:16<02:09, 11.02it/s]
RREA:  11%|█████▉                                                | 176/1600 [00:16<01:49, 13.01it/s]
RREA:  11%|██████                                                | 179/1600 [00:16<01:35, 14.88it/s]05:46:08 | INFO    | epoch  180/1600 | loss=0.0081
05:46:08 | INFO    |            [filtered] MRR=0.2892 Hit@1=0.2452 Hit@5=0.2987 Hit@10=0.3640 MR=62.8 n=6415
05:46:08 | INFO    |            [multiref] MRR=0.5320 Hit@1=0.4819 Hit@5=0.5703 Hit@10=0.6386 MR=34.4 n=498

RREA:  11%|██████                                                | 181/1600 [00:17<02:36,  9.09it/s]
RREA:  12%|██████▏                                               | 184/1600 [00:17<02:05, 11.24it/s]
RREA:  12%|██████▎                                               | 186/1600 [00:17<01:52, 12.52it/s]
RREA:  12%|██████▎                                               | 188/1600 [00:17<01:46, 13.23it/s]05:46:09 | INFO    | epoch  190/1600 | loss=0.0075
05:46:09 | INFO    |            [filtered] MRR=0.3235 Hit@1=0.2701 Hit@5=0.3348 Hit@10=0.4557 MR=65.0 n=6415
05:46:09 | INFO    |            [multiref] MRR=0.5337 Hit@1=0.4819 Hit@5=0.5743 Hit@10=0.6526 MR=33.4 n=498

RREA:  12%|██████▍                                               | 190/1600 [00:18<03:04,  7.64it/s]
RREA:  12%|██████▌                                               | 193/1600 [00:18<02:20, 10.02it/s]
RREA:  12%|██████▌                                               | 196/1600 [00:18<01:53, 12.32it/s]
RREA:  12%|██████▋                                               | 199/1600 [00:18<01:37, 14.42it/s]05:46:10 | INFO    | epoch  200/1600 | loss=0.0052 | bootstrap: +122 mutual pairs (train=18746, pool=376)
05:46:10 | INFO    |            [filtered] MRR=0.3086 Hit@1=0.2580 Hit@5=0.3289 Hit@10=0.3829 MR=63.9 n=6415
05:46:10 | INFO    |            [multiref] MRR=0.5283 Hit@1=0.4739 Hit@5=0.5663 Hit@10=0.6526 MR=33.0 n=498

RREA:  13%|██████▊                                               | 201/1600 [00:19<02:43,  8.55it/s]
RREA:  13%|██████▉                                               | 204/1600 [00:19<02:09, 10.78it/s]
RREA:  13%|██████▉                                               | 207/1600 [00:19<01:47, 12.94it/s]05:46:11 | INFO    | epoch  210/1600 | loss=0.0066
05:46:11 | INFO    |            [filtered] MRR=0.3332 Hit@1=0.2764 Hit@5=0.3609 Hit@10=0.4363 MR=62.0 n=6415
05:46:11 | INFO    |            [multiref] MRR=0.5415 Hit@1=0.4819 Hit@5=0.5863 Hit@10=0.6707 MR=22.0 n=498

RREA:  13%|███████                                               | 210/1600 [00:20<02:35,  8.93it/s]
RREA:  13%|███████▏                                              | 213/1600 [00:20<02:06, 10.97it/s]
RREA:  14%|███████▎                                              | 216/1600 [00:20<01:46, 12.99it/s]
RREA:  14%|███████▍                                              | 219/1600 [00:20<01:32, 14.87it/s]05:46:12 | INFO    | epoch  220/1600 | loss=0.0081
05:46:12 | INFO    |            [filtered] MRR=0.3276 Hit@1=0.2624 Hit@5=0.3459 Hit@10=0.4956 MR=57.9 n=6415
05:46:12 | INFO    |            [multiref] MRR=0.5465 Hit@1=0.4819 Hit@5=0.6185 Hit@10=0.6767 MR=21.5 n=498

RREA:  14%|███████▍                                              | 221/1600 [00:21<02:31,  9.12it/s]
RREA:  14%|███████▌                                              | 224/1600 [00:21<02:02, 11.28it/s]
RREA:  14%|███████▋                                              | 227/1600 [00:21<01:42, 13.36it/s]05:46:12 | INFO    | epoch  230/1600 | loss=0.0081
05:46:13 | INFO    |            [filtered] MRR=0.3603 Hit@1=0.3096 Hit@5=0.3827 Hit@10=0.4754 MR=59.1 n=6415
05:46:13 | INFO    |            [multiref] MRR=0.5537 Hit@1=0.4900 Hit@5=0.6185 Hit@10=0.6888 MR=18.5 n=498

RREA:  14%|███████▊                                              | 230/1600 [00:21<02:30,  9.11it/s]
RREA:  15%|███████▊                                              | 233/1600 [00:22<02:02, 11.13it/s]
RREA:  15%|███████▉                                              | 236/1600 [00:22<01:43, 13.12it/s]
RREA:  15%|████████                                              | 239/1600 [00:22<01:30, 14.98it/s]05:46:13 | INFO    | epoch  240/1600 | loss=0.0076
05:46:14 | INFO    |            [filtered] MRR=0.3378 Hit@1=0.2887 Hit@5=0.3520 Hit@10=0.4067 MR=60.9 n=6415
05:46:14 | INFO    |            [multiref] MRR=0.5475 Hit@1=0.4799 Hit@5=0.6104 Hit@10=0.6807 MR=17.5 n=498

RREA:  15%|████████▏                                             | 241/1600 [00:22<02:28,  9.18it/s]
RREA:  15%|████████▏                                             | 244/1600 [00:22<01:59, 11.33it/s]
RREA:  15%|████████▎                                             | 247/1600 [00:23<01:40, 13.40it/s]05:46:14 | INFO    | epoch  250/1600 | loss=0.0074
05:46:14 | INFO    |            [filtered] MRR=0.3101 Hit@1=0.2695 Hit@5=0.3129 Hit@10=0.3894 MR=66.2 n=6415
05:46:14 | INFO    |            [multiref] MRR=0.5553 Hit@1=0.4980 Hit@5=0.6064 Hit@10=0.6727 MR=18.8 n=498

RREA:  16%|████████▍                                             | 250/1600 [00:23<02:28,  9.11it/s]
RREA:  16%|████████▌                                             | 253/1600 [00:23<02:01, 11.12it/s]
RREA:  16%|████████▋                                             | 256/1600 [00:23<01:42, 13.12it/s]
RREA:  16%|████████▋                                             | 259/1600 [00:24<01:29, 14.92it/s]05:46:15 | INFO    | epoch  260/1600 | loss=0.0087
05:46:15 | INFO    |            [filtered] MRR=0.2991 Hit@1=0.2528 Hit@5=0.2940 Hit@10=0.4391 MR=61.6 n=6415
05:46:15 | INFO    |            [multiref] MRR=0.5541 Hit@1=0.4960 Hit@5=0.5984 Hit@10=0.6647 MR=17.9 n=498

RREA:  16%|████████▊                                             | 261/1600 [00:24<02:28,  9.05it/s]
RREA:  16%|████████▉                                             | 264/1600 [00:24<01:59, 11.20it/s]
RREA:  17%|█████████                                             | 267/1600 [00:24<01:40, 13.28it/s]05:46:16 | INFO    | epoch  270/1600 | loss=0.0058
05:46:16 | INFO    |            [filtered] MRR=0.3595 Hit@1=0.2973 Hit@5=0.3924 Hit@10=0.5679 MR=60.8 n=6415
05:46:16 | INFO    |            [multiref] MRR=0.5684 Hit@1=0.5100 Hit@5=0.6124 Hit@10=0.6847 MR=17.0 n=498

RREA:  17%|█████████                                             | 270/1600 [00:25<02:30,  8.83it/s]
RREA:  17%|█████████▏                                            | 273/1600 [00:25<02:02, 10.83it/s]
RREA:  17%|█████████▎                                            | 276/1600 [00:25<01:43, 12.83it/s]
RREA:  17%|█████████▍                                            | 279/1600 [00:25<01:29, 14.71it/s]05:46:17 | INFO    | epoch  280/1600 | loss=0.0070
05:46:17 | INFO    |            [filtered] MRR=0.3519 Hit@1=0.3043 Hit@5=0.3682 Hit@10=0.4452 MR=67.0 n=6415
05:46:17 | INFO    |            [multiref] MRR=0.5703 Hit@1=0.5141 Hit@5=0.6245 Hit@10=0.6928 MR=17.3 n=498

RREA:  18%|█████████▍                                            | 281/1600 [00:26<02:25,  9.08it/s]
RREA:  18%|█████████▌                                            | 284/1600 [00:26<01:57, 11.23it/s]
RREA:  18%|█████████▋                                            | 287/1600 [00:26<01:38, 13.31it/s]05:46:18 | INFO    | epoch  290/1600 | loss=0.0049
05:46:18 | INFO    |            [filtered] MRR=0.3471 Hit@1=0.3051 Hit@5=0.3646 Hit@10=0.4061 MR=75.2 n=6415
05:46:18 | INFO    |            [multiref] MRR=0.5755 Hit@1=0.5201 Hit@5=0.6325 Hit@10=0.6908 MR=17.9 n=498

RREA:  18%|█████████▊                                            | 290/1600 [00:27<02:24,  9.04it/s]
RREA:  18%|█████████▉                                            | 293/1600 [00:27<01:58, 11.06it/s]
RREA:  18%|█████████▉                                            | 296/1600 [00:27<01:39, 13.07it/s]
RREA:  19%|██████████                                            | 299/1600 [00:27<01:26, 14.96it/s]05:46:19 | INFO    | epoch  300/1600 | loss=0.0063
05:46:19 | INFO    |            [filtered] MRR=0.2933 Hit@1=0.2597 Hit@5=0.2910 Hit@10=0.3261 MR=76.9 n=6415
05:46:19 | INFO    |            [multiref] MRR=0.5741 Hit@1=0.5201 Hit@5=0.6205 Hit@10=0.6928 MR=17.2 n=498

RREA:  19%|██████████▏                                           | 301/1600 [00:28<02:23,  9.06it/s]
RREA:  19%|██████████▎                                           | 304/1600 [00:28<01:55, 11.22it/s]
RREA:  19%|██████████▎                                           | 307/1600 [00:28<01:37, 13.31it/s]05:46:19 | INFO    | epoch  310/1600 | loss=0.0076
05:46:20 | INFO    |            [filtered] MRR=0.3233 Hit@1=0.2818 Hit@5=0.3352 Hit@10=0.3727 MR=84.4 n=6415
05:46:20 | INFO    |            [multiref] MRR=0.5700 Hit@1=0.5141 Hit@5=0.6185 Hit@10=0.6727 MR=18.6 n=498

RREA:  19%|██████████▍                                           | 310/1600 [00:28<02:22,  9.03it/s]
RREA:  20%|██████████▌                                           | 313/1600 [00:29<01:56, 11.04it/s]
RREA:  20%|██████████▋                                           | 316/1600 [00:29<01:38, 13.03it/s]
RREA:  20%|██████████▊                                           | 319/1600 [00:29<01:25, 14.90it/s]05:46:20 | INFO    | epoch  320/1600 | loss=0.0061
05:46:21 | INFO    |            [filtered] MRR=0.3124 Hit@1=0.2708 Hit@5=0.3227 Hit@10=0.3679 MR=69.6 n=6415
05:46:21 | INFO    |            [multiref] MRR=0.5855 Hit@1=0.5281 Hit@5=0.6446 Hit@10=0.7068 MR=17.3 n=498

RREA:  20%|██████████▊                                           | 321/1600 [00:29<02:24,  8.87it/s]
RREA:  20%|██████████▉                                           | 324/1600 [00:30<01:55, 11.03it/s]
RREA:  20%|███████████                                           | 327/1600 [00:30<01:36, 13.13it/s]05:46:21 | INFO    | epoch  330/1600 | loss=0.0054
05:46:22 | INFO    |            [filtered] MRR=0.3703 Hit@1=0.3136 Hit@5=0.4034 Hit@10=0.4608 MR=62.2 n=6415
05:46:22 | INFO    |            [multiref] MRR=0.5935 Hit@1=0.5382 Hit@5=0.6526 Hit@10=0.7108 MR=17.2 n=498

RREA:  21%|███████████▏                                          | 330/1600 [00:30<02:20,  9.06it/s]
RREA:  21%|███████████▏                                          | 333/1600 [00:30<01:54, 11.09it/s]
RREA:  21%|███████████▎                                          | 336/1600 [00:31<01:36, 13.10it/s]
RREA:  21%|███████████▍                                          | 339/1600 [00:31<01:24, 14.97it/s]05:46:22 | INFO    | epoch  340/1600 | loss=0.0064
05:46:22 | INFO    |            [filtered] MRR=0.3146 Hit@1=0.2773 Hit@5=0.3152 Hit@10=0.3567 MR=72.3 n=6415
05:46:22 | INFO    |            [multiref] MRR=0.5942 Hit@1=0.5301 Hit@5=0.6667 Hit@10=0.7149 MR=17.1 n=498

RREA:  21%|███████████▌                                          | 341/1600 [00:31<02:19,  9.05it/s]
RREA:  22%|███████████▌                                          | 344/1600 [00:31<01:52, 11.21it/s]
RREA:  22%|███████████▋                                          | 347/1600 [00:31<01:34, 13.30it/s]05:46:23 | INFO    | epoch  350/1600 | loss=0.0066
05:46:23 | INFO    |            [filtered] MRR=0.2879 Hit@1=0.2513 Hit@5=0.2871 Hit@10=0.3280 MR=78.1 n=6415
05:46:23 | INFO    |            [multiref] MRR=0.5937 Hit@1=0.5301 Hit@5=0.6586 Hit@10=0.7068 MR=17.3 n=498

RREA:  22%|███████████▊                                          | 350/1600 [00:32<02:19,  8.98it/s]
RREA:  22%|███████████▉                                          | 353/1600 [00:32<01:53, 11.00it/s]
RREA:  22%|████████████                                          | 356/1600 [00:32<01:35, 13.00it/s]
RREA:  22%|████████████                                          | 359/1600 [00:32<01:23, 14.89it/s]05:46:24 | INFO    | epoch  360/1600 | loss=0.0052
05:46:24 | INFO    |            [filtered] MRR=0.3115 Hit@1=0.2722 Hit@5=0.3113 Hit@10=0.3679 MR=72.9 n=6415
05:46:24 | INFO    |            [multiref] MRR=0.5902 Hit@1=0.5321 Hit@5=0.6386 Hit@10=0.6948 MR=16.3 n=498

RREA:  23%|████████████▏                                         | 361/1600 [00:33<02:17,  8.99it/s]
RREA:  23%|████████████▎                                         | 364/1600 [00:33<01:50, 11.15it/s]
RREA:  23%|████████████▍                                         | 367/1600 [00:33<01:33, 13.25it/s]05:46:25 | INFO    | epoch  370/1600 | loss=0.0072
05:46:25 | INFO    |            [filtered] MRR=0.3387 Hit@1=0.2938 Hit@5=0.3618 Hit@10=0.3995 MR=79.4 n=6415
05:46:25 | INFO    |            [multiref] MRR=0.5751 Hit@1=0.5161 Hit@5=0.6265 Hit@10=0.6827 MR=17.2 n=498

RREA:  23%|████████████▍                                         | 370/1600 [00:34<02:18,  8.86it/s]
RREA:  23%|████████████▌                                         | 373/1600 [00:34<01:52, 10.88it/s]
RREA:  24%|████████████▋                                         | 376/1600 [00:34<01:34, 12.90it/s]
RREA:  24%|████████████▊                                         | 379/1600 [00:34<01:22, 14.79it/s]05:46:26 | INFO    | epoch  380/1600 | loss=0.0093
05:46:26 | INFO    |            [filtered] MRR=0.3336 Hit@1=0.2790 Hit@5=0.3593 Hit@10=0.4396 MR=71.4 n=6415
05:46:26 | INFO    |            [multiref] MRR=0.5775 Hit@1=0.5181 Hit@5=0.6325 Hit@10=0.6948 MR=16.9 n=498

RREA:  24%|████████████▊                                         | 381/1600 [00:35<02:16,  8.95it/s]
RREA:  24%|████████████▉                                         | 384/1600 [00:35<01:49, 11.11it/s]
RREA:  24%|█████████████                                         | 387/1600 [00:35<01:31, 13.21it/s]05:46:27 | INFO    | epoch  390/1600 | loss=0.0034
05:46:27 | INFO    |            [filtered] MRR=0.3224 Hit@1=0.2762 Hit@5=0.3381 Hit@10=0.4111 MR=69.2 n=6415
05:46:27 | INFO    |            [multiref] MRR=0.5814 Hit@1=0.5261 Hit@5=0.6305 Hit@10=0.6908 MR=16.1 n=498

RREA:  24%|█████████████▏                                        | 390/1600 [00:36<02:15,  8.94it/s]
RREA:  25%|█████████████▎                                        | 393/1600 [00:36<01:50, 10.96it/s]
RREA:  25%|█████████████▎                                        | 396/1600 [00:36<01:32, 12.97it/s]
RREA:  25%|█████████████▍                                        | 399/1600 [00:36<01:20, 14.85it/s]05:46:27 | INFO    | epoch  400/1600 | loss=0.0071 | bootstrap: +41 mutual pairs (train=18787, pool=335)
05:46:28 | INFO    |            [filtered] MRR=0.3096 Hit@1=0.2698 Hit@5=0.3140 Hit@10=0.3905 MR=73.0 n=6415
05:46:28 | INFO    |            [multiref] MRR=0.5896 Hit@1=0.5361 Hit@5=0.6406 Hit@10=0.6948 MR=17.6 n=498

RREA:  25%|█████████████▌                                        | 401/1600 [00:37<02:15,  8.88it/s]
RREA:  25%|█████████████▋                                        | 404/1600 [00:37<01:48, 11.03it/s]
RREA:  25%|█████████████▋                                        | 407/1600 [00:37<01:30, 13.13it/s]05:46:28 | INFO    | epoch  410/1600 | loss=0.0061
05:46:29 | INFO    |            [filtered] MRR=0.3084 Hit@1=0.2675 Hit@5=0.3164 Hit@10=0.3723 MR=75.1 n=6415
05:46:29 | INFO    |            [multiref] MRR=0.5984 Hit@1=0.5422 Hit@5=0.6586 Hit@10=0.7068 MR=17.6 n=498

RREA:  26%|█████████████▊                                        | 410/1600 [00:37<02:13,  8.91it/s]
RREA:  26%|█████████████▉                                        | 413/1600 [00:38<01:48, 10.93it/s]
RREA:  26%|██████████████                                        | 416/1600 [00:38<01:31, 12.94it/s]
RREA:  26%|██████████████▏                                       | 419/1600 [00:38<01:19, 14.83it/s]05:46:29 | INFO    | epoch  420/1600 | loss=0.0062
05:46:30 | INFO    |            [filtered] MRR=0.3026 Hit@1=0.2433 Hit@5=0.3213 Hit@10=0.3849 MR=64.1 n=6415
05:46:30 | INFO    |            [multiref] MRR=0.5972 Hit@1=0.5402 Hit@5=0.6426 Hit@10=0.7108 MR=18.5 n=498

RREA:  26%|██████████████▏                                       | 421/1600 [00:38<02:10,  9.06it/s]
RREA:  26%|██████████████▎                                       | 424/1600 [00:38<01:44, 11.23it/s]
RREA:  27%|██████████████▍                                       | 427/1600 [00:39<01:28, 13.32it/s]05:46:30 | INFO    | epoch  430/1600 | loss=0.0057
05:46:30 | INFO    |            [filtered] MRR=0.2531 Hit@1=0.1910 Hit@5=0.2717 Hit@10=0.3627 MR=64.7 n=6415
05:46:30 | INFO    |            [multiref] MRR=0.5943 Hit@1=0.5382 Hit@5=0.6466 Hit@10=0.7129 MR=17.0 n=498

RREA:  27%|██████████████▌                                       | 430/1600 [00:39<02:08,  9.12it/s]
RREA:  27%|██████████████▌                                       | 433/1600 [00:39<01:44, 11.14it/s]
RREA:  27%|██████████████▋                                       | 436/1600 [00:39<01:28, 13.14it/s]
RREA:  27%|██████████████▊                                       | 439/1600 [00:40<01:17, 15.01it/s]05:46:31 | INFO    | epoch  440/1600 | loss=0.0068
05:46:31 | INFO    |            [filtered] MRR=0.2381 Hit@1=0.1897 Hit@5=0.2348 Hit@10=0.2726 MR=69.1 n=6415
05:46:31 | INFO    |            [multiref] MRR=0.5991 Hit@1=0.5422 Hit@5=0.6727 Hit@10=0.7209 MR=16.3 n=498

RREA:  28%|██████████████▉                                       | 441/1600 [00:40<02:07,  9.12it/s]
RREA:  28%|██████████████▉                                       | 444/1600 [00:40<01:42, 11.29it/s]
RREA:  28%|███████████████                                       | 447/1600 [00:40<01:26, 13.37it/s]05:46:32 | INFO    | epoch  450/1600 | loss=0.0083
05:46:32 | INFO    |            [filtered] MRR=0.2834 Hit@1=0.2362 Hit@5=0.2946 Hit@10=0.3213 MR=85.4 n=6415
05:46:32 | INFO    |            [multiref] MRR=0.5949 Hit@1=0.5402 Hit@5=0.6486 Hit@10=0.7028 MR=18.2 n=498

RREA:  28%|███████████████▏                                      | 450/1600 [00:41<02:05,  9.18it/s]
RREA:  28%|███████████████▎                                      | 453/1600 [00:41<01:42, 11.21it/s]
RREA:  28%|███████████████▍                                      | 456/1600 [00:41<01:26, 13.22it/s]
RREA:  29%|███████████████▍                                      | 459/1600 [00:41<01:15, 15.08it/s]05:46:33 | INFO    | epoch  460/1600 | loss=0.0052
05:46:33 | INFO    |            [filtered] MRR=0.3093 Hit@1=0.2549 Hit@5=0.3389 Hit@10=0.3967 MR=72.5 n=6415
05:46:33 | INFO    |            [multiref] MRR=0.6126 Hit@1=0.5542 Hit@5=0.6647 Hit@10=0.7189 MR=17.5 n=498

RREA:  29%|███████████████▌                                      | 461/1600 [00:42<02:04,  9.11it/s]
RREA:  29%|███████████████▋                                      | 464/1600 [00:42<01:40, 11.28it/s]
RREA:  29%|███████████████▊                                      | 467/1600 [00:42<01:24, 13.37it/s]05:46:34 | INFO    | epoch  470/1600 | loss=0.0060
05:46:34 | INFO    |            [filtered] MRR=0.2839 Hit@1=0.2494 Hit@5=0.2818 Hit@10=0.3316 MR=98.8 n=6415
05:46:34 | INFO    |            [multiref] MRR=0.5994 Hit@1=0.5422 Hit@5=0.6526 Hit@10=0.7088 MR=19.0 n=498

RREA:  29%|███████████████▊                                      | 470/1600 [00:43<02:04,  9.07it/s]
RREA:  30%|███████████████▉                                      | 473/1600 [00:43<01:41, 11.10it/s]
RREA:  30%|████████████████                                      | 476/1600 [00:43<01:25, 13.11it/s]
RREA:  30%|████████████████▏                                     | 479/1600 [00:43<01:14, 14.98it/s]05:46:35 | INFO    | epoch  480/1600 | loss=0.0078
05:46:35 | INFO    |            [filtered] MRR=0.2998 Hit@1=0.2528 Hit@5=0.3172 Hit@10=0.3557 MR=81.0 n=6415
05:46:35 | INFO    |            [multiref] MRR=0.6199 Hit@1=0.5703 Hit@5=0.6647 Hit@10=0.7189 MR=17.5 n=498

RREA:  30%|████████████████▏                                     | 481/1600 [00:44<02:02,  9.14it/s]
RREA:  30%|████████████████▎                                     | 484/1600 [00:44<01:38, 11.30it/s]
RREA:  30%|████████████████▍                                     | 487/1600 [00:44<01:23, 13.39it/s]05:46:35 | INFO    | epoch  490/1600 | loss=0.0048
05:46:36 | INFO    |            [filtered] MRR=0.2381 Hit@1=0.1970 Hit@5=0.2355 Hit@10=0.2706 MR=72.9 n=6415
05:46:36 | INFO    |            [multiref] MRR=0.6160 Hit@1=0.5663 Hit@5=0.6667 Hit@10=0.7209 MR=16.4 n=498

RREA:  31%|████████████████▌                                     | 490/1600 [00:44<02:01,  9.15it/s]
RREA:  31%|████████████████▋                                     | 493/1600 [00:44<01:39, 11.18it/s]
RREA:  31%|████████████████▋                                     | 496/1600 [00:45<01:23, 13.19it/s]
RREA:  31%|████████████████▊                                     | 499/1600 [00:45<01:13, 15.05it/s]05:46:36 | INFO    | epoch  500/1600 | loss=0.0058
05:46:37 | INFO    |            [filtered] MRR=0.2534 Hit@1=0.2240 Hit@5=0.2592 Hit@10=0.3055 MR=137.0 n=6415
05:46:37 | INFO    |            [multiref] MRR=0.6128 Hit@1=0.5683 Hit@5=0.6586 Hit@10=0.7249 MR=22.2 n=498

RREA:  31%|████████████████▉                                     | 501/1600 [00:45<02:00,  9.12it/s]
RREA:  32%|█████████████████                                     | 504/1600 [00:45<01:37, 11.29it/s]
RREA:  32%|█████████████████                                     | 507/1600 [00:46<01:21, 13.38it/s]05:46:37 | INFO    | epoch  510/1600 | loss=0.0075
05:46:37 | INFO    |            [filtered] MRR=0.2664 Hit@1=0.2256 Hit@5=0.2739 Hit@10=0.3231 MR=102.5 n=6415
05:46:37 | INFO    |            [multiref] MRR=0.6119 Hit@1=0.5643 Hit@5=0.6526 Hit@10=0.7269 MR=19.0 n=498

RREA:  32%|█████████████████▏                                    | 510/1600 [00:46<02:00,  9.08it/s]
RREA:  32%|█████████████████▎                                    | 513/1600 [00:46<01:38, 11.08it/s]
RREA:  32%|█████████████████▍                                    | 516/1600 [00:46<01:22, 13.09it/s]
RREA:  32%|█████████████████▌                                    | 519/1600 [00:47<01:12, 14.96it/s]05:46:38 | INFO    | epoch  520/1600 | loss=0.0056
05:46:38 | INFO    |            [filtered] MRR=0.2632 Hit@1=0.2422 Hit@5=0.2670 Hit@10=0.2979 MR=154.5 n=6415
05:46:38 | INFO    |            [multiref] MRR=0.6084 Hit@1=0.5582 Hit@5=0.6586 Hit@10=0.7088 MR=20.2 n=498

RREA:  33%|█████████████████▌                                    | 521/1600 [00:47<01:58,  9.14it/s]
RREA:  33%|█████████████████▋                                    | 524/1600 [00:47<01:35, 11.31it/s]
RREA:  33%|█████████████████▊                                    | 527/1600 [00:47<01:20, 13.40it/s]05:46:39 | INFO    | epoch  530/1600 | loss=0.0069
05:46:39 | INFO    |            [filtered] MRR=0.2618 Hit@1=0.2301 Hit@5=0.2742 Hit@10=0.3055 MR=137.3 n=6415
05:46:39 | INFO    |            [multiref] MRR=0.6140 Hit@1=0.5703 Hit@5=0.6506 Hit@10=0.7229 MR=20.9 n=498

RREA:  33%|█████████████████▉                                    | 530/1600 [00:48<01:57,  9.13it/s]
RREA:  33%|█████████████████▉                                    | 533/1600 [00:48<01:35, 11.16it/s]
RREA:  34%|██████████████████                                    | 536/1600 [00:48<01:20, 13.16it/s]
RREA:  34%|██████████████████▏                                   | 539/1600 [00:48<01:10, 15.04it/s]05:46:40 | INFO    | epoch  540/1600 | loss=0.0073
05:46:40 | INFO    |            [filtered] MRR=0.2847 Hit@1=0.2606 Hit@5=0.2829 Hit@10=0.3150 MR=125.6 n=6415
05:46:40 | INFO    |            [multiref] MRR=0.6084 Hit@1=0.5602 Hit@5=0.6466 Hit@10=0.7048 MR=19.4 n=498

RREA:  34%|██████████████████▎                                   | 541/1600 [00:49<01:56,  9.09it/s]
RREA:  34%|██████████████████▎                                   | 544/1600 [00:49<01:33, 11.25it/s]
RREA:  34%|██████████████████▍                                   | 547/1600 [00:49<01:18, 13.35it/s]05:46:41 | INFO    | epoch  550/1600 | loss=0.0054
05:46:41 | INFO    |            [filtered] MRR=0.2796 Hit@1=0.2373 Hit@5=0.2884 Hit@10=0.3180 MR=88.8 n=6415
05:46:41 | INFO    |            [multiref] MRR=0.6115 Hit@1=0.5643 Hit@5=0.6446 Hit@10=0.6968 MR=21.6 n=498

RREA:  34%|██████████████████▌                                   | 550/1600 [00:50<01:55,  9.12it/s]
RREA:  35%|██████████████████▋                                   | 553/1600 [00:50<01:33, 11.15it/s]
RREA:  35%|██████████████████▊                                   | 556/1600 [00:50<01:19, 13.16it/s]
RREA:  35%|██████████████████▊                                   | 559/1600 [00:50<01:09, 15.02it/s]05:46:42 | INFO    | epoch  560/1600 | loss=0.0063
05:46:42 | INFO    |            [filtered] MRR=0.2746 Hit@1=0.2089 Hit@5=0.3174 Hit@10=0.3629 MR=81.5 n=6415
05:46:42 | INFO    |            [multiref] MRR=0.6267 Hit@1=0.5843 Hit@5=0.6566 Hit@10=0.7129 MR=20.6 n=498

RREA:  35%|██████████████████▉                                   | 561/1600 [00:51<01:53,  9.13it/s]
RREA:  35%|███████████████████                                   | 564/1600 [00:51<01:31, 11.29it/s]
RREA:  35%|███████████████████▏                                  | 567/1600 [00:51<01:17, 13.39it/s]05:46:42 | INFO    | epoch  570/1600 | loss=0.0063
05:46:43 | INFO    |            [filtered] MRR=0.2351 Hit@1=0.1911 Hit@5=0.2337 Hit@10=0.2837 MR=85.4 n=6415
05:46:43 | INFO    |            [multiref] MRR=0.6152 Hit@1=0.5663 Hit@5=0.6627 Hit@10=0.7209 MR=18.5 n=498

RREA:  36%|███████████████████▏                                  | 570/1600 [00:51<01:53,  9.07it/s]
RREA:  36%|███████████████████▎                                  | 573/1600 [00:52<01:32, 11.09it/s]
RREA:  36%|███████████████████▍                                  | 576/1600 [00:52<01:18, 13.10it/s]
RREA:  36%|███████████████████▌                                  | 579/1600 [00:52<01:08, 14.97it/s]05:46:43 | INFO    | epoch  580/1600 | loss=0.0060
05:46:44 | INFO    |            [filtered] MRR=0.2570 Hit@1=0.2359 Hit@5=0.2595 Hit@10=0.2881 MR=151.1 n=6415
05:46:44 | INFO    |            [multiref] MRR=0.6083 Hit@1=0.5602 Hit@5=0.6446 Hit@10=0.7088 MR=18.4 n=498

RREA:  36%|███████████████████▌                                  | 581/1600 [00:52<01:51,  9.13it/s]
RREA:  36%|███████████████████▋                                  | 584/1600 [00:52<01:29, 11.29it/s]
RREA:  37%|███████████████████▊                                  | 587/1600 [00:53<01:15, 13.39it/s]05:46:44 | INFO    | epoch  590/1600 | loss=0.0070
05:46:44 | INFO    |            [filtered] MRR=0.2672 Hit@1=0.2443 Hit@5=0.2712 Hit@10=0.2966 MR=139.6 n=6415
05:46:44 | INFO    |            [multiref] MRR=0.6091 Hit@1=0.5602 Hit@5=0.6526 Hit@10=0.7129 MR=18.7 n=498

RREA:  37%|███████████████████▉                                  | 590/1600 [00:53<01:51,  9.09it/s]
RREA:  37%|████████████████████                                  | 593/1600 [00:53<01:30, 11.11it/s]
RREA:  37%|████████████████████                                  | 596/1600 [00:53<01:16, 13.12it/s]
RREA:  37%|████████████████████▏                                 | 599/1600 [00:54<01:06, 14.99it/s]05:46:45 | INFO    | epoch  600/1600 | loss=0.0060 | bootstrap: +36 mutual pairs (train=18823, pool=299)
05:46:45 | INFO    |            [filtered] MRR=0.2549 Hit@1=0.2304 Hit@5=0.2645 Hit@10=0.3027 MR=164.0 n=6415
05:46:45 | INFO    |            [multiref] MRR=0.6108 Hit@1=0.5663 Hit@5=0.6466 Hit@10=0.7129 MR=20.7 n=498

RREA:  38%|████████████████████▎                                 | 601/1600 [00:54<01:52,  8.91it/s]
RREA:  38%|████████████████████▍                                 | 604/1600 [00:54<01:29, 11.07it/s]
RREA:  38%|████████████████████▍                                 | 607/1600 [00:54<01:15, 13.17it/s]05:46:46 | INFO    | epoch  610/1600 | loss=0.0044
05:46:46 | INFO    |            [filtered] MRR=0.2350 Hit@1=0.2109 Hit@5=0.2457 Hit@10=0.2789 MR=187.2 n=6415
05:46:46 | INFO    |            [multiref] MRR=0.6043 Hit@1=0.5562 Hit@5=0.6446 Hit@10=0.7108 MR=23.1 n=498

RREA:  38%|████████████████████▌                                 | 610/1600 [00:55<01:50,  8.99it/s]
RREA:  38%|████████████████████▋                                 | 613/1600 [00:55<01:29, 11.00it/s]
RREA:  38%|████████████████████▊                                 | 616/1600 [00:55<01:15, 13.01it/s]
RREA:  39%|████████████████████▉                                 | 619/1600 [00:55<01:05, 14.89it/s]05:46:47 | INFO    | epoch  620/1600 | loss=0.0063
05:46:47 | INFO    |            [filtered] MRR=0.2311 Hit@1=0.1883 Hit@5=0.2451 Hit@10=0.2896 MR=136.1 n=6415
05:46:47 | INFO    |            [multiref] MRR=0.6191 Hit@1=0.5703 Hit@5=0.6586 Hit@10=0.7149 MR=19.0 n=498

RREA:  39%|████████████████████▉                                 | 621/1600 [00:56<01:47,  9.07it/s]
RREA:  39%|█████████████████████                                 | 624/1600 [00:56<01:26, 11.23it/s]
RREA:  39%|█████████████████████▏                                | 627/1600 [00:56<01:13, 13.32it/s]05:46:48 | INFO    | epoch  630/1600 | loss=0.0058
05:46:48 | INFO    |            [filtered] MRR=0.2352 Hit@1=0.1939 Hit@5=0.2574 Hit@10=0.2945 MR=129.8 n=6415
05:46:48 | INFO    |            [multiref] MRR=0.6166 Hit@1=0.5663 Hit@5=0.6606 Hit@10=0.7108 MR=19.5 n=498

RREA:  39%|█████████████████████▎                                | 630/1600 [00:57<01:47,  8.98it/s]
RREA:  40%|█████████████████████▎                                | 633/1600 [00:57<01:27, 11.00it/s]
RREA:  40%|█████████████████████▍                                | 636/1600 [00:57<01:14, 13.01it/s]
RREA:  40%|█████████████████████▌                                | 639/1600 [00:57<01:04, 14.90it/s]05:46:49 | INFO    | epoch  640/1600 | loss=0.0074
05:46:49 | INFO    |            [filtered] MRR=0.2682 Hit@1=0.2413 Hit@5=0.2759 Hit@10=0.3043 MR=124.0 n=6415
05:46:49 | INFO    |            [multiref] MRR=0.6150 Hit@1=0.5643 Hit@5=0.6667 Hit@10=0.7149 MR=21.5 n=498

RREA:  40%|█████████████████████▋                                | 641/1600 [00:58<01:46,  9.02it/s]
RREA:  40%|█████████████████████▋                                | 644/1600 [00:58<01:25, 11.18it/s]
RREA:  40%|█████████████████████▊                                | 647/1600 [00:58<01:11, 13.28it/s]05:46:49 | INFO    | epoch  650/1600 | loss=0.0060
05:46:50 | INFO    |            [filtered] MRR=0.2636 Hit@1=0.2426 Hit@5=0.2683 Hit@10=0.2920 MR=149.3 n=6415
05:46:50 | INFO    |            [multiref] MRR=0.6162 Hit@1=0.5663 Hit@5=0.6627 Hit@10=0.7229 MR=21.6 n=498

RREA:  41%|█████████████████████▉                                | 650/1600 [00:58<01:44,  9.06it/s]
RREA:  41%|██████████████████████                                | 653/1600 [00:59<01:25, 11.09it/s]
RREA:  41%|██████████████████████▏                               | 656/1600 [00:59<01:12, 13.10it/s]
RREA:  41%|██████████████████████▏                               | 659/1600 [00:59<01:02, 14.97it/s]05:46:50 | INFO    | epoch  660/1600 | loss=0.0076
05:46:51 | INFO    |            [filtered] MRR=0.2577 Hit@1=0.2323 Hit@5=0.2714 Hit@10=0.2993 MR=157.5 n=6415
05:46:51 | INFO    |            [multiref] MRR=0.6173 Hit@1=0.5703 Hit@5=0.6526 Hit@10=0.7129 MR=21.3 n=498

RREA:  41%|██████████████████████▎                               | 661/1600 [00:59<01:44,  9.02it/s]
RREA:  42%|██████████████████████▍                               | 664/1600 [01:00<01:23, 11.19it/s]
RREA:  42%|██████████████████████▌                               | 667/1600 [01:00<01:10, 13.28it/s]05:46:51 | INFO    | epoch  670/1600 | loss=0.0086
05:46:52 | INFO    |            [filtered] MRR=0.2284 Hit@1=0.1899 Hit@5=0.2511 Hit@10=0.2890 MR=124.5 n=6415
05:46:52 | INFO    |            [multiref] MRR=0.6192 Hit@1=0.5663 Hit@5=0.6667 Hit@10=0.7189 MR=19.8 n=498

RREA:  42%|██████████████████████▌                               | 670/1600 [01:00<01:43,  9.00it/s]
RREA:  42%|██████████████████████▋                               | 673/1600 [01:00<01:24, 11.02it/s]
RREA:  42%|██████████████████████▊                               | 676/1600 [01:00<01:10, 13.03it/s]
RREA:  42%|██████████████████████▉                               | 679/1600 [01:01<01:01, 14.91it/s]05:46:52 | INFO    | epoch  680/1600 | loss=0.0052
05:46:52 | INFO    |            [filtered] MRR=0.2314 Hit@1=0.1995 Hit@5=0.2507 Hit@10=0.2943 MR=146.2 n=6415
05:46:52 | INFO    |            [multiref] MRR=0.6175 Hit@1=0.5683 Hit@5=0.6647 Hit@10=0.7129 MR=18.9 n=498

RREA:  43%|██████████████████████▉                               | 681/1600 [01:01<01:41,  9.06it/s]
RREA:  43%|███████████████████████                               | 684/1600 [01:01<01:21, 11.22it/s]
RREA:  43%|███████████████████████▏                              | 687/1600 [01:01<01:08, 13.31it/s]05:46:53 | INFO    | epoch  690/1600 | loss=0.0061
05:46:53 | INFO    |            [filtered] MRR=0.2120 Hit@1=0.1799 Hit@5=0.2260 Hit@10=0.2949 MR=168.1 n=6415
05:46:53 | INFO    |            [multiref] MRR=0.6145 Hit@1=0.5663 Hit@5=0.6606 Hit@10=0.7108 MR=21.5 n=498

RREA:  43%|███████████████████████▎                              | 690/1600 [01:02<01:41,  9.00it/s]
RREA:  43%|███████████████████████▍                              | 693/1600 [01:02<01:22, 11.02it/s]
RREA:  44%|███████████████████████▍                              | 696/1600 [01:02<01:09, 13.04it/s]
RREA:  44%|███████████████████████▌                              | 699/1600 [01:02<01:00, 14.92it/s]05:46:54 | INFO    | epoch  700/1600 | loss=0.0070
05:46:54 | INFO    |            [filtered] MRR=0.2517 Hit@1=0.2287 Hit@5=0.2595 Hit@10=0.2882 MR=173.8 n=6415
05:46:54 | INFO    |            [multiref] MRR=0.6106 Hit@1=0.5622 Hit@5=0.6546 Hit@10=0.7149 MR=22.5 n=498

RREA:  44%|███████████████████████▋                              | 701/1600 [01:03<01:38,  9.08it/s]
RREA:  44%|███████████████████████▊                              | 704/1600 [01:03<01:19, 11.25it/s]
RREA:  44%|███████████████████████▊                              | 707/1600 [01:03<01:06, 13.34it/s]05:46:55 | INFO    | epoch  710/1600 | loss=0.0055
05:46:55 | INFO    |            [filtered] MRR=0.2306 Hit@1=0.2030 Hit@5=0.2549 Hit@10=0.2818 MR=176.7 n=6415
05:46:55 | INFO    |            [multiref] MRR=0.6106 Hit@1=0.5582 Hit@5=0.6606 Hit@10=0.7169 MR=22.8 n=498

RREA:  44%|███████████████████████▉                              | 710/1600 [01:04<01:38,  9.05it/s]
RREA:  45%|████████████████████████                              | 713/1600 [01:04<01:20, 11.07it/s]
RREA:  45%|████████████████████████▏                             | 716/1600 [01:04<01:07, 13.08it/s]
RREA:  45%|████████████████████████▎                             | 719/1600 [01:04<00:58, 14.96it/s]05:46:56 | INFO    | epoch  720/1600 | loss=0.0064
05:46:56 | INFO    |            [filtered] MRR=0.2577 Hit@1=0.2337 Hit@5=0.2627 Hit@10=0.3077 MR=166.6 n=6415
05:46:56 | INFO    |            [multiref] MRR=0.6166 Hit@1=0.5663 Hit@5=0.6586 Hit@10=0.7209 MR=24.5 n=498

RREA:  45%|████████████████████████▎                             | 721/1600 [01:05<01:37,  8.99it/s]
RREA:  45%|████████████████████████▍                             | 724/1600 [01:05<01:18, 11.15it/s]
RREA:  45%|████████████████████████▌                             | 727/1600 [01:05<01:05, 13.24it/s]05:46:57 | INFO    | epoch  730/1600 | loss=0.0053
05:46:57 | INFO    |            [filtered] MRR=0.2582 Hit@1=0.2382 Hit@5=0.2630 Hit@10=0.2929 MR=173.4 n=6415
05:46:57 | INFO    |            [multiref] MRR=0.6233 Hit@1=0.5763 Hit@5=0.6566 Hit@10=0.7149 MR=24.8 n=498

RREA:  46%|████████████████████████▋                             | 730/1600 [01:05<01:36,  9.06it/s]
RREA:  46%|████████████████████████▋                             | 733/1600 [01:06<01:18, 11.08it/s]
RREA:  46%|████████████████████████▊                             | 736/1600 [01:06<01:06, 13.09it/s]
RREA:  46%|████████████████████████▉                             | 739/1600 [01:06<00:57, 14.97it/s]05:46:57 | INFO    | epoch  740/1600 | loss=0.0043
05:46:58 | INFO    |            [filtered] MRR=0.2788 Hit@1=0.2535 Hit@5=0.2807 Hit@10=0.3147 MR=133.4 n=6415
05:46:58 | INFO    |            [multiref] MRR=0.6257 Hit@1=0.5763 Hit@5=0.6586 Hit@10=0.7249 MR=21.5 n=498

RREA:  46%|█████████████████████████                             | 741/1600 [01:06<01:34,  9.10it/s]
RREA:  46%|█████████████████████████                             | 744/1600 [01:07<01:16, 11.26it/s]
RREA:  47%|█████████████████████████▏                            | 747/1600 [01:07<01:03, 13.36it/s]05:46:58 | INFO    | epoch  750/1600 | loss=0.0057
05:46:59 | INFO    |            [filtered] MRR=0.2569 Hit@1=0.2340 Hit@5=0.2726 Hit@10=0.3016 MR=170.8 n=6415
05:46:59 | INFO    |            [multiref] MRR=0.6224 Hit@1=0.5763 Hit@5=0.6566 Hit@10=0.7129 MR=23.4 n=498

RREA:  47%|█████████████████████████▎                            | 750/1600 [01:07<01:34,  9.00it/s]
RREA:  47%|█████████████████████████▍                            | 753/1600 [01:07<01:16, 11.02it/s]
RREA:  47%|█████████████████████████▌                            | 756/1600 [01:08<01:04, 13.03it/s]
RREA:  47%|█████████████████████████▌                            | 759/1600 [01:08<00:56, 14.92it/s]05:46:59 | INFO    | epoch  760/1600 | loss=0.0070
05:46:59 | INFO    |            [filtered] MRR=0.2889 Hit@1=0.2592 Hit@5=0.2912 Hit@10=0.3274 MR=105.2 n=6415
05:46:59 | INFO    |            [multiref] MRR=0.6360 Hit@1=0.5884 Hit@5=0.6727 Hit@10=0.7309 MR=22.0 n=498

RREA:  48%|█████████████████████████▋                            | 761/1600 [01:08<01:33,  8.99it/s]
RREA:  48%|█████████████████████████▊                            | 764/1600 [01:08<01:14, 11.15it/s]
RREA:  48%|█████████████████████████▉                            | 767/1600 [01:08<01:02, 13.25it/s]05:47:00 | INFO    | epoch  770/1600 | loss=0.0064
05:47:00 | INFO    |            [filtered] MRR=0.2712 Hit@1=0.2449 Hit@5=0.2722 Hit@10=0.2966 MR=115.9 n=6415
05:47:00 | INFO    |            [multiref] MRR=0.6241 Hit@1=0.5763 Hit@5=0.6627 Hit@10=0.7209 MR=23.1 n=498

RREA:  48%|█████████████████████████▉                            | 770/1600 [01:09<01:31,  9.02it/s]
RREA:  48%|██████████████████████████                            | 773/1600 [01:09<01:14, 11.04it/s]
RREA:  48%|██████████████████████████▏                           | 776/1600 [01:09<01:03, 13.05it/s]
RREA:  49%|██████████████████████████▎                           | 779/1600 [01:09<00:54, 14.94it/s]05:47:01 | INFO    | epoch  780/1600 | loss=0.0056
05:47:01 | INFO    |            [filtered] MRR=0.2653 Hit@1=0.2461 Hit@5=0.2667 Hit@10=0.2876 MR=154.5 n=6415
05:47:01 | INFO    |            [multiref] MRR=0.6150 Hit@1=0.5663 Hit@5=0.6566 Hit@10=0.7189 MR=26.2 n=498

RREA:  49%|██████████████████████████▎                           | 781/1600 [01:10<01:31,  8.96it/s]
RREA:  49%|██████████████████████████▍                           | 784/1600 [01:10<01:13, 11.11it/s]
RREA:  49%|██████████████████████████▌                           | 787/1600 [01:10<01:01, 13.21it/s]05:47:02 | INFO    | epoch  790/1600 | loss=0.0052
05:47:02 | INFO    |            [filtered] MRR=0.2686 Hit@1=0.2475 Hit@5=0.2666 Hit@10=0.2842 MR=117.2 n=6415
05:47:02 | INFO    |            [multiref] MRR=0.6246 Hit@1=0.5823 Hit@5=0.6586 Hit@10=0.7189 MR=25.0 n=498

RREA:  49%|██████████████████████████▋                           | 790/1600 [01:11<01:30,  8.94it/s]
RREA:  50%|██████████████████████████▊                           | 793/1600 [01:11<01:13, 10.95it/s]
RREA:  50%|██████████████████████████▊                           | 796/1600 [01:11<01:02, 12.97it/s]
RREA:  50%|██████████████████████████▉                           | 799/1600 [01:11<00:53, 14.86it/s]05:47:03 | INFO    | epoch  800/1600 | loss=0.0072 | bootstrap: +21 mutual pairs (train=18844, pool=278)
05:47:03 | INFO    |            [filtered] MRR=0.2745 Hit@1=0.2489 Hit@5=0.2700 Hit@10=0.2899 MR=90.8 n=6415
05:47:03 | INFO    |            [multiref] MRR=0.6253 Hit@1=0.5783 Hit@5=0.6627 Hit@10=0.7189 MR=23.8 n=498

RREA:  50%|███████████████████████████                           | 801/1600 [01:12<01:30,  8.81it/s]
RREA:  50%|███████████████████████████▏                          | 804/1600 [01:12<01:12, 10.96it/s]
RREA:  50%|███████████████████████████▏                          | 807/1600 [01:12<01:00, 13.07it/s]05:47:04 | INFO    | epoch  810/1600 | loss=0.0067
05:47:04 | INFO    |            [filtered] MRR=0.2722 Hit@1=0.2494 Hit@5=0.2686 Hit@10=0.2856 MR=91.7 n=6415
05:47:04 | INFO    |            [multiref] MRR=0.6235 Hit@1=0.5763 Hit@5=0.6566 Hit@10=0.7189 MR=23.1 n=498

RREA:  51%|███████████████████████████▎                          | 810/1600 [01:13<01:28,  8.94it/s]
RREA:  51%|███████████████████████████▍                          | 813/1600 [01:13<01:11, 10.96it/s]
RREA:  51%|███████████████████████████▌                          | 816/1600 [01:13<01:00, 12.97it/s]
RREA:  51%|███████████████████████████▋                          | 819/1600 [01:13<00:52, 14.86it/s]05:47:05 | INFO    | epoch  820/1600 | loss=0.0039
05:47:05 | INFO    |            [filtered] MRR=0.2741 Hit@1=0.2510 Hit@5=0.2692 Hit@10=0.2854 MR=89.4 n=6415
05:47:05 | INFO    |            [multiref] MRR=0.6230 Hit@1=0.5763 Hit@5=0.6546 Hit@10=0.7209 MR=23.9 n=498

RREA:  51%|███████████████████████████▋                          | 821/1600 [01:14<01:25,  9.09it/s]
RREA:  52%|███████████████████████████▊                          | 824/1600 [01:14<01:08, 11.25it/s]
RREA:  52%|███████████████████████████▉                          | 827/1600 [01:14<00:57, 13.34it/s]05:47:05 | INFO    | epoch  830/1600 | loss=0.0054
05:47:06 | INFO    |            [filtered] MRR=0.2692 Hit@1=0.2421 Hit@5=0.2661 Hit@10=0.2817 MR=73.7 n=6415
05:47:06 | INFO    |            [multiref] MRR=0.6172 Hit@1=0.5683 Hit@5=0.6566 Hit@10=0.7169 MR=22.0 n=498

RREA:  52%|████████████████████████████                          | 830/1600 [01:14<01:24,  9.07it/s]
RREA:  52%|████████████████████████████                          | 833/1600 [01:14<01:09, 11.09it/s]
RREA:  52%|████████████████████████████▏                         | 836/1600 [01:15<00:58, 13.10it/s]
RREA:  52%|████████████████████████████▎                         | 839/1600 [01:15<00:50, 14.98it/s]05:47:06 | INFO    | epoch  840/1600 | loss=0.0049
05:47:07 | INFO    |            [filtered] MRR=0.2668 Hit@1=0.2433 Hit@5=0.2616 Hit@10=0.2786 MR=83.2 n=6415
05:47:07 | INFO    |            [multiref] MRR=0.6130 Hit@1=0.5622 Hit@5=0.6586 Hit@10=0.7189 MR=25.8 n=498

RREA:  53%|████████████████████████████▍                         | 841/1600 [01:15<01:22,  9.16it/s]
RREA:  53%|████████████████████████████▍                         | 844/1600 [01:15<01:06, 11.32it/s]
RREA:  53%|████████████████████████████▌                         | 847/1600 [01:16<00:56, 13.41it/s]05:47:07 | INFO    | epoch  850/1600 | loss=0.0066
05:47:07 | INFO    |            [filtered] MRR=0.2691 Hit@1=0.2452 Hit@5=0.2694 Hit@10=0.2915 MR=98.1 n=6415
05:47:07 | INFO    |            [multiref] MRR=0.6178 Hit@1=0.5683 Hit@5=0.6606 Hit@10=0.7269 MR=28.9 n=498

RREA:  53%|████████████████████████████▋                         | 850/1600 [01:16<01:21,  9.18it/s]
RREA:  53%|████████████████████████████▊                         | 853/1600 [01:16<01:06, 11.21it/s]
RREA:  54%|████████████████████████████▉                         | 856/1600 [01:16<00:56, 13.21it/s]
RREA:  54%|████████████████████████████▉                         | 859/1600 [01:16<00:49, 15.08it/s]05:47:08 | INFO    | epoch  860/1600 | loss=0.0056
05:47:08 | INFO    |            [filtered] MRR=0.2702 Hit@1=0.2479 Hit@5=0.2663 Hit@10=0.2832 MR=82.0 n=6415
05:47:08 | INFO    |            [multiref] MRR=0.6199 Hit@1=0.5723 Hit@5=0.6586 Hit@10=0.7189 MR=25.8 n=498

RREA:  54%|█████████████████████████████                         | 861/1600 [01:17<01:20,  9.14it/s]
RREA:  54%|█████████████████████████████▏                        | 864/1600 [01:17<01:05, 11.31it/s]
RREA:  54%|█████████████████████████████▎                        | 867/1600 [01:17<00:54, 13.40it/s]05:47:09 | INFO    | epoch  870/1600 | loss=0.0065
05:47:09 | INFO    |            [filtered] MRR=0.2694 Hit@1=0.2480 Hit@5=0.2661 Hit@10=0.2860 MR=113.0 n=6415
05:47:09 | INFO    |            [multiref] MRR=0.6233 Hit@1=0.5783 Hit@5=0.6586 Hit@10=0.7209 MR=27.4 n=498

RREA:  54%|█████████████████████████████▎                        | 870/1600 [01:18<01:20,  9.09it/s]
RREA:  55%|█████████████████████████████▍                        | 873/1600 [01:18<01:05, 11.12it/s]
RREA:  55%|█████████████████████████████▌                        | 876/1600 [01:18<00:55, 13.12it/s]
RREA:  55%|█████████████████████████████▋                        | 879/1600 [01:18<00:48, 15.00it/s]05:47:10 | INFO    | epoch  880/1600 | loss=0.0076
05:47:10 | INFO    |            [filtered] MRR=0.2687 Hit@1=0.2485 Hit@5=0.2695 Hit@10=0.2871 MR=125.2 n=6415
05:47:10 | INFO    |            [multiref] MRR=0.6188 Hit@1=0.5723 Hit@5=0.6667 Hit@10=0.7189 MR=27.0 n=498

RREA:  55%|█████████████████████████████▋                        | 881/1600 [01:19<01:18,  9.17it/s]
RREA:  55%|█████████████████████████████▊                        | 884/1600 [01:19<01:03, 11.33it/s]
RREA:  55%|█████████████████████████████▉                        | 887/1600 [01:19<00:53, 13.42it/s]05:47:11 | INFO    | epoch  890/1600 | loss=0.0061
05:47:11 | INFO    |            [filtered] MRR=0.2709 Hit@1=0.2488 Hit@5=0.2672 Hit@10=0.2839 MR=82.3 n=6415
05:47:11 | INFO    |            [multiref] MRR=0.6231 Hit@1=0.5743 Hit@5=0.6707 Hit@10=0.7209 MR=25.9 n=498

RREA:  56%|██████████████████████████████                        | 890/1600 [01:20<01:17,  9.10it/s]
RREA:  56%|██████████████████████████████▏                       | 893/1600 [01:20<01:03, 11.13it/s]
RREA:  56%|██████████████████████████████▏                       | 896/1600 [01:20<00:53, 13.14it/s]
RREA:  56%|██████████████████████████████▎                       | 899/1600 [01:20<00:46, 15.00it/s]05:47:11 | INFO    | epoch  900/1600 | loss=0.0062
05:47:12 | INFO    |            [filtered] MRR=0.2683 Hit@1=0.2472 Hit@5=0.2622 Hit@10=0.2779 MR=92.6 n=6415
05:47:12 | INFO    |            [multiref] MRR=0.6187 Hit@1=0.5683 Hit@5=0.6727 Hit@10=0.7169 MR=30.3 n=498

RREA:  56%|██████████████████████████████▍                       | 901/1600 [01:21<01:17,  9.08it/s]
RREA:  56%|██████████████████████████████▌                       | 904/1600 [01:21<01:01, 11.24it/s]
RREA:  57%|██████████████████████████████▌                       | 907/1600 [01:21<00:51, 13.34it/s]05:47:12 | INFO    | epoch  910/1600 | loss=0.0062
05:47:13 | INFO    |            [filtered] MRR=0.2690 Hit@1=0.2480 Hit@5=0.2639 Hit@10=0.2792 MR=94.1 n=6415
05:47:13 | INFO    |            [multiref] MRR=0.6204 Hit@1=0.5683 Hit@5=0.6747 Hit@10=0.7169 MR=26.4 n=498

RREA:  57%|██████████████████████████████▋                       | 910/1600 [01:21<01:16,  9.08it/s]
RREA:  57%|██████████████████████████████▊                       | 913/1600 [01:21<01:01, 11.10it/s]
RREA:  57%|██████████████████████████████▉                       | 916/1600 [01:22<00:52, 13.11it/s]
RREA:  57%|███████████████████████████████                       | 919/1600 [01:22<00:45, 14.98it/s]05:47:13 | INFO    | epoch  920/1600 | loss=0.0064
05:47:14 | INFO    |            [filtered] MRR=0.2722 Hit@1=0.2508 Hit@5=0.2673 Hit@10=0.2820 MR=89.6 n=6415
05:47:14 | INFO    |            [multiref] MRR=0.6163 Hit@1=0.5663 Hit@5=0.6707 Hit@10=0.7209 MR=25.3 n=498

RREA:  58%|███████████████████████████████                       | 921/1600 [01:22<01:14,  9.08it/s]
RREA:  58%|███████████████████████████████▏                      | 924/1600 [01:22<01:00, 11.24it/s]
RREA:  58%|███████████████████████████████▎                      | 927/1600 [01:23<00:50, 13.34it/s]05:47:14 | INFO    | epoch  930/1600 | loss=0.0064
05:47:14 | INFO    |            [filtered] MRR=0.2712 Hit@1=0.2489 Hit@5=0.2705 Hit@10=0.2923 MR=106.7 n=6415
05:47:14 | INFO    |            [multiref] MRR=0.6124 Hit@1=0.5582 Hit@5=0.6647 Hit@10=0.7189 MR=25.4 n=498

RREA:  58%|███████████████████████████████▍                      | 930/1600 [01:23<01:14,  9.04it/s]
RREA:  58%|███████████████████████████████▍                      | 933/1600 [01:23<01:00, 11.06it/s]
RREA:  58%|███████████████████████████████▌                      | 936/1600 [01:23<00:50, 13.08it/s]
RREA:  59%|███████████████████████████████▋                      | 939/1600 [01:24<00:44, 14.95it/s]05:47:15 | INFO    | epoch  940/1600 | loss=0.0065
05:47:15 | INFO    |            [filtered] MRR=0.2687 Hit@1=0.2479 Hit@5=0.2652 Hit@10=0.2952 MR=104.8 n=6415
05:47:15 | INFO    |            [multiref] MRR=0.6143 Hit@1=0.5602 Hit@5=0.6707 Hit@10=0.7189 MR=24.3 n=498

RREA:  59%|███████████████████████████████▊                      | 941/1600 [01:24<01:12,  9.08it/s]
RREA:  59%|███████████████████████████████▊                      | 944/1600 [01:24<00:58, 11.25it/s]
RREA:  59%|███████████████████████████████▉                      | 947/1600 [01:24<00:48, 13.34it/s]05:47:16 | INFO    | epoch  950/1600 | loss=0.0054
05:47:16 | INFO    |            [filtered] MRR=0.2710 Hit@1=0.2485 Hit@5=0.2747 Hit@10=0.3060 MR=126.3 n=6415
05:47:16 | INFO    |            [multiref] MRR=0.6206 Hit@1=0.5683 Hit@5=0.6727 Hit@10=0.7269 MR=26.0 n=498

RREA:  59%|████████████████████████████████                      | 950/1600 [01:25<01:11,  9.15it/s]
RREA:  60%|████████████████████████████████▏                     | 953/1600 [01:25<00:57, 11.17it/s]
RREA:  60%|████████████████████████████████▎                     | 956/1600 [01:25<00:48, 13.19it/s]
RREA:  60%|████████████████████████████████▎                     | 959/1600 [01:25<00:42, 15.06it/s]05:47:17 | INFO    | epoch  960/1600 | loss=0.0077
05:47:17 | INFO    |            [filtered] MRR=0.2668 Hit@1=0.2489 Hit@5=0.2666 Hit@10=0.2875 MR=156.8 n=6415
05:47:17 | INFO    |            [multiref] MRR=0.6217 Hit@1=0.5723 Hit@5=0.6687 Hit@10=0.7189 MR=31.1 n=498

RREA:  60%|████████████████████████████████▍                     | 961/1600 [01:26<01:10,  9.06it/s]
RREA:  60%|████████████████████████████████▌                     | 964/1600 [01:26<00:56, 11.23it/s]
RREA:  60%|████████████████████████████████▋                     | 967/1600 [01:26<00:47, 13.32it/s]05:47:18 | INFO    | epoch  970/1600 | loss=0.0074
05:47:18 | INFO    |            [filtered] MRR=0.2689 Hit@1=0.2504 Hit@5=0.2684 Hit@10=0.2896 MR=133.2 n=6415
05:47:18 | INFO    |            [multiref] MRR=0.6204 Hit@1=0.5703 Hit@5=0.6667 Hit@10=0.7189 MR=26.5 n=498

RREA:  61%|████████████████████████████████▋                     | 970/1600 [01:27<01:09,  9.10it/s]
RREA:  61%|████████████████████████████████▊                     | 973/1600 [01:27<00:56, 11.12it/s]
RREA:  61%|████████████████████████████████▉                     | 976/1600 [01:27<00:47, 13.13it/s]
RREA:  61%|█████████████████████████████████                     | 979/1600 [01:27<00:41, 15.00it/s]05:47:19 | INFO    | epoch  980/1600 | loss=0.0064
05:47:19 | INFO    |            [filtered] MRR=0.2685 Hit@1=0.2493 Hit@5=0.2697 Hit@10=0.2915 MR=136.8 n=6415
05:47:19 | INFO    |            [multiref] MRR=0.6114 Hit@1=0.5542 Hit@5=0.6687 Hit@10=0.7209 MR=26.8 n=498

RREA:  61%|█████████████████████████████████                     | 981/1600 [01:28<01:07,  9.15it/s]
RREA:  62%|█████████████████████████████████▏                    | 984/1600 [01:28<00:54, 11.32it/s]
RREA:  62%|█████████████████████████████████▎                    | 987/1600 [01:28<00:45, 13.41it/s]05:47:19 | INFO    | epoch  990/1600 | loss=0.0067
05:47:20 | INFO    |            [filtered] MRR=0.2803 Hit@1=0.2500 Hit@5=0.2929 Hit@10=0.3380 MR=107.4 n=6415
05:47:20 | INFO    |            [multiref] MRR=0.6227 Hit@1=0.5703 Hit@5=0.6727 Hit@10=0.7249 MR=22.8 n=498

RREA:  62%|█████████████████████████████████▍                    | 990/1600 [01:28<01:07,  9.06it/s]
RREA:  62%|█████████████████████████████████▌                    | 993/1600 [01:29<00:54, 11.09it/s]
RREA:  62%|█████████████████████████████████▌                    | 996/1600 [01:29<00:46, 13.10it/s]
RREA:  62%|█████████████████████████████████▋                    | 999/1600 [01:29<00:40, 14.97it/s]05:47:20 | INFO    | epoch 1000/1600 | loss=0.0057 | bootstrap: +16 mutual pairs (train=18860, pool=262)
05:47:21 | INFO    |            [filtered] MRR=0.2740 Hit@1=0.2486 Hit@5=0.2675 Hit@10=0.2987 MR=80.6 n=6415
05:47:21 | INFO    |            [multiref] MRR=0.6239 Hit@1=0.5723 Hit@5=0.6727 Hit@10=0.7249 MR=21.4 n=498

RREA:  63%|█████████████████████████████████▏                   | 1001/1600 [01:29<01:07,  8.94it/s]
RREA:  63%|█████████████████████████████████▎                   | 1004/1600 [01:29<00:53, 11.09it/s]
RREA:  63%|█████████████████████████████████▎                   | 1007/1600 [01:30<00:44, 13.20it/s]05:47:21 | INFO    | epoch 1010/1600 | loss=0.0048
05:47:21 | INFO    |            [filtered] MRR=0.2723 Hit@1=0.2477 Hit@5=0.2684 Hit@10=0.2963 MR=89.1 n=6415
05:47:21 | INFO    |            [multiref] MRR=0.6257 Hit@1=0.5723 Hit@5=0.6807 Hit@10=0.7289 MR=23.1 n=498

RREA:  63%|█████████████████████████████████▍                   | 1010/1600 [01:30<01:05,  9.00it/s]
RREA:  63%|█████████████████████████████████▌                   | 1013/1600 [01:30<00:53, 11.02it/s]
RREA:  64%|█████████████████████████████████▋                   | 1016/1600 [01:30<00:44, 13.03it/s]
RREA:  64%|█████████████████████████████████▊                   | 1019/1600 [01:31<00:38, 14.92it/s]05:47:22 | INFO    | epoch 1020/1600 | loss=0.0069
05:47:22 | INFO    |            [filtered] MRR=0.2704 Hit@1=0.2477 Hit@5=0.2698 Hit@10=0.3004 MR=123.8 n=6415
05:47:22 | INFO    |            [multiref] MRR=0.6183 Hit@1=0.5703 Hit@5=0.6627 Hit@10=0.7129 MR=25.1 n=498

RREA:  64%|█████████████████████████████████▊                   | 1021/1600 [01:31<01:03,  9.10it/s]
RREA:  64%|█████████████████████████████████▉                   | 1024/1600 [01:31<00:51, 11.26it/s]
RREA:  64%|██████████████████████████████████                   | 1027/1600 [01:31<00:42, 13.36it/s]05:47:23 | INFO    | epoch 1030/1600 | loss=0.0055
05:47:23 | INFO    |            [filtered] MRR=0.2735 Hit@1=0.2468 Hit@5=0.2756 Hit@10=0.3144 MR=104.8 n=6415
05:47:23 | INFO    |            [multiref] MRR=0.6197 Hit@1=0.5683 Hit@5=0.6667 Hit@10=0.7108 MR=24.4 n=498

RREA:  64%|██████████████████████████████████                   | 1030/1600 [01:32<01:33,  6.10it/s]
RREA:  65%|██████████████████████████████████▏                  | 1033/1600 [01:33<01:13,  7.76it/s]
RREA:  65%|██████████████████████████████████▎                  | 1036/1600 [01:33<00:58,  9.69it/s]
RREA:  65%|██████████████████████████████████▍                  | 1039/1600 [01:33<00:47, 11.70it/s]05:47:24 | INFO    | epoch 1040/1600 | loss=0.0041
05:47:25 | INFO    |            [filtered] MRR=0.2741 Hit@1=0.2494 Hit@5=0.2778 Hit@10=0.3166 MR=124.4 n=6415
05:47:25 | INFO    |            [multiref] MRR=0.6244 Hit@1=0.5803 Hit@5=0.6647 Hit@10=0.7169 MR=26.3 n=498

RREA:  65%|██████████████████████████████████▍                  | 1041/1600 [01:33<01:09,  7.99it/s]
RREA:  65%|██████████████████████████████████▌                  | 1044/1600 [01:34<00:55, 10.09it/s]
RREA:  65%|██████████████████████████████████▋                  | 1047/1600 [01:34<00:45, 12.21it/s]05:47:25 | INFO    | epoch 1050/1600 | loss=0.0059
05:47:26 | INFO    |            [filtered] MRR=0.2700 Hit@1=0.2452 Hit@5=0.2737 Hit@10=0.3149 MR=115.6 n=6415
05:47:26 | INFO    |            [multiref] MRR=0.6232 Hit@1=0.5743 Hit@5=0.6707 Hit@10=0.7169 MR=25.1 n=498

RREA:  66%|██████████████████████████████████▊                  | 1050/1600 [01:34<01:03,  8.68it/s]
RREA:  66%|██████████████████████████████████▉                  | 1053/1600 [01:34<00:51, 10.68it/s]
RREA:  66%|██████████████████████████████████▉                  | 1056/1600 [01:34<00:42, 12.70it/s]
RREA:  66%|███████████████████████████████████                  | 1059/1600 [01:35<00:37, 14.62it/s]05:47:26 | INFO    | epoch 1060/1600 | loss=0.0062
05:47:26 | INFO    |            [filtered] MRR=0.2690 Hit@1=0.2454 Hit@5=0.2678 Hit@10=0.3043 MR=114.5 n=6415
05:47:26 | INFO    |            [multiref] MRR=0.6242 Hit@1=0.5723 Hit@5=0.6687 Hit@10=0.7189 MR=25.5 n=498

RREA:  66%|███████████████████████████████████▏                 | 1061/1600 [01:35<00:59,  9.02it/s]
RREA:  66%|███████████████████████████████████▏                 | 1064/1600 [01:35<00:47, 11.18it/s]
RREA:  67%|███████████████████████████████████▎                 | 1067/1600 [01:35<00:40, 13.28it/s]05:47:27 | INFO    | epoch 1070/1600 | loss=0.0045
05:47:27 | INFO    |            [filtered] MRR=0.2664 Hit@1=0.2438 Hit@5=0.2644 Hit@10=0.3005 MR=116.5 n=6415
05:47:27 | INFO    |            [multiref] MRR=0.6193 Hit@1=0.5683 Hit@5=0.6667 Hit@10=0.7189 MR=26.9 n=498

RREA:  67%|███████████████████████████████████▍                 | 1070/1600 [01:36<00:58,  9.09it/s]
RREA:  67%|███████████████████████████████████▌                 | 1073/1600 [01:36<00:47, 11.11it/s]
RREA:  67%|███████████████████████████████████▋                 | 1076/1600 [01:36<00:39, 13.12it/s]
RREA:  67%|███████████████████████████████████▋                 | 1079/1600 [01:36<00:34, 15.00it/s]05:47:28 | INFO    | epoch 1080/1600 | loss=0.0066
05:47:28 | INFO    |            [filtered] MRR=0.2647 Hit@1=0.2454 Hit@5=0.2634 Hit@10=0.2832 MR=132.3 n=6415
05:47:28 | INFO    |            [multiref] MRR=0.6242 Hit@1=0.5743 Hit@5=0.6667 Hit@10=0.7149 MR=24.4 n=498

RREA:  68%|███████████████████████████████████▊                 | 1081/1600 [01:37<00:57,  9.06it/s]
RREA:  68%|███████████████████████████████████▉                 | 1084/1600 [01:37<00:45, 11.23it/s]
RREA:  68%|████████████████████████████████████                 | 1087/1600 [01:37<00:38, 13.32it/s]05:47:29 | INFO    | epoch 1090/1600 | loss=0.0090
05:47:29 | INFO    |            [filtered] MRR=0.2672 Hit@1=0.2465 Hit@5=0.2638 Hit@10=0.2934 MR=127.4 n=6415
05:47:29 | INFO    |            [multiref] MRR=0.6251 Hit@1=0.5763 Hit@5=0.6667 Hit@10=0.7209 MR=25.0 n=498

RREA:  68%|████████████████████████████████████                 | 1090/1600 [01:38<00:56,  9.03it/s]
RREA:  68%|████████████████████████████████████▏                | 1093/1600 [01:38<00:46, 10.99it/s]
RREA:  68%|████████████████████████████████████▎                | 1096/1600 [01:38<00:38, 13.01it/s]
RREA:  69%|████████████████████████████████████▍                | 1099/1600 [01:38<00:33, 14.89it/s]05:47:30 | INFO    | epoch 1100/1600 | loss=0.0069
05:47:30 | INFO    |            [filtered] MRR=0.2737 Hit@1=0.2489 Hit@5=0.2753 Hit@10=0.3099 MR=102.5 n=6415
05:47:30 | INFO    |            [multiref] MRR=0.6314 Hit@1=0.5863 Hit@5=0.6667 Hit@10=0.7169 MR=22.4 n=498

RREA:  69%|████████████████████████████████████▍                | 1101/1600 [01:39<00:54,  9.11it/s]
RREA:  69%|████████████████████████████████████▌                | 1104/1600 [01:39<00:43, 11.28it/s]
RREA:  69%|████████████████████████████████████▋                | 1107/1600 [01:39<00:36, 13.37it/s]05:47:30 | INFO    | epoch 1110/1600 | loss=0.0056
05:47:31 | INFO    |            [filtered] MRR=0.2730 Hit@1=0.2502 Hit@5=0.2720 Hit@10=0.3082 MR=127.7 n=6415
05:47:31 | INFO    |            [multiref] MRR=0.6313 Hit@1=0.5863 Hit@5=0.6647 Hit@10=0.7229 MR=25.6 n=498

RREA:  69%|████████████████████████████████████▊                | 1110/1600 [01:39<00:54,  9.00it/s]
RREA:  70%|████████████████████████████████████▊                | 1113/1600 [01:40<00:44, 11.01it/s]
RREA:  70%|████████████████████████████████████▉                | 1116/1600 [01:40<00:37, 13.03it/s]
RREA:  70%|█████████████████████████████████████                | 1119/1600 [01:40<00:32, 14.91it/s]05:47:31 | INFO    | epoch 1120/1600 | loss=0.0070
05:47:32 | INFO    |            [filtered] MRR=0.2657 Hit@1=0.2479 Hit@5=0.2644 Hit@10=0.2942 MR=157.9 n=6415
05:47:32 | INFO    |            [multiref] MRR=0.6254 Hit@1=0.5783 Hit@5=0.6707 Hit@10=0.7209 MR=27.3 n=498

RREA:  70%|█████████████████████████████████████▏               | 1121/1600 [01:40<00:52,  9.10it/s]
RREA:  70%|█████████████████████████████████████▏               | 1124/1600 [01:41<00:42, 11.26it/s]
RREA:  70%|█████████████████████████████████████▎               | 1127/1600 [01:41<00:35, 13.36it/s]05:47:32 | INFO    | epoch 1130/1600 | loss=0.0068
05:47:33 | INFO    |            [filtered] MRR=0.2723 Hit@1=0.2502 Hit@5=0.2740 Hit@10=0.3065 MR=135.2 n=6415
05:47:33 | INFO    |            [multiref] MRR=0.6357 Hit@1=0.5904 Hit@5=0.6747 Hit@10=0.7329 MR=26.0 n=498

RREA:  71%|█████████████████████████████████████▍               | 1130/1600 [01:41<00:52,  9.02it/s]
RREA:  71%|█████████████████████████████████████▌               | 1133/1600 [01:41<00:42, 11.04it/s]
RREA:  71%|█████████████████████████████████████▋               | 1136/1600 [01:42<00:35, 13.05it/s]
RREA:  71%|█████████████████████████████████████▋               | 1139/1600 [01:42<00:30, 14.93it/s]05:47:33 | INFO    | epoch 1140/1600 | loss=0.0076
05:47:33 | INFO    |            [filtered] MRR=0.2612 Hit@1=0.2304 Hit@5=0.2748 Hit@10=0.3038 MR=153.9 n=6415
05:47:33 | INFO    |            [multiref] MRR=0.6291 Hit@1=0.5783 Hit@5=0.6767 Hit@10=0.7249 MR=23.4 n=498

RREA:  71%|█████████████████████████████████████▊               | 1141/1600 [01:42<00:51,  8.95it/s]
RREA:  72%|█████████████████████████████████████▉               | 1144/1600 [01:42<00:41, 11.10it/s]
RREA:  72%|█████████████████████████████████████▉               | 1147/1600 [01:42<00:34, 13.20it/s]05:47:34 | INFO    | epoch 1150/1600 | loss=0.0062
05:47:34 | INFO    |            [filtered] MRR=0.2655 Hit@1=0.2488 Hit@5=0.2703 Hit@10=0.2899 MR=214.3 n=6415
05:47:34 | INFO    |            [multiref] MRR=0.6255 Hit@1=0.5763 Hit@5=0.6687 Hit@10=0.7209 MR=26.4 n=498

RREA:  72%|██████████████████████████████████████               | 1150/1600 [01:43<00:49,  9.04it/s]
RREA:  72%|██████████████████████████████████████▏              | 1153/1600 [01:43<00:40, 11.06it/s]
RREA:  72%|██████████████████████████████████████▎              | 1156/1600 [01:43<00:33, 13.07it/s]
RREA:  72%|██████████████████████████████████████▍              | 1159/1600 [01:43<00:29, 14.95it/s]05:47:35 | INFO    | epoch 1160/1600 | loss=0.0042
05:47:35 | INFO    |            [filtered] MRR=0.2689 Hit@1=0.2493 Hit@5=0.2708 Hit@10=0.2976 MR=164.9 n=6415
05:47:35 | INFO    |            [multiref] MRR=0.6288 Hit@1=0.5803 Hit@5=0.6747 Hit@10=0.7209 MR=30.7 n=498

RREA:  73%|██████████████████████████████████████▍              | 1161/1600 [01:44<00:48,  8.98it/s]
RREA:  73%|██████████████████████████████████████▌              | 1164/1600 [01:44<00:39, 11.14it/s]
RREA:  73%|██████████████████████████████████████▋              | 1167/1600 [01:44<00:32, 13.25it/s]05:47:36 | INFO    | epoch 1170/1600 | loss=0.0066
05:47:36 | INFO    |            [filtered] MRR=0.2656 Hit@1=0.2474 Hit@5=0.2648 Hit@10=0.2954 MR=178.6 n=6415
05:47:36 | INFO    |            [multiref] MRR=0.6231 Hit@1=0.5763 Hit@5=0.6667 Hit@10=0.7269 MR=34.0 n=498

RREA:  73%|██████████████████████████████████████▊              | 1170/1600 [01:45<00:47,  8.99it/s]
RREA:  73%|██████████████████████████████████████▊              | 1173/1600 [01:45<00:38, 11.01it/s]
RREA:  74%|██████████████████████████████████████▉              | 1176/1600 [01:45<00:32, 13.02it/s]
RREA:  74%|███████████████████████████████████████              | 1179/1600 [01:45<00:28, 14.90it/s]05:47:37 | INFO    | epoch 1180/1600 | loss=0.0048
05:47:37 | INFO    |            [filtered] MRR=0.2773 Hit@1=0.2485 Hit@5=0.2913 Hit@10=0.3149 MR=118.6 n=6415
05:47:37 | INFO    |            [multiref] MRR=0.6274 Hit@1=0.5763 Hit@5=0.6787 Hit@10=0.7289 MR=29.0 n=498

RREA:  74%|███████████████████████████████████████              | 1181/1600 [01:46<00:46,  9.08it/s]
RREA:  74%|███████████████████████████████████████▏             | 1184/1600 [01:46<00:37, 11.24it/s]
RREA:  74%|███████████████████████████████████████▎             | 1187/1600 [01:46<00:30, 13.33it/s]05:47:38 | INFO    | epoch 1190/1600 | loss=0.0053
05:47:38 | INFO    |            [filtered] MRR=0.2767 Hit@1=0.2474 Hit@5=0.2840 Hit@10=0.3238 MR=109.4 n=6415
05:47:38 | INFO    |            [multiref] MRR=0.6346 Hit@1=0.5843 Hit@5=0.6807 Hit@10=0.7430 MR=32.6 n=498

RREA:  74%|███████████████████████████████████████▍             | 1190/1600 [01:47<00:45,  8.99it/s]
RREA:  75%|███████████████████████████████████████▌             | 1193/1600 [01:47<00:36, 11.01it/s]
RREA:  75%|███████████████████████████████████████▌             | 1196/1600 [01:47<00:31, 13.03it/s]
RREA:  75%|███████████████████████████████████████▋             | 1199/1600 [01:47<00:26, 14.91it/s]05:47:38 | INFO    | epoch 1200/1600 | loss=0.0090 | bootstrap: +16 mutual pairs (train=18876, pool=246)
05:47:39 | INFO    |            [filtered] MRR=0.2757 Hit@1=0.2468 Hit@5=0.2864 Hit@10=0.3277 MR=121.9 n=6415
05:47:39 | INFO    |            [multiref] MRR=0.6250 Hit@1=0.5723 Hit@5=0.6807 Hit@10=0.7329 MR=34.2 n=498

RREA:  75%|███████████████████████████████████████▊             | 1201/1600 [01:47<00:44,  8.89it/s]
RREA:  75%|███████████████████████████████████████▉             | 1204/1600 [01:48<00:35, 11.04it/s]
RREA:  75%|███████████████████████████████████████▉             | 1207/1600 [01:48<00:29, 13.15it/s]05:47:39 | INFO    | epoch 1210/1600 | loss=0.0056
05:47:40 | INFO    |            [filtered] MRR=0.2651 Hit@1=0.2455 Hit@5=0.2687 Hit@10=0.2938 MR=162.3 n=6415
05:47:40 | INFO    |            [multiref] MRR=0.6273 Hit@1=0.5763 Hit@5=0.6767 Hit@10=0.7329 MR=32.4 n=498

RREA:  76%|████████████████████████████████████████             | 1210/1600 [01:48<00:43,  9.00it/s]
RREA:  76%|████████████████████████████████████████▏            | 1213/1600 [01:48<00:35, 11.01it/s]
RREA:  76%|████████████████████████████████████████▎            | 1216/1600 [01:49<00:29, 13.01it/s]
RREA:  76%|████████████████████████████████████████▍            | 1219/1600 [01:49<00:25, 14.88it/s]05:47:40 | INFO    | epoch 1220/1600 | loss=0.0075
05:47:41 | INFO    |            [filtered] MRR=0.2659 Hit@1=0.2468 Hit@5=0.2664 Hit@10=0.2928 MR=147.6 n=6415
05:47:41 | INFO    |            [multiref] MRR=0.6255 Hit@1=0.5743 Hit@5=0.6747 Hit@10=0.7329 MR=34.7 n=498

RREA:  76%|████████████████████████████████████████▍            | 1221/1600 [01:49<00:42,  8.96it/s]
RREA:  76%|████████████████████████████████████████▌            | 1224/1600 [01:49<00:33, 11.11it/s]
RREA:  77%|████████████████████████████████████████▋            | 1227/1600 [01:50<00:28, 13.20it/s]05:47:41 | INFO    | epoch 1230/1600 | loss=0.0059
05:47:41 | INFO    |            [filtered] MRR=0.2663 Hit@1=0.2480 Hit@5=0.2689 Hit@10=0.2907 MR=155.7 n=6415
05:47:41 | INFO    |            [multiref] MRR=0.6281 Hit@1=0.5803 Hit@5=0.6687 Hit@10=0.7249 MR=34.8 n=498

RREA:  77%|████████████████████████████████████████▋            | 1230/1600 [01:50<00:41,  8.96it/s]
RREA:  77%|████████████████████████████████████████▊            | 1233/1600 [01:50<00:33, 10.97it/s]
RREA:  77%|████████████████████████████████████████▉            | 1236/1600 [01:50<00:28, 12.97it/s]
RREA:  77%|█████████████████████████████████████████            | 1239/1600 [01:51<00:24, 14.84it/s]05:47:42 | INFO    | epoch 1240/1600 | loss=0.0064
05:47:42 | INFO    |            [filtered] MRR=0.2719 Hit@1=0.2507 Hit@5=0.2750 Hit@10=0.3010 MR=139.1 n=6415
05:47:42 | INFO    |            [multiref] MRR=0.6353 Hit@1=0.5863 Hit@5=0.6767 Hit@10=0.7269 MR=34.7 n=498

RREA:  78%|█████████████████████████████████████████            | 1241/1600 [01:51<00:39,  9.05it/s]
RREA:  78%|█████████████████████████████████████████▏           | 1244/1600 [01:51<00:31, 11.21it/s]
RREA:  78%|█████████████████████████████████████████▎           | 1247/1600 [01:51<00:26, 13.29it/s]05:47:43 | INFO    | epoch 1250/1600 | loss=0.0071
05:47:43 | INFO    |            [filtered] MRR=0.2710 Hit@1=0.2514 Hit@5=0.2734 Hit@10=0.2991 MR=145.2 n=6415
05:47:43 | INFO    |            [multiref] MRR=0.6357 Hit@1=0.5884 Hit@5=0.6727 Hit@10=0.7349 MR=32.4 n=498

RREA:  78%|█████████████████████████████████████████▍           | 1250/1600 [01:52<00:39,  8.97it/s]
RREA:  78%|█████████████████████████████████████████▌           | 1253/1600 [01:52<00:31, 10.97it/s]
RREA:  78%|█████████████████████████████████████████▌           | 1256/1600 [01:52<00:26, 12.98it/s]
RREA:  79%|█████████████████████████████████████████▋           | 1259/1600 [01:52<00:22, 14.85it/s]05:47:44 | INFO    | epoch 1260/1600 | loss=0.0080
05:47:44 | INFO    |            [filtered] MRR=0.2742 Hit@1=0.2510 Hit@5=0.2817 Hit@10=0.3136 MR=140.6 n=6415
05:47:44 | INFO    |            [multiref] MRR=0.6394 Hit@1=0.5924 Hit@5=0.6787 Hit@10=0.7369 MR=33.6 n=498

RREA:  79%|█████████████████████████████████████████▊           | 1261/1600 [01:53<00:37,  8.99it/s]
RREA:  79%|█████████████████████████████████████████▊           | 1264/1600 [01:53<00:30, 11.14it/s]
RREA:  79%|█████████████████████████████████████████▉           | 1267/1600 [01:53<00:25, 13.22it/s]05:47:45 | INFO    | epoch 1270/1600 | loss=0.0046
05:47:45 | INFO    |            [filtered] MRR=0.2734 Hit@1=0.2533 Hit@5=0.2750 Hit@10=0.3010 MR=127.1 n=6415
05:47:45 | INFO    |            [multiref] MRR=0.6396 Hit@1=0.5944 Hit@5=0.6787 Hit@10=0.7349 MR=28.6 n=498

RREA:  79%|██████████████████████████████████████████           | 1270/1600 [01:54<00:36,  8.96it/s]
RREA:  80%|██████████████████████████████████████████▏          | 1273/1600 [01:54<00:29, 10.97it/s]
RREA:  80%|██████████████████████████████████████████▎          | 1276/1600 [01:54<00:24, 12.97it/s]
RREA:  80%|██████████████████████████████████████████▎          | 1279/1600 [01:54<00:21, 14.85it/s]05:47:46 | INFO    | epoch 1280/1600 | loss=0.0077
05:47:46 | INFO    |            [filtered] MRR=0.2668 Hit@1=0.2493 Hit@5=0.2709 Hit@10=0.2928 MR=187.7 n=6415
05:47:46 | INFO    |            [multiref] MRR=0.6280 Hit@1=0.5783 Hit@5=0.6687 Hit@10=0.7229 MR=32.3 n=498

RREA:  80%|██████████████████████████████████████████▍          | 1281/1600 [01:55<00:35,  8.95it/s]
RREA:  80%|██████████████████████████████████████████▌          | 1284/1600 [01:55<00:28, 11.10it/s]
RREA:  80%|██████████████████████████████████████████▋          | 1287/1600 [01:55<00:23, 13.19it/s]05:47:46 | INFO    | epoch 1290/1600 | loss=0.0048
05:47:47 | INFO    |            [filtered] MRR=0.2684 Hit@1=0.2504 Hit@5=0.2725 Hit@10=0.2917 MR=152.9 n=6415
05:47:47 | INFO    |            [multiref] MRR=0.6421 Hit@1=0.6024 Hit@5=0.6747 Hit@10=0.7349 MR=34.2 n=498

RREA:  81%|██████████████████████████████████████████▋          | 1290/1600 [01:55<00:34,  8.97it/s]
RREA:  81%|██████████████████████████████████████████▊          | 1293/1600 [01:56<00:27, 10.98it/s]
RREA:  81%|██████████████████████████████████████████▉          | 1296/1600 [01:56<00:23, 12.98it/s]
RREA:  81%|███████████████████████████████████████████          | 1299/1600 [01:56<00:20, 14.85it/s]05:47:47 | INFO    | epoch 1300/1600 | loss=0.0060
05:47:48 | INFO    |            [filtered] MRR=0.2719 Hit@1=0.2528 Hit@5=0.2761 Hit@10=0.2938 MR=139.1 n=6415
05:47:48 | INFO    |            [multiref] MRR=0.6309 Hit@1=0.5843 Hit@5=0.6667 Hit@10=0.7229 MR=30.3 n=498

RREA:  81%|███████████████████████████████████████████          | 1301/1600 [01:56<00:33,  8.96it/s]
RREA:  82%|███████████████████████████████████████████▏         | 1304/1600 [01:57<00:26, 11.11it/s]
RREA:  82%|███████████████████████████████████████████▎         | 1307/1600 [01:57<00:22, 13.20it/s]05:47:48 | INFO    | epoch 1310/1600 | loss=0.0058
05:47:49 | INFO    |            [filtered] MRR=0.2658 Hit@1=0.2479 Hit@5=0.2692 Hit@10=0.2873 MR=157.3 n=6415
05:47:49 | INFO    |            [multiref] MRR=0.6307 Hit@1=0.5823 Hit@5=0.6727 Hit@10=0.7269 MR=36.3 n=498

RREA:  82%|███████████████████████████████████████████▍         | 1310/1600 [01:57<00:32,  9.03it/s]
RREA:  82%|███████████████████████████████████████████▍         | 1313/1600 [01:57<00:25, 11.05it/s]
RREA:  82%|███████████████████████████████████████████▌         | 1316/1600 [01:57<00:21, 13.05it/s]
RREA:  82%|███████████████████████████████████████████▋         | 1319/1600 [01:58<00:18, 14.91it/s]05:47:49 | INFO    | epoch 1320/1600 | loss=0.0058
05:47:49 | INFO    |            [filtered] MRR=0.2733 Hit@1=0.2516 Hit@5=0.2744 Hit@10=0.3041 MR=128.1 n=6415
05:47:49 | INFO    |            [multiref] MRR=0.6353 Hit@1=0.5884 Hit@5=0.6807 Hit@10=0.7309 MR=31.0 n=498

RREA:  83%|███████████████████████████████████████████▊         | 1321/1600 [01:58<00:30,  9.00it/s]
RREA:  83%|███████████████████████████████████████████▊         | 1324/1600 [01:58<00:24, 11.16it/s]
RREA:  83%|███████████████████████████████████████████▉         | 1327/1600 [01:58<00:20, 13.24it/s]05:47:50 | INFO    | epoch 1330/1600 | loss=0.0050
05:47:50 | INFO    |            [filtered] MRR=0.2725 Hit@1=0.2528 Hit@5=0.2761 Hit@10=0.2976 MR=138.0 n=6415
05:47:50 | INFO    |            [multiref] MRR=0.6322 Hit@1=0.5823 Hit@5=0.6827 Hit@10=0.7289 MR=32.7 n=498

RREA:  83%|████████████████████████████████████████████         | 1330/1600 [01:59<00:30,  8.95it/s]
RREA:  83%|████████████████████████████████████████████▏        | 1333/1600 [01:59<00:24, 10.96it/s]
RREA:  84%|████████████████████████████████████████████▎        | 1336/1600 [01:59<00:20, 12.97it/s]
RREA:  84%|████████████████████████████████████████████▎        | 1339/1600 [01:59<00:17, 14.84it/s]05:47:51 | INFO    | epoch 1340/1600 | loss=0.0055
05:47:51 | INFO    |            [filtered] MRR=0.2772 Hit@1=0.2536 Hit@5=0.2778 Hit@10=0.2988 MR=85.1 n=6415
05:47:51 | INFO    |            [multiref] MRR=0.6398 Hit@1=0.5944 Hit@5=0.6827 Hit@10=0.7309 MR=30.1 n=498

RREA:  84%|████████████████████████████████████████████▍        | 1341/1600 [02:00<00:28,  9.03it/s]
RREA:  84%|████████████████████████████████████████████▌        | 1344/1600 [02:00<00:22, 11.18it/s]
RREA:  84%|████████████████████████████████████████████▌        | 1347/1600 [02:00<00:19, 13.27it/s]05:47:52 | INFO    | epoch 1350/1600 | loss=0.0052
05:47:52 | INFO    |            [filtered] MRR=0.2775 Hit@1=0.2508 Hit@5=0.2800 Hit@10=0.3034 MR=94.2 n=6415
05:47:52 | INFO    |            [multiref] MRR=0.6393 Hit@1=0.5944 Hit@5=0.6807 Hit@10=0.7349 MR=29.0 n=498

RREA:  84%|████████████████████████████████████████████▋        | 1350/1600 [02:01<00:28,  8.91it/s]
RREA:  85%|████████████████████████████████████████████▊        | 1353/1600 [02:01<00:22, 10.91it/s]
RREA:  85%|████████████████████████████████████████████▉        | 1356/1600 [02:01<00:18, 12.92it/s]
RREA:  85%|█████████████████████████████████████████████        | 1359/1600 [02:01<00:16, 14.80it/s]05:47:53 | INFO    | epoch 1360/1600 | loss=0.0059
05:47:53 | INFO    |            [filtered] MRR=0.2735 Hit@1=0.2482 Hit@5=0.2745 Hit@10=0.2957 MR=101.7 n=6415
05:47:53 | INFO    |            [multiref] MRR=0.6355 Hit@1=0.5884 Hit@5=0.6827 Hit@10=0.7349 MR=33.4 n=498

RREA:  85%|█████████████████████████████████████████████        | 1361/1600 [02:02<00:26,  9.00it/s]
RREA:  85%|█████████████████████████████████████████████▏       | 1364/1600 [02:02<00:21, 11.15it/s]
RREA:  85%|█████████████████████████████████████████████▎       | 1367/1600 [02:02<00:17, 13.23it/s]05:47:54 | INFO    | epoch 1370/1600 | loss=0.0086
05:47:54 | INFO    |            [filtered] MRR=0.2758 Hit@1=0.2530 Hit@5=0.2775 Hit@10=0.3035 MR=126.6 n=6415
05:47:54 | INFO    |            [multiref] MRR=0.6376 Hit@1=0.5884 Hit@5=0.6867 Hit@10=0.7450 MR=36.0 n=498

RREA:  86%|█████████████████████████████████████████████▍       | 1370/1600 [02:03<00:25,  8.96it/s]
RREA:  86%|█████████████████████████████████████████████▍       | 1373/1600 [02:03<00:20, 10.97it/s]
RREA:  86%|█████████████████████████████████████████████▌       | 1376/1600 [02:03<00:17, 12.98it/s]
RREA:  86%|█████████████████████████████████████████████▋       | 1379/1600 [02:03<00:14, 14.85it/s]05:47:54 | INFO    | epoch 1380/1600 | loss=0.0049
05:47:55 | INFO    |            [filtered] MRR=0.2752 Hit@1=0.2524 Hit@5=0.2751 Hit@10=0.3029 MR=118.1 n=6415
05:47:55 | INFO    |            [multiref] MRR=0.6349 Hit@1=0.5823 Hit@5=0.6908 Hit@10=0.7470 MR=31.1 n=498

RREA:  86%|█████████████████████████████████████████████▋       | 1381/1600 [02:03<00:24,  8.88it/s]
RREA:  86%|█████████████████████████████████████████████▊       | 1384/1600 [02:04<00:19, 11.03it/s]
RREA:  87%|█████████████████████████████████████████████▉       | 1387/1600 [02:04<00:16, 13.12it/s]05:47:55 | INFO    | epoch 1390/1600 | loss=0.0050
05:47:56 | INFO    |            [filtered] MRR=0.2734 Hit@1=0.2546 Hit@5=0.2792 Hit@10=0.2982 MR=178.9 n=6415
05:47:56 | INFO    |            [multiref] MRR=0.6341 Hit@1=0.5823 Hit@5=0.6847 Hit@10=0.7369 MR=36.2 n=498

RREA:  87%|██████████████████████████████████████████████       | 1390/1600 [02:04<00:23,  8.97it/s]
RREA:  87%|██████████████████████████████████████████████▏      | 1393/1600 [02:04<00:18, 10.98it/s]
RREA:  87%|██████████████████████████████████████████████▏      | 1396/1600 [02:05<00:15, 12.99it/s]
RREA:  87%|██████████████████████████████████████████████▎      | 1399/1600 [02:05<00:13, 14.86it/s]05:47:56 | INFO    | epoch 1400/1600 | loss=0.0066 | bootstrap: +13 mutual pairs (train=18889, pool=233)
05:47:57 | INFO    |            [filtered] MRR=0.2707 Hit@1=0.2538 Hit@5=0.2769 Hit@10=0.3004 MR=203.6 n=6415
05:47:57 | INFO    |            [multiref] MRR=0.6329 Hit@1=0.5823 Hit@5=0.6847 Hit@10=0.7289 MR=34.1 n=498

RREA:  88%|██████████████████████████████████████████████▍      | 1401/1600 [02:05<00:22,  8.83it/s]
RREA:  88%|██████████████████████████████████████████████▌      | 1404/1600 [02:05<00:17, 10.98it/s]
RREA:  88%|██████████████████████████████████████████████▌      | 1407/1600 [02:06<00:14, 13.07it/s]05:47:57 | INFO    | epoch 1410/1600 | loss=0.0056
05:47:57 | INFO    |            [filtered] MRR=0.2722 Hit@1=0.2535 Hit@5=0.2747 Hit@10=0.3032 MR=163.9 n=6415
05:47:57 | INFO    |            [multiref] MRR=0.6306 Hit@1=0.5803 Hit@5=0.6747 Hit@10=0.7269 MR=34.9 n=498

RREA:  88%|██████████████████████████████████████████████▋      | 1410/1600 [02:06<00:21,  8.84it/s]
RREA:  88%|██████████████████████████████████████████████▊      | 1413/1600 [02:06<00:17, 10.84it/s]
RREA:  88%|██████████████████████████████████████████████▉      | 1416/1600 [02:06<00:14, 12.85it/s]
RREA:  89%|███████████████████████████████████████████████      | 1419/1600 [02:07<00:12, 14.73it/s]05:47:58 | INFO    | epoch 1420/1600 | loss=0.0065
05:47:58 | INFO    |            [filtered] MRR=0.2704 Hit@1=0.2441 Hit@5=0.2723 Hit@10=0.3030 MR=110.2 n=6415
05:47:58 | INFO    |            [multiref] MRR=0.6391 Hit@1=0.5904 Hit@5=0.6888 Hit@10=0.7369 MR=38.8 n=498

RREA:  89%|███████████████████████████████████████████████      | 1421/1600 [02:07<00:19,  8.99it/s]
RREA:  89%|███████████████████████████████████████████████▏     | 1424/1600 [02:07<00:15, 11.14it/s]
RREA:  89%|███████████████████████████████████████████████▎     | 1427/1600 [02:07<00:13, 13.23it/s]05:47:59 | INFO    | epoch 1430/1600 | loss=0.0069
05:47:59 | INFO    |            [filtered] MRR=0.2714 Hit@1=0.2443 Hit@5=0.2700 Hit@10=0.2996 MR=91.5 n=6415
05:47:59 | INFO    |            [multiref] MRR=0.6372 Hit@1=0.5843 Hit@5=0.6888 Hit@10=0.7349 MR=35.4 n=498

RREA:  89%|███████████████████████████████████████████████▎     | 1430/1600 [02:08<00:19,  8.93it/s]
RREA:  90%|███████████████████████████████████████████████▍     | 1433/1600 [02:08<00:15, 10.95it/s]
RREA:  90%|███████████████████████████████████████████████▌     | 1436/1600 [02:08<00:12, 12.95it/s]
RREA:  90%|███████████████████████████████████████████████▋     | 1439/1600 [02:08<00:10, 14.83it/s]05:48:00 | INFO    | epoch 1440/1600 | loss=0.0055
05:48:00 | INFO    |            [filtered] MRR=0.2779 Hit@1=0.2482 Hit@5=0.2775 Hit@10=0.3219 MR=87.2 n=6415
05:48:00 | INFO    |            [multiref] MRR=0.6356 Hit@1=0.5783 Hit@5=0.6928 Hit@10=0.7430 MR=37.9 n=498

RREA:  90%|███████████████████████████████████████████████▋     | 1441/1600 [02:09<00:17,  8.89it/s]
RREA:  90%|███████████████████████████████████████████████▊     | 1444/1600 [02:09<00:14, 11.04it/s]
RREA:  90%|███████████████████████████████████████████████▉     | 1447/1600 [02:09<00:11, 13.13it/s]05:48:01 | INFO    | epoch 1450/1600 | loss=0.0066
05:48:01 | INFO    |            [filtered] MRR=0.2752 Hit@1=0.2387 Hit@5=0.2809 Hit@10=0.3130 MR=75.7 n=6415
05:48:01 | INFO    |            [multiref] MRR=0.6489 Hit@1=0.5984 Hit@5=0.6948 Hit@10=0.7490 MR=37.1 n=498

RREA:  91%|████████████████████████████████████████████████     | 1450/1600 [02:10<00:16,  8.99it/s]
RREA:  91%|████████████████████████████████████████████████▏    | 1453/1600 [02:10<00:13, 10.99it/s]
RREA:  91%|████████████████████████████████████████████████▏    | 1456/1600 [02:10<00:11, 13.00it/s]
RREA:  91%|████████████████████████████████████████████████▎    | 1459/1600 [02:10<00:09, 14.87it/s]05:48:02 | INFO    | epoch 1460/1600 | loss=0.0066
05:48:02 | INFO    |            [filtered] MRR=0.2673 Hit@1=0.2263 Hit@5=0.2792 Hit@10=0.3155 MR=96.1 n=6415
05:48:02 | INFO    |            [multiref] MRR=0.6455 Hit@1=0.5964 Hit@5=0.6928 Hit@10=0.7470 MR=37.9 n=498

RREA:  91%|████████████████████████████████████████████████▍    | 1461/1600 [02:11<00:15,  9.04it/s]
RREA:  92%|████████████████████████████████████████████████▍    | 1464/1600 [02:11<00:12, 11.19it/s]
RREA:  92%|████████████████████████████████████████████████▌    | 1467/1600 [02:11<00:10, 13.28it/s]05:48:02 | INFO    | epoch 1470/1600 | loss=0.0064
05:48:03 | INFO    |            [filtered] MRR=0.2778 Hit@1=0.2368 Hit@5=0.2804 Hit@10=0.3462 MR=88.3 n=6415
05:48:03 | INFO    |            [multiref] MRR=0.6449 Hit@1=0.5944 Hit@5=0.6948 Hit@10=0.7430 MR=41.0 n=498

RREA:  92%|████████████████████████████████████████████████▋    | 1470/1600 [02:11<00:14,  8.99it/s]
RREA:  92%|████████████████████████████████████████████████▊    | 1473/1600 [02:12<00:11, 11.00it/s]
RREA:  92%|████████████████████████████████████████████████▉    | 1476/1600 [02:12<00:09, 13.00it/s]
RREA:  92%|████████████████████████████████████████████████▉    | 1479/1600 [02:12<00:08, 14.87it/s]05:48:03 | INFO    | epoch 1480/1600 | loss=0.0054
05:48:04 | INFO    |            [filtered] MRR=0.2697 Hit@1=0.2365 Hit@5=0.2756 Hit@10=0.3157 MR=127.1 n=6415
05:48:04 | INFO    |            [multiref] MRR=0.6478 Hit@1=0.6004 Hit@5=0.6908 Hit@10=0.7369 MR=48.6 n=498

RREA:  93%|█████████████████████████████████████████████████    | 1481/1600 [02:12<00:13,  9.04it/s]
RREA:  93%|█████████████████████████████████████████████████▏   | 1484/1600 [02:13<00:10, 11.19it/s]
RREA:  93%|█████████████████████████████████████████████████▎   | 1487/1600 [02:13<00:08, 13.28it/s]05:48:04 | INFO    | epoch 1490/1600 | loss=0.0050
05:48:05 | INFO    |            [filtered] MRR=0.2673 Hit@1=0.2335 Hit@5=0.2773 Hit@10=0.3074 MR=121.9 n=6415
05:48:05 | INFO    |            [multiref] MRR=0.6465 Hit@1=0.6004 Hit@5=0.6928 Hit@10=0.7349 MR=46.8 n=498

RREA:  93%|█████████████████████████████████████████████████▎   | 1490/1600 [02:13<00:12,  8.95it/s]
RREA:  93%|█████████████████████████████████████████████████▍   | 1493/1600 [02:13<00:09, 10.96it/s]
RREA:  94%|█████████████████████████████████████████████████▌   | 1496/1600 [02:13<00:08, 12.97it/s]
RREA:  94%|█████████████████████████████████████████████████▋   | 1499/1600 [02:14<00:06, 14.85it/s]05:48:05 | INFO    | epoch 1500/1600 | loss=0.0060
05:48:05 | INFO    |            [filtered] MRR=0.2827 Hit@1=0.2577 Hit@5=0.2815 Hit@10=0.3124 MR=100.7 n=6415
05:48:05 | INFO    |            [multiref] MRR=0.6467 Hit@1=0.6004 Hit@5=0.6928 Hit@10=0.7369 MR=36.4 n=498

RREA:  94%|█████████████████████████████████████████████████▋   | 1501/1600 [02:14<00:11,  8.99it/s]
RREA:  94%|█████████████████████████████████████████████████▊   | 1504/1600 [02:14<00:08, 11.14it/s]
RREA:  94%|█████████████████████████████████████████████████▉   | 1507/1600 [02:14<00:07, 13.23it/s]05:48:06 | INFO    | epoch 1510/1600 | loss=0.0067
05:48:06 | INFO    |            [filtered] MRR=0.2586 Hit@1=0.2151 Hit@5=0.2786 Hit@10=0.3057 MR=117.4 n=6415
05:48:06 | INFO    |            [multiref] MRR=0.6446 Hit@1=0.5964 Hit@5=0.6948 Hit@10=0.7349 MR=30.2 n=498

RREA:  94%|██████████████████████████████████████████████████   | 1510/1600 [02:15<00:10,  8.92it/s]
RREA:  95%|██████████████████████████████████████████████████   | 1513/1600 [02:15<00:07, 10.94it/s]
RREA:  95%|██████████████████████████████████████████████████▏  | 1516/1600 [02:15<00:06, 12.94it/s]
RREA:  95%|██████████████████████████████████████████████████▎  | 1519/1600 [02:15<00:05, 14.82it/s]05:48:07 | INFO    | epoch 1520/1600 | loss=0.0040
05:48:07 | INFO    |            [filtered] MRR=0.2498 Hit@1=0.2089 Hit@5=0.2751 Hit@10=0.2938 MR=169.0 n=6415
05:48:07 | INFO    |            [multiref] MRR=0.6431 Hit@1=0.5944 Hit@5=0.6948 Hit@10=0.7309 MR=35.3 n=498

RREA:  95%|██████████████████████████████████████████████████▍  | 1521/1600 [02:16<00:08,  9.02it/s]
RREA:  95%|██████████████████████████████████████████████████▍  | 1524/1600 [02:16<00:06, 11.17it/s]
RREA:  95%|██████████████████████████████████████████████████▌  | 1527/1600 [02:16<00:05, 13.26it/s]05:48:08 | INFO    | epoch 1530/1600 | loss=0.0052
05:48:08 | INFO    |            [filtered] MRR=0.2572 Hit@1=0.2097 Hit@5=0.2793 Hit@10=0.3118 MR=105.8 n=6415
05:48:08 | INFO    |            [multiref] MRR=0.6438 Hit@1=0.5984 Hit@5=0.6928 Hit@10=0.7249 MR=30.3 n=498

RREA:  96%|██████████████████████████████████████████████████▋  | 1530/1600 [02:17<00:07,  8.96it/s]
RREA:  96%|██████████████████████████████████████████████████▊  | 1533/1600 [02:17<00:06, 10.97it/s]
RREA:  96%|██████████████████████████████████████████████████▉  | 1536/1600 [02:17<00:04, 12.97it/s]
RREA:  96%|██████████████████████████████████████████████████▉  | 1539/1600 [02:17<00:04, 14.85it/s]05:48:09 | INFO    | epoch 1540/1600 | loss=0.0039
05:48:09 | INFO    |            [filtered] MRR=0.2573 Hit@1=0.1931 Hit@5=0.2909 Hit@10=0.3543 MR=83.3 n=6415
05:48:09 | INFO    |            [multiref] MRR=0.6451 Hit@1=0.5984 Hit@5=0.6908 Hit@10=0.7309 MR=28.2 n=498

RREA:  96%|███████████████████████████████████████████████████  | 1541/1600 [02:18<00:06,  8.90it/s]
RREA:  96%|███████████████████████████████████████████████████▏ | 1544/1600 [02:18<00:05, 11.04it/s]
RREA:  97%|███████████████████████████████████████████████████▏ | 1547/1600 [02:18<00:04, 13.13it/s]05:48:10 | INFO    | epoch 1550/1600 | loss=0.0054
05:48:10 | INFO    |            [filtered] MRR=0.2582 Hit@1=0.1941 Hit@5=0.2851 Hit@10=0.3560 MR=78.9 n=6415
05:48:10 | INFO    |            [multiref] MRR=0.6455 Hit@1=0.5984 Hit@5=0.6867 Hit@10=0.7309 MR=29.7 n=498

RREA:  97%|███████████████████████████████████████████████████▎ | 1550/1600 [02:19<00:05,  8.96it/s]
RREA:  97%|███████████████████████████████████████████████████▍ | 1553/1600 [02:19<00:04, 10.97it/s]
RREA:  97%|███████████████████████████████████████████████████▌ | 1556/1600 [02:19<00:03, 12.98it/s]
RREA:  97%|███████████████████████████████████████████████████▋ | 1559/1600 [02:19<00:02, 14.85it/s]05:48:10 | INFO    | epoch 1560/1600 | loss=0.0066
05:48:11 | INFO    |            [filtered] MRR=0.2501 Hit@1=0.1911 Hit@5=0.2899 Hit@10=0.3186 MR=134.6 n=6415
05:48:11 | INFO    |            [multiref] MRR=0.6490 Hit@1=0.6044 Hit@5=0.6948 Hit@10=0.7309 MR=32.7 n=498

RREA:  98%|███████████████████████████████████████████████████▋ | 1561/1600 [02:20<00:04,  8.86it/s]
RREA:  98%|███████████████████████████████████████████████████▊ | 1564/1600 [02:20<00:03, 11.00it/s]
RREA:  98%|███████████████████████████████████████████████████▉ | 1567/1600 [02:20<00:02, 13.10it/s]05:48:11 | INFO    | epoch 1570/1600 | loss=0.0048
05:48:12 | INFO    |            [filtered] MRR=0.2505 Hit@1=0.1910 Hit@5=0.2912 Hit@10=0.3171 MR=109.8 n=6415
05:48:12 | INFO    |            [multiref] MRR=0.6461 Hit@1=0.6024 Hit@5=0.6888 Hit@10=0.7289 MR=31.0 n=498

RREA:  98%|████████████████████████████████████████████████████ | 1570/1600 [02:20<00:03,  8.96it/s]
RREA:  98%|████████████████████████████████████████████████████ | 1573/1600 [02:20<00:02, 10.97it/s]
RREA:  98%|████████████████████████████████████████████████████▏| 1576/1600 [02:21<00:01, 12.97it/s]
RREA:  99%|████████████████████████████████████████████████████▎| 1579/1600 [02:21<00:01, 14.85it/s]05:48:12 | INFO    | epoch 1580/1600 | loss=0.0062
05:48:13 | INFO    |            [filtered] MRR=0.2538 Hit@1=0.2112 Hit@5=0.2784 Hit@10=0.3080 MR=150.0 n=6415
05:48:13 | INFO    |            [multiref] MRR=0.6509 Hit@1=0.6064 Hit@5=0.6908 Hit@10=0.7369 MR=36.8 n=498

RREA:  99%|████████████████████████████████████████████████████▎| 1581/1600 [02:21<00:02,  8.93it/s]
RREA:  99%|████████████████████████████████████████████████████▍| 1584/1600 [02:21<00:01, 11.08it/s]
RREA:  99%|████████████████████████████████████████████████████▌| 1587/1600 [02:22<00:00, 13.17it/s]05:48:13 | INFO    | epoch 1590/1600 | loss=0.0067
05:48:13 | INFO    |            [filtered] MRR=0.2574 Hit@1=0.2151 Hit@5=0.2823 Hit@10=0.3049 MR=127.1 n=6415
05:48:13 | INFO    |            [multiref] MRR=0.6511 Hit@1=0.6064 Hit@5=0.6888 Hit@10=0.7309 MR=33.8 n=498

RREA:  99%|████████████████████████████████████████████████████▋| 1590/1600 [02:22<00:01,  8.96it/s]
RREA: 100%|████████████████████████████████████████████████████▊| 1593/1600 [02:22<00:00, 10.96it/s]
RREA: 100%|████████████████████████████████████████████████████▊| 1596/1600 [02:22<00:00, 12.97it/s]
RREA: 100%|████████████████████████████████████████████████████▉| 1599/1600 [02:23<00:00, 14.85it/s]05:48:14 | INFO    | epoch 1600/1600 | loss=0.0072
05:48:14 | INFO    |            [filtered] MRR=0.2592 Hit@1=0.2154 Hit@5=0.2809 Hit@10=0.3009 MR=98.5 n=6415
05:48:14 | INFO    |            [multiref] MRR=0.6514 Hit@1=0.6064 Hit@5=0.6867 Hit@10=0.7309 MR=37.4 n=498

RREA: 100%|█████████████████████████████████████████████████████| 1600/1600 [02:23<00:00, 11.15it/s]
05:48:15 | INFO    | Done in 2.4 min. Best filtered MRR=0.3937 @ epoch 140.
05:48:15 | INFO    | Final evaluation on the test split, read once
05:48:17 | INFO    |   [cosine] filtMRR=0.3429 H@1=0.2980 H@10=0.4148 n=47737 | mrefMRR=0.6376 H@1=0.5812
05:48:19 | INFO    |   [  csls] filtMRR=0.1798 H@1=0.1092 H@10=0.3825 n=47737 | mrefMRR=0.6292 H@1=0.5615
05:48:21 | INFO    |   [cosine] F1=0.5004 P=0.3767 R=0.7451 (threshold 0.893 from validation, validation F1=0.4249)
05:48:21 | INFO    | Wrote experiments/rrea_broadMatch-onco_20260929-054547/result.json
05:48:21 | INFO    | Finished. Best validation MRR=0.3937 @ epoch 140.
