15:55:30 | INFO    | Model: mraea | seed 2026 | device: cuda:0
15:55:31 | INFO    | Regime broadMatch/pgx | graph: 84,182 nodes, 131,238 triples, 50,435 UCPGx candidates
15:55:31 | INFO    |   broadMatch/pgx   train=  3,744 test=  8,599 (70%) queries= 6,866 by cluster    leakage=0.00%
15:55:31 | INFO    |   closeMatch       train=  2,738 test=  6,296 (70%) queries= 1,490 by cluster    leakage=0.00%
15:55:31 | INFO    |   sameAs           train= 19,942 test= 46,531 (70%) queries=10,883 by cluster    leakage=0.00%
15:55:31 | INFO    |   broadMatch/onco  train= 25,039 test= 47,737 (66%) queries= 2,032 intra-cluster leakage=0.00%
15:55:31 | INFO    |   relatedMatch     train=  2,801 test=  6,289 (69%) queries=   812 intra-cluster leakage=0.00%
15:55:31 | INFO    |   related          train=471,647 test=762,046 (62%) queries=16,977 intra-cluster leakage=0.00%
15:55:31 | INFO    | Data: {'num_entities': 84182, 'num_relations': 13, 'triples': 131238, 'train_pairs': 2805, 'val_pairs': 939, 'candidates': 50435, 'unlabeled_pool': 47014}
15:55:39 | INFO    | Params: 8.42M
15:55:39 | INFO    | Run directory: experiments/mraea_broadMatch-pgx_20260929-155529
15:55:39 | INFO    | MRAEA | device=cuda:0 | {'num_entities': 84182, 'num_relations': 13, 'triples': 131238, 'train_pairs': 2805, 'val_pairs': 939, 'candidates': 50435, 'unlabeled_pool': 47014} turns=8 x 400

MRAEA:   0%|                                                               | 0/3200 [00:00<?, ?it/s]code/src/models/mraea.py:63: UserWarning: Sparse invariant checks are implicitly disabled. Memory errors (e.g. SEGFAULT) will occur when operating on a sparse tensor which violates the invariants, but checks incur performance overhead. To silence this warning, explicitly opt in or out. See `torch.sparse.check_sparse_tensor_invariants.__doc__` for guidance.  (Triggered internally at /__w/pytorch/pytorch/aten/src/ATen/Context.cpp:848.)
  return torch.sparse_coo_tensor(index, val, shape, device=index.device).coalesce()

MRAEA:   0%|                                                     | 1/3200 [00:02<2:28:15,  2.78s/it]
MRAEA:   0%|                                                     | 2/3200 [00:02<1:05:26,  1.23s/it]
MRAEA:   0%|                                                       | 3/3200 [00:03<39:15,  1.36it/s]
MRAEA:   0%|                                                       | 4/3200 [00:03<26:42,  1.99it/s]
MRAEA:   0%|                                                       | 5/3200 [00:03<19:37,  2.71it/s]
MRAEA:   0%|                                                       | 6/3200 [00:03<15:21,  3.47it/s]
MRAEA:   0%|                                                       | 7/3200 [00:03<12:38,  4.21it/s]
MRAEA:   0%|▏                                                      | 8/3200 [00:03<10:52,  4.89it/s]
MRAEA:   0%|▏                                                      | 9/3200 [00:03<09:41,  5.49it/s]
MRAEA:   0%|▏                                                     | 10/3200 [00:04<08:52,  5.99it/s]
MRAEA:   0%|▏                                                     | 11/3200 [00:04<08:00,  6.63it/s]
MRAEA:   0%|▏                                                     | 12/3200 [00:04<07:12,  7.37it/s]
MRAEA:   0%|▏                                                     | 13/3200 [00:04<06:40,  7.96it/s]
MRAEA:   0%|▏                                                     | 14/3200 [00:04<06:17,  8.44it/s]
MRAEA:   0%|▎                                                     | 15/3200 [00:04<06:01,  8.82it/s]
MRAEA:   0%|▎                                                     | 16/3200 [00:04<05:49,  9.10it/s]
MRAEA:   1%|▎                                                     | 17/3200 [00:04<05:41,  9.32it/s]
MRAEA:   1%|▎                                                     | 18/3200 [00:04<05:35,  9.48it/s]
MRAEA:   1%|▎                                                     | 19/3200 [00:04<05:31,  9.59it/s]
MRAEA:   1%|▎                                                     | 20/3200 [00:05<05:28,  9.68it/s]
MRAEA:   1%|▎                                                     | 21/3200 [00:05<05:26,  9.74it/s]
MRAEA:   1%|▎                                                     | 22/3200 [00:05<06:51,  7.73it/s]
MRAEA:   1%|▍                                                     | 24/3200 [00:05<05:34,  9.48it/s]15:55:44 | INFO    | epoch   25/3200 | loss=0.4955
15:55:45 | INFO    |            [filtered] MRR=0.0415 Hit@1=0.0351 Hit@5=0.0554 Hit@10=0.0586 MR=4482.8 n=939
15:55:45 | INFO    |            [multiref] MRR=0.0302 Hit@1=0.0240 Hit@5=0.0414 Hit@10=0.0454 MR=3433.5 n=749
15:55:45 | INFO    |            -> new best filtered MRR=0.0415 (saved model_best.pt)

MRAEA:   1%|▍                                                     | 25/3200 [00:06<11:38,  4.55it/s]
MRAEA:   1%|▍                                                     | 29/3200 [00:06<05:39,  9.33it/s]
MRAEA:   1%|▌                                                     | 32/3200 [00:06<04:53, 10.80it/s]
MRAEA:   1%|▌                                                     | 34/3200 [00:06<05:02, 10.45it/s]
MRAEA:   1%|▌                                                     | 36/3200 [00:06<05:35,  9.42it/s]
MRAEA:   1%|▋                                                     | 38/3200 [00:07<06:01,  8.76it/s]
MRAEA:   1%|▋                                                     | 40/3200 [00:07<06:18,  8.35it/s]
MRAEA:   1%|▋                                                     | 41/3200 [00:07<06:24,  8.22it/s]
MRAEA:   1%|▋                                                     | 42/3200 [00:07<06:31,  8.07it/s]
MRAEA:   1%|▋                                                     | 43/3200 [00:07<06:16,  8.39it/s]
MRAEA:   1%|▋                                                     | 44/3200 [00:07<06:02,  8.70it/s]
MRAEA:   1%|▊                                                     | 45/3200 [00:07<06:02,  8.70it/s]
MRAEA:   1%|▊                                                     | 46/3200 [00:08<06:17,  8.35it/s]
MRAEA:   1%|▊                                                     | 47/3200 [00:08<06:28,  8.11it/s]
MRAEA:   2%|▊                                                     | 48/3200 [00:08<06:37,  7.93it/s]
MRAEA:   2%|▊                                                     | 49/3200 [00:08<06:43,  7.81it/s]15:55:47 | INFO    | epoch   50/3200 | loss=0.1676
15:55:48 | INFO    |            [filtered] MRR=0.0449 Hit@1=0.0383 Hit@5=0.0586 Hit@10=0.0618 MR=3622.9 n=939
15:55:48 | INFO    |            [multiref] MRR=0.0341 Hit@1=0.0280 Hit@5=0.0454 Hit@10=0.0494 MR=2928.2 n=749
15:55:48 | INFO    |            -> new best filtered MRR=0.0449 (saved model_best.pt)

MRAEA:   2%|▊                                                     | 50/3200 [00:09<13:06,  4.01it/s]
MRAEA:   2%|▊                                                     | 51/3200 [00:09<11:03,  4.75it/s]
MRAEA:   2%|▉                                                     | 52/3200 [00:09<09:22,  5.60it/s]
MRAEA:   2%|▉                                                     | 53/3200 [00:09<08:09,  6.42it/s]
MRAEA:   2%|▉                                                     | 54/3200 [00:09<07:18,  7.17it/s]
MRAEA:   2%|▉                                                     | 55/3200 [00:09<06:45,  7.76it/s]
MRAEA:   2%|▉                                                     | 57/3200 [00:09<05:20,  9.81it/s]
MRAEA:   2%|▉                                                     | 59/3200 [00:09<04:34, 11.46it/s]
MRAEA:   2%|█                                                     | 61/3200 [00:09<04:08, 12.64it/s]
MRAEA:   2%|█                                                     | 63/3200 [00:10<03:50, 13.60it/s]
MRAEA:   2%|█                                                     | 65/3200 [00:10<04:06, 12.74it/s]
MRAEA:   2%|█▏                                                    | 68/3200 [00:10<03:50, 13.60it/s]
MRAEA:   2%|█▏                                                    | 70/3200 [00:10<04:50, 10.79it/s]
MRAEA:   2%|█▏                                                    | 72/3200 [00:11<05:26,  9.59it/s]
MRAEA:   2%|█▏                                                    | 74/3200 [00:11<05:51,  8.89it/s]15:55:50 | INFO    | epoch   75/3200 | loss=0.0589
15:55:50 | INFO    |            [filtered] MRR=0.0491 Hit@1=0.0394 Hit@5=0.0564 Hit@10=0.0735 MR=2560.8 n=939
15:55:50 | INFO    |            [multiref] MRR=0.0381 Hit@1=0.0280 Hit@5=0.0427 Hit@10=0.0641 MR=1829.5 n=749
15:55:51 | INFO    |            -> new best filtered MRR=0.0491 (saved model_best.pt)

MRAEA:   2%|█▎                                                    | 75/3200 [00:11<09:58,  5.23it/s]
MRAEA:   2%|█▎                                                    | 76/3200 [00:11<09:01,  5.76it/s]
MRAEA:   2%|█▎                                                    | 77/3200 [00:12<08:16,  6.29it/s]
MRAEA:   2%|█▎                                                    | 78/3200 [00:12<07:35,  6.86it/s]
MRAEA:   2%|█▎                                                    | 79/3200 [00:12<07:24,  7.01it/s]
MRAEA:   2%|█▎                                                    | 80/3200 [00:12<07:16,  7.15it/s]
MRAEA:   3%|█▎                                                    | 81/3200 [00:12<07:10,  7.25it/s]
MRAEA:   3%|█▍                                                    | 82/3200 [00:12<07:05,  7.33it/s]
MRAEA:   3%|█▍                                                    | 83/3200 [00:12<07:01,  7.40it/s]
MRAEA:   3%|█▍                                                    | 84/3200 [00:12<07:01,  7.40it/s]
MRAEA:   3%|█▍                                                    | 85/3200 [00:13<06:58,  7.43it/s]
MRAEA:   3%|█▍                                                    | 86/3200 [00:13<06:57,  7.46it/s]
MRAEA:   3%|█▍                                                    | 87/3200 [00:13<06:56,  7.48it/s]
MRAEA:   3%|█▌                                                    | 89/3200 [00:13<05:04, 10.23it/s]
MRAEA:   3%|█▌                                                    | 93/3200 [00:13<03:03, 16.95it/s]
MRAEA:   3%|█▋                                                    | 97/3200 [00:13<02:36, 19.84it/s]
MRAEA:   3%|█▋                                                    | 99/3200 [00:13<02:46, 18.68it/s]15:55:53 | INFO    | epoch  100/3200 | loss=0.0249
15:55:53 | INFO    |            [filtered] MRR=0.0698 Hit@1=0.0532 Hit@5=0.0639 Hit@10=0.0937 MR=1868.7 n=939
15:55:53 | INFO    |            [multiref] MRR=0.0569 Hit@1=0.0387 Hit@5=0.0494 Hit@10=0.0841 MR=1112.4 n=749
15:55:53 | INFO    |            -> new best filtered MRR=0.0698 (saved model_best.pt)

MRAEA:   3%|█▋                                                   | 101/3200 [00:14<05:48,  8.90it/s]
MRAEA:   3%|█▋                                                   | 103/3200 [00:14<05:37,  9.16it/s]
MRAEA:   3%|█▋                                                   | 105/3200 [00:14<05:45,  8.96it/s]
MRAEA:   3%|█▊                                                   | 107/3200 [00:15<06:03,  8.51it/s]
MRAEA:   3%|█▊                                                   | 109/3200 [00:15<06:16,  8.20it/s]
MRAEA:   3%|█▊                                                   | 110/3200 [00:15<06:22,  8.08it/s]
MRAEA:   3%|█▊                                                   | 111/3200 [00:15<06:27,  7.97it/s]
MRAEA:   4%|█▊                                                   | 112/3200 [00:15<06:32,  7.86it/s]
MRAEA:   4%|█▊                                                   | 113/3200 [00:15<06:36,  7.78it/s]
MRAEA:   4%|█▉                                                   | 114/3200 [00:16<06:39,  7.72it/s]
MRAEA:   4%|█▉                                                   | 115/3200 [00:16<06:24,  8.01it/s]
MRAEA:   4%|█▉                                                   | 117/3200 [00:16<05:48,  8.85it/s]
MRAEA:   4%|█▉                                                   | 118/3200 [00:16<05:41,  9.03it/s]
MRAEA:   4%|█▉                                                   | 119/3200 [00:16<05:56,  8.64it/s]
MRAEA:   4%|█▉                                                   | 120/3200 [00:16<06:10,  8.31it/s]
MRAEA:   4%|██                                                   | 121/3200 [00:16<06:20,  8.08it/s]
MRAEA:   4%|██                                                   | 122/3200 [00:17<06:28,  7.91it/s]
MRAEA:   4%|██                                                   | 123/3200 [00:17<06:34,  7.80it/s]15:55:56 | INFO    | epoch  125/3200 | loss=0.0146
15:55:56 | INFO    |            [filtered] MRR=0.0804 Hit@1=0.0543 Hit@5=0.0735 Hit@10=0.1193 MR=1660.0 n=939
15:55:56 | INFO    |            [multiref] MRR=0.0688 Hit@1=0.0387 Hit@5=0.0601 Hit@10=0.1148 MR=926.2 n=749
15:55:57 | INFO    |            -> new best filtered MRR=0.0804 (saved model_best.pt)

MRAEA:   4%|██                                                   | 125/3200 [00:17<10:04,  5.09it/s]
MRAEA:   4%|██                                                   | 128/3200 [00:17<06:40,  7.68it/s]
MRAEA:   4%|██▏                                                  | 130/3200 [00:18<06:24,  7.98it/s]
MRAEA:   4%|██▏                                                  | 131/3200 [00:18<06:26,  7.94it/s]
MRAEA:   4%|██▏                                                  | 132/3200 [00:18<06:32,  7.81it/s]
MRAEA:   4%|██▏                                                  | 133/3200 [00:18<06:35,  7.75it/s]
MRAEA:   4%|██▏                                                  | 134/3200 [00:18<06:38,  7.69it/s]
MRAEA:   4%|██▏                                                  | 135/3200 [00:18<06:40,  7.65it/s]
MRAEA:   4%|██▎                                                  | 136/3200 [00:18<06:42,  7.61it/s]
MRAEA:   4%|██▎                                                  | 137/3200 [00:19<06:26,  7.92it/s]
MRAEA:   4%|██▎                                                  | 138/3200 [00:19<06:04,  8.39it/s]
MRAEA:   4%|██▎                                                  | 140/3200 [00:19<05:17,  9.64it/s]
MRAEA:   4%|██▎                                                  | 141/3200 [00:19<05:34,  9.14it/s]
MRAEA:   4%|██▎                                                  | 142/3200 [00:19<05:53,  8.64it/s]
MRAEA:   4%|██▎                                                  | 143/3200 [00:19<06:07,  8.31it/s]
MRAEA:   4%|██▍                                                  | 144/3200 [00:19<06:18,  8.08it/s]
MRAEA:   5%|██▍                                                  | 145/3200 [00:19<06:19,  8.06it/s]
MRAEA:   5%|██▍                                                  | 146/3200 [00:20<06:26,  7.89it/s]
MRAEA:   5%|██▍                                                  | 147/3200 [00:20<06:32,  7.78it/s]
MRAEA:   5%|██▍                                                  | 148/3200 [00:20<06:36,  7.71it/s]
MRAEA:   5%|██▍                                                  | 149/3200 [00:20<06:38,  7.65it/s]15:55:59 | INFO    | epoch  150/3200 | loss=0.0128
15:56:00 | INFO    |            [filtered] MRR=0.0900 Hit@1=0.0586 Hit@5=0.0863 Hit@10=0.1384 MR=1559.7 n=939
15:56:00 | INFO    |            [multiref] MRR=0.0792 Hit@1=0.0427 Hit@5=0.0761 Hit@10=0.1375 MR=852.5 n=749
15:56:00 | INFO    |            -> new best filtered MRR=0.0900 (saved model_best.pt)

MRAEA:   5%|██▍                                                  | 150/3200 [00:21<13:03,  3.89it/s]
MRAEA:   5%|██▌                                                  | 152/3200 [00:21<08:31,  5.96it/s]
MRAEA:   5%|██▌                                                  | 154/3200 [00:21<06:26,  7.88it/s]
MRAEA:   5%|██▌                                                  | 156/3200 [00:21<05:16,  9.61it/s]
MRAEA:   5%|██▌                                                  | 158/3200 [00:21<04:31, 11.19it/s]
MRAEA:   5%|██▋                                                  | 160/3200 [00:21<04:14, 11.92it/s]
MRAEA:   5%|██▋                                                  | 163/3200 [00:21<03:42, 13.66it/s]
MRAEA:   5%|██▋                                                  | 165/3200 [00:22<04:33, 11.11it/s]
MRAEA:   5%|██▊                                                  | 167/3200 [00:22<05:10,  9.77it/s]
MRAEA:   5%|██▊                                                  | 169/3200 [00:22<05:37,  8.99it/s]
MRAEA:   5%|██▊                                                  | 170/3200 [00:22<05:48,  8.70it/s]
MRAEA:   5%|██▊                                                  | 171/3200 [00:22<05:58,  8.44it/s]
MRAEA:   5%|██▊                                                  | 172/3200 [00:23<06:08,  8.22it/s]
MRAEA:   5%|██▊                                                  | 173/3200 [00:23<06:08,  8.21it/s]
MRAEA:   5%|██▉                                                  | 174/3200 [00:23<05:53,  8.56it/s]15:56:02 | INFO    | epoch  175/3200 | loss=0.0037
15:56:02 | INFO    |            [filtered] MRR=0.0964 Hit@1=0.0607 Hit@5=0.0927 Hit@10=0.1565 MR=1495.5 n=939
15:56:02 | INFO    |            [multiref] MRR=0.0869 Hit@1=0.0454 Hit@5=0.0841 Hit@10=0.1589 MR=807.2 n=749
15:56:03 | INFO    |            -> new best filtered MRR=0.0964 (saved model_best.pt)

MRAEA:   5%|██▉                                                  | 175/3200 [00:23<11:22,  4.43it/s]
MRAEA:   6%|██▉                                                  | 176/3200 [00:23<10:05,  5.00it/s]
MRAEA:   6%|██▉                                                  | 177/3200 [00:24<09:07,  5.52it/s]
MRAEA:   6%|██▉                                                  | 178/3200 [00:24<08:25,  5.98it/s]
MRAEA:   6%|██▉                                                  | 179/3200 [00:24<07:54,  6.36it/s]
MRAEA:   6%|██▉                                                  | 180/3200 [00:24<07:33,  6.67it/s]
MRAEA:   6%|██▉                                                  | 181/3200 [00:24<07:17,  6.90it/s]
MRAEA:   6%|███                                                  | 182/3200 [00:24<06:45,  7.44it/s]
MRAEA:   6%|███                                                  | 183/3200 [00:24<06:15,  8.04it/s]
MRAEA:   6%|███                                                  | 185/3200 [00:24<05:00, 10.05it/s]
MRAEA:   6%|███                                                  | 187/3200 [00:25<04:16, 11.73it/s]
MRAEA:   6%|███▏                                                 | 189/3200 [00:25<04:02, 12.41it/s]
MRAEA:   6%|███▏                                                 | 191/3200 [00:25<03:44, 13.42it/s]
MRAEA:   6%|███▏                                                 | 193/3200 [00:25<04:07, 12.14it/s]
MRAEA:   6%|███▏                                                 | 195/3200 [00:25<04:12, 11.88it/s]
MRAEA:   6%|███▎                                                 | 197/3200 [00:25<04:50, 10.35it/s]
MRAEA:   6%|███▎                                                 | 199/3200 [00:26<05:23,  9.27it/s]15:56:05 | INFO    | epoch  200/3200 | loss=0.0109
15:56:05 | INFO    |            [filtered] MRR=0.1006 Hit@1=0.0607 Hit@5=0.1001 Hit@10=0.1672 MR=1444.0 n=939
15:56:05 | INFO    |            [multiref] MRR=0.0917 Hit@1=0.0454 Hit@5=0.0935 Hit@10=0.1736 MR=773.0 n=749
15:56:06 | INFO    |            -> new best filtered MRR=0.1006 (saved model_best.pt)

MRAEA:   6%|███▎                                                 | 200/3200 [00:26<09:12,  5.43it/s]
MRAEA:   6%|███▎                                                 | 201/3200 [00:26<08:40,  5.76it/s]
MRAEA:   6%|███▎                                                 | 202/3200 [00:27<08:12,  6.09it/s]
MRAEA:   6%|███▎                                                 | 203/3200 [00:27<07:32,  6.63it/s]
MRAEA:   6%|███▍                                                 | 205/3200 [00:27<06:30,  7.66it/s]
MRAEA:   6%|███▍                                                 | 206/3200 [00:27<06:25,  7.77it/s]
MRAEA:   6%|███▍                                                 | 207/3200 [00:27<06:28,  7.71it/s]
MRAEA:   6%|███▍                                                 | 208/3200 [00:27<06:30,  7.66it/s]
MRAEA:   7%|███▍                                                 | 209/3200 [00:27<06:32,  7.62it/s]
MRAEA:   7%|███▍                                                 | 210/3200 [00:28<06:33,  7.60it/s]
MRAEA:   7%|███▍                                                 | 211/3200 [00:28<06:34,  7.58it/s]
MRAEA:   7%|███▌                                                 | 212/3200 [00:28<06:35,  7.56it/s]
MRAEA:   7%|███▌                                                 | 213/3200 [00:28<06:35,  7.55it/s]
MRAEA:   7%|███▌                                                 | 214/3200 [00:28<06:35,  7.54it/s]
MRAEA:   7%|███▌                                                 | 215/3200 [00:28<06:35,  7.54it/s]
MRAEA:   7%|███▌                                                 | 218/3200 [00:28<03:59, 12.46it/s]
MRAEA:   7%|███▋                                                 | 222/3200 [00:28<02:48, 17.66it/s]
MRAEA:   7%|███▋                                                 | 224/3200 [00:29<02:54, 17.07it/s]15:56:08 | INFO    | epoch  225/3200 | loss=0.0080
15:56:08 | INFO    |            [filtered] MRR=0.1043 Hit@1=0.0607 Hit@5=0.1065 Hit@10=0.1778 MR=1385.3 n=939
15:56:08 | INFO    |            [multiref] MRR=0.0958 Hit@1=0.0454 Hit@5=0.1015 Hit@10=0.1856 MR=742.2 n=749
15:56:08 | INFO    |            -> new best filtered MRR=0.1043 (saved model_best.pt)

MRAEA:   7%|███▋                                                 | 226/3200 [00:29<05:22,  9.21it/s]
MRAEA:   7%|███▊                                                 | 229/3200 [00:29<04:19, 11.44it/s]
MRAEA:   7%|███▊                                                 | 231/3200 [00:29<04:15, 11.62it/s]
MRAEA:   7%|███▊                                                 | 233/3200 [00:30<04:43, 10.46it/s]
MRAEA:   7%|███▉                                                 | 235/3200 [00:30<05:14,  9.43it/s]
MRAEA:   7%|███▉                                                 | 237/3200 [00:30<07:19,  6.75it/s]
MRAEA:   7%|███▉                                                 | 238/3200 [00:30<07:01,  7.03it/s]
MRAEA:   7%|███▉                                                 | 239/3200 [00:31<06:37,  7.44it/s]
MRAEA:   8%|███▉                                                 | 240/3200 [00:31<06:25,  7.68it/s]
MRAEA:   8%|███▉                                                 | 241/3200 [00:31<06:27,  7.64it/s]
MRAEA:   8%|████                                                 | 242/3200 [00:31<06:28,  7.61it/s]
MRAEA:   8%|████                                                 | 243/3200 [00:31<06:29,  7.59it/s]
MRAEA:   8%|████                                                 | 244/3200 [00:31<06:30,  7.57it/s]
MRAEA:   8%|████                                                 | 245/3200 [00:31<06:30,  7.56it/s]
MRAEA:   8%|████                                                 | 246/3200 [00:31<06:31,  7.55it/s]
MRAEA:   8%|████                                                 | 247/3200 [00:32<06:31,  7.54it/s]
MRAEA:   8%|████                                                 | 248/3200 [00:32<06:31,  7.54it/s]
MRAEA:   8%|████                                                 | 249/3200 [00:32<06:31,  7.53it/s]15:56:11 | INFO    | epoch  250/3200 | loss=0.0049
15:56:11 | INFO    |            [filtered] MRR=0.1076 Hit@1=0.0607 Hit@5=0.1161 Hit@10=0.1906 MR=1358.1 n=939
15:56:11 | INFO    |            [multiref] MRR=0.0994 Hit@1=0.0454 Hit@5=0.1121 Hit@10=0.1989 MR=727.7 n=749
15:56:12 | INFO    |            -> new best filtered MRR=0.1076 (saved model_best.pt)

MRAEA:   8%|████▏                                                | 250/3200 [00:32<12:37,  3.90it/s]
MRAEA:   8%|████▏                                                | 251/3200 [00:33<10:48,  4.55it/s]
MRAEA:   8%|████▏                                                | 255/3200 [00:33<04:55,  9.98it/s]
MRAEA:   8%|████▎                                                | 259/3200 [00:33<03:11, 15.32it/s]
MRAEA:   8%|████▎                                                | 263/3200 [00:33<02:26, 20.01it/s]
MRAEA:   8%|████▍                                                | 267/3200 [00:33<02:01, 24.07it/s]
MRAEA:   8%|████▍                                                | 271/3200 [00:33<01:46, 27.61it/s]15:56:13 | INFO    | epoch  275/3200 | loss=0.0044
15:56:13 | INFO    |            [filtered] MRR=0.1115 Hit@1=0.0628 Hit@5=0.1257 Hit@10=0.1960 MR=1351.0 n=939
15:56:13 | INFO    |            [multiref] MRR=0.1039 Hit@1=0.0481 Hit@5=0.1228 Hit@10=0.2043 MR=723.0 n=749
15:56:13 | INFO    |            -> new best filtered MRR=0.1115 (saved model_best.pt)

MRAEA:   9%|████▌                                                | 275/3200 [00:34<03:17, 14.78it/s]
MRAEA:   9%|████▌                                                | 278/3200 [00:34<03:44, 13.02it/s]
MRAEA:   9%|████▋                                                | 281/3200 [00:34<04:03, 11.97it/s]
MRAEA:   9%|████▋                                                | 283/3200 [00:34<04:18, 11.27it/s]
MRAEA:   9%|████▋                                                | 285/3200 [00:35<04:28, 10.87it/s]
MRAEA:   9%|████▊                                                | 287/3200 [00:35<04:35, 10.59it/s]
MRAEA:   9%|████▊                                                | 289/3200 [00:35<04:40, 10.38it/s]
MRAEA:   9%|████▊                                                | 291/3200 [00:35<04:46, 10.16it/s]
MRAEA:   9%|████▊                                                | 293/3200 [00:36<04:49, 10.04it/s]
MRAEA:   9%|████▉                                                | 295/3200 [00:36<04:50,  9.99it/s]
MRAEA:   9%|████▉                                                | 299/3200 [00:36<03:21, 14.41it/s]15:56:15 | INFO    | epoch  300/3200 | loss=0.0072
15:56:15 | INFO    |            [filtered] MRR=0.1142 Hit@1=0.0628 Hit@5=0.1278 Hit@10=0.2130 MR=1332.5 n=939
15:56:15 | INFO    |            [multiref] MRR=0.1065 Hit@1=0.0481 Hit@5=0.1255 Hit@10=0.2190 MR=711.1 n=749
15:56:16 | INFO    |            -> new best filtered MRR=0.1142 (saved model_best.pt)

MRAEA:   9%|████▉                                                | 301/3200 [00:36<04:53,  9.89it/s]
MRAEA:  10%|█████                                                | 305/3200 [00:36<03:24, 14.17it/s]
MRAEA:  10%|█████                                                | 308/3200 [00:36<03:07, 15.42it/s]
MRAEA:  10%|█████▏                                               | 311/3200 [00:37<03:27, 13.90it/s]
MRAEA:  10%|█████▏                                               | 313/3200 [00:37<03:46, 12.73it/s]
MRAEA:  10%|█████▏                                               | 315/3200 [00:37<04:02, 11.90it/s]
MRAEA:  10%|█████▎                                               | 317/3200 [00:37<04:15, 11.31it/s]
MRAEA:  10%|█████▎                                               | 319/3200 [00:38<04:24, 10.88it/s]
MRAEA:  10%|█████▎                                               | 321/3200 [00:38<04:32, 10.58it/s]
MRAEA:  10%|█████▎                                               | 323/3200 [00:38<04:37, 10.37it/s]15:56:17 | INFO    | epoch  325/3200 | loss=0.0078
15:56:18 | INFO    |            [filtered] MRR=0.1187 Hit@1=0.0660 Hit@5=0.1342 Hit@10=0.2247 MR=1311.5 n=939
15:56:18 | INFO    |            [multiref] MRR=0.1118 Hit@1=0.0521 Hit@5=0.1335 Hit@10=0.2296 MR=696.9 n=749
15:56:18 | INFO    |            -> new best filtered MRR=0.1187 (saved model_best.pt)

MRAEA:  10%|█████▍                                               | 325/3200 [00:39<07:28,  6.40it/s]
MRAEA:  10%|█████▍                                               | 326/3200 [00:39<07:01,  6.81it/s]
MRAEA:  10%|█████▍                                               | 327/3200 [00:39<06:36,  7.25it/s]
MRAEA:  10%|█████▍                                               | 330/3200 [00:39<04:28, 10.67it/s]
MRAEA:  10%|█████▌                                               | 334/3200 [00:39<02:58, 16.02it/s]
MRAEA:  11%|█████▌                                               | 338/3200 [00:39<02:17, 20.80it/s]
MRAEA:  11%|█████▋                                               | 342/3200 [00:39<01:56, 24.63it/s]
MRAEA:  11%|█████▋                                               | 346/3200 [00:39<01:47, 26.65it/s]15:56:19 | INFO    | epoch  350/3200 | loss=0.0041
15:56:19 | INFO    |            [filtered] MRR=0.1219 Hit@1=0.0682 Hit@5=0.1406 Hit@10=0.2354 MR=1296.1 n=939
15:56:19 | INFO    |            [multiref] MRR=0.1156 Hit@1=0.0547 Hit@5=0.1389 Hit@10=0.2430 MR=687.3 n=749
15:56:19 | INFO    |            -> new best filtered MRR=0.1219 (saved model_best.pt)

MRAEA:  11%|█████▊                                               | 350/3200 [00:40<03:23, 14.00it/s]
MRAEA:  11%|█████▊                                               | 353/3200 [00:40<03:44, 12.67it/s]
MRAEA:  11%|█████▉                                               | 355/3200 [00:40<03:55, 12.09it/s]
MRAEA:  11%|█████▉                                               | 357/3200 [00:41<04:06, 11.51it/s]
MRAEA:  11%|█████▉                                               | 359/3200 [00:41<04:16, 11.07it/s]
MRAEA:  11%|█████▉                                               | 361/3200 [00:41<04:24, 10.74it/s]
MRAEA:  11%|██████                                               | 363/3200 [00:41<04:30, 10.49it/s]
MRAEA:  11%|██████                                               | 365/3200 [00:41<04:34, 10.31it/s]
MRAEA:  11%|██████                                               | 367/3200 [00:42<04:38, 10.19it/s]
MRAEA:  12%|██████                                               | 369/3200 [00:42<04:40, 10.09it/s]
MRAEA:  12%|██████▏                                              | 371/3200 [00:42<04:19, 10.89it/s]15:56:21 | INFO    | epoch  375/3200 | loss=0.0054
15:56:22 | INFO    |            [filtered] MRR=0.1237 Hit@1=0.0682 Hit@5=0.1416 Hit@10=0.2481 MR=1283.8 n=939
15:56:22 | INFO    |            [multiref] MRR=0.1175 Hit@1=0.0547 Hit@5=0.1402 Hit@10=0.2537 MR=678.4 n=749
15:56:22 | INFO    |            -> new best filtered MRR=0.1237 (saved model_best.pt)

MRAEA:  12%|██████▏                                              | 375/3200 [00:42<04:47,  9.82it/s]
MRAEA:  12%|██████▎                                              | 379/3200 [00:43<03:23, 13.89it/s]
MRAEA:  12%|██████▎                                              | 382/3200 [00:43<03:09, 14.85it/s]
MRAEA:  12%|██████▎                                              | 384/3200 [00:43<03:21, 13.97it/s]
MRAEA:  12%|██████▍                                              | 386/3200 [00:43<03:41, 12.69it/s]
MRAEA:  12%|██████▍                                              | 388/3200 [00:43<03:57, 11.83it/s]
MRAEA:  12%|██████▍                                              | 390/3200 [00:43<04:10, 11.24it/s]
MRAEA:  12%|██████▍                                              | 392/3200 [00:44<04:19, 10.83it/s]
MRAEA:  12%|██████▌                                              | 394/3200 [00:44<05:13,  8.94it/s]
MRAEA:  12%|██████▌                                              | 395/3200 [00:44<05:08,  9.08it/s]
MRAEA:  12%|██████▌                                              | 396/3200 [00:44<05:04,  9.22it/s]
MRAEA:  12%|██████▌                                              | 397/3200 [00:44<04:59,  9.36it/s]
MRAEA:  12%|██████▌                                              | 398/3200 [00:44<04:55,  9.49it/s]
MRAEA:  12%|██████▌                                              | 399/3200 [00:45<04:52,  9.58it/s]15:56:24 | INFO    | epoch  400/3200 | loss=0.0040 | bootstrap: +229 mutual pairs (train=3034, pool=520)
15:56:25 | INFO    |            [filtered] MRR=0.1257 Hit@1=0.0682 Hit@5=0.1438 Hit@10=0.2535 MR=1270.2 n=939
15:56:25 | INFO    |            [multiref] MRR=0.1197 Hit@1=0.0547 Hit@5=0.1429 Hit@10=0.2577 MR=670.3 n=749
15:56:25 | INFO    |            -> new best filtered MRR=0.1257 (saved model_best.pt)

MRAEA:  12%|██████▋                                              | 400/3200 [00:45<14:57,  3.12it/s]
MRAEA:  13%|██████▋                                              | 404/3200 [00:46<06:40,  6.98it/s]
MRAEA:  13%|██████▊                                              | 408/3200 [00:46<04:08, 11.22it/s]
MRAEA:  13%|██████▊                                              | 411/3200 [00:46<03:29, 13.32it/s]
MRAEA:  13%|██████▊                                              | 414/3200 [00:46<03:20, 13.92it/s]
MRAEA:  13%|██████▉                                              | 417/3200 [00:46<03:45, 12.32it/s]
MRAEA:  13%|██████▉                                              | 419/3200 [00:46<03:58, 11.66it/s]
MRAEA:  13%|██████▉                                              | 421/3200 [00:47<04:29, 10.30it/s]
MRAEA:  13%|███████                                              | 423/3200 [00:47<04:32, 10.18it/s]15:56:26 | INFO    | epoch  425/3200 | loss=0.0049
15:56:27 | INFO    |            [filtered] MRR=0.1290 Hit@1=0.0692 Hit@5=0.1512 Hit@10=0.2641 MR=1248.3 n=939
15:56:27 | INFO    |            [multiref] MRR=0.1234 Hit@1=0.0561 Hit@5=0.1509 Hit@10=0.2684 MR=656.9 n=749
15:56:27 | INFO    |            -> new best filtered MRR=0.1290 (saved model_best.pt)

MRAEA:  13%|███████                                              | 425/3200 [00:48<07:09,  6.46it/s]
MRAEA:  13%|███████                                              | 426/3200 [00:48<06:44,  6.85it/s]
MRAEA:  13%|███████                                              | 427/3200 [00:48<06:21,  7.27it/s]
MRAEA:  13%|███████                                              | 428/3200 [00:48<05:59,  7.70it/s]
MRAEA:  13%|███████                                              | 429/3200 [00:48<05:41,  8.12it/s]
MRAEA:  13%|███████                                              | 430/3200 [00:48<05:25,  8.50it/s]
MRAEA:  13%|███████▏                                             | 431/3200 [00:48<05:13,  8.83it/s]
MRAEA:  14%|███████▏                                             | 435/3200 [00:48<02:50, 16.20it/s]
MRAEA:  14%|███████▎                                             | 439/3200 [00:48<02:05, 21.98it/s]
MRAEA:  14%|███████▎                                             | 443/3200 [00:49<01:44, 26.32it/s]
MRAEA:  14%|███████▍                                             | 447/3200 [00:49<01:33, 29.43it/s]15:56:28 | INFO    | epoch  450/3200 | loss=0.0054
15:56:28 | INFO    |            [filtered] MRR=0.1343 Hit@1=0.0714 Hit@5=0.1555 Hit@10=0.2694 MR=1211.8 n=939
15:56:28 | INFO    |            [multiref] MRR=0.1293 Hit@1=0.0587 Hit@5=0.1562 Hit@10=0.2750 MR=626.3 n=749
15:56:28 | INFO    |            -> new best filtered MRR=0.1343 (saved model_best.pt)

MRAEA:  14%|███████▍                                             | 451/3200 [00:49<03:19, 13.75it/s]
MRAEA:  14%|███████▌                                             | 454/3200 [00:50<03:39, 12.49it/s]
MRAEA:  14%|███████▌                                             | 456/3200 [00:50<03:51, 11.85it/s]
MRAEA:  14%|███████▌                                             | 458/3200 [00:50<04:01, 11.34it/s]
MRAEA:  14%|███████▌                                             | 460/3200 [00:50<04:10, 10.94it/s]
MRAEA:  14%|███████▋                                             | 462/3200 [00:50<04:17, 10.64it/s]
MRAEA:  14%|███████▋                                             | 464/3200 [00:51<04:22, 10.43it/s]
MRAEA:  15%|███████▋                                             | 466/3200 [00:51<04:26, 10.27it/s]
MRAEA:  15%|███████▊                                             | 468/3200 [00:51<04:29, 10.15it/s]
MRAEA:  15%|███████▊                                             | 470/3200 [00:51<04:31, 10.07it/s]
MRAEA:  15%|███████▊                                             | 472/3200 [00:51<04:32, 10.01it/s]15:56:31 | INFO    | epoch  475/3200 | loss=0.0044
15:56:31 | INFO    |            [filtered] MRR=0.1419 Hit@1=0.0767 Hit@5=0.1683 Hit@10=0.2854 MR=1197.0 n=939
15:56:31 | INFO    |            [multiref] MRR=0.1385 Hit@1=0.0654 Hit@5=0.1722 Hit@10=0.2924 MR=617.3 n=749
15:56:31 | INFO    |            -> new best filtered MRR=0.1419 (saved model_best.pt)

MRAEA:  15%|███████▊                                             | 475/3200 [00:52<05:29,  8.27it/s]
MRAEA:  15%|███████▉                                             | 479/3200 [00:52<03:39, 12.37it/s]
MRAEA:  15%|███████▉                                             | 483/3200 [00:52<03:01, 14.98it/s]
MRAEA:  15%|████████                                             | 486/3200 [00:52<02:42, 16.66it/s]
MRAEA:  15%|████████                                             | 489/3200 [00:53<03:15, 13.88it/s]
MRAEA:  15%|████████▏                                            | 491/3200 [00:53<03:32, 12.76it/s]
MRAEA:  15%|████████▏                                            | 493/3200 [00:53<03:46, 11.93it/s]
MRAEA:  15%|████████▏                                            | 495/3200 [00:53<03:58, 11.33it/s]
MRAEA:  16%|████████▏                                            | 497/3200 [00:53<04:07, 10.90it/s]
MRAEA:  16%|████████▎                                            | 499/3200 [00:54<04:14, 10.60it/s]15:56:33 | INFO    | epoch  500/3200 | loss=0.0043
15:56:33 | INFO    |            [filtered] MRR=0.1462 Hit@1=0.0788 Hit@5=0.1747 Hit@10=0.2950 MR=1156.0 n=939
15:56:33 | INFO    |            [multiref] MRR=0.1439 Hit@1=0.0681 Hit@5=0.1802 Hit@10=0.3044 MR=589.5 n=749
15:56:33 | INFO    |            -> new best filtered MRR=0.1462 (saved model_best.pt)

MRAEA:  16%|████████▎                                            | 501/3200 [00:54<06:57,  6.46it/s]
MRAEA:  16%|████████▎                                            | 502/3200 [00:54<06:33,  6.86it/s]
MRAEA:  16%|████████▎                                            | 503/3200 [00:54<06:10,  7.29it/s]
MRAEA:  16%|████████▎                                            | 504/3200 [00:54<05:48,  7.73it/s]
MRAEA:  16%|████████▍                                            | 508/3200 [00:55<03:23, 13.25it/s]
MRAEA:  16%|████████▍                                            | 512/3200 [00:55<02:24, 18.56it/s]
MRAEA:  16%|████████▌                                            | 516/3200 [00:55<01:56, 23.08it/s]
MRAEA:  16%|████████▌                                            | 520/3200 [00:55<01:40, 26.59it/s]
MRAEA:  16%|████████▋                                            | 524/3200 [00:55<01:30, 29.65it/s]15:56:34 | INFO    | epoch  525/3200 | loss=0.0011
15:56:34 | INFO    |            [filtered] MRR=0.1513 Hit@1=0.0831 Hit@5=0.1864 Hit@10=0.3003 MR=1150.2 n=939
15:56:34 | INFO    |            [multiref] MRR=0.1502 Hit@1=0.0734 Hit@5=0.1949 Hit@10=0.3111 MR=585.2 n=749
15:56:35 | INFO    |            -> new best filtered MRR=0.1513 (saved model_best.pt)

MRAEA:  16%|████████▋                                            | 528/3200 [00:56<03:42, 12.03it/s]
MRAEA:  17%|████████▊                                            | 531/3200 [00:56<03:54, 11.39it/s]
MRAEA:  17%|████████▊                                            | 534/3200 [00:56<04:03, 10.94it/s]
MRAEA:  17%|████████▉                                            | 536/3200 [00:57<04:29,  9.90it/s]
MRAEA:  17%|████████▉                                            | 538/3200 [00:57<04:29,  9.87it/s]
MRAEA:  17%|████████▉                                            | 540/3200 [00:57<04:33,  9.72it/s]
MRAEA:  17%|████████▉                                            | 542/3200 [00:57<04:32,  9.74it/s]
MRAEA:  17%|█████████                                            | 544/3200 [00:57<04:31,  9.78it/s]
MRAEA:  17%|█████████                                            | 546/3200 [00:58<04:30,  9.80it/s]
MRAEA:  17%|█████████                                            | 548/3200 [00:58<04:09, 10.63it/s]15:56:37 | INFO    | epoch  550/3200 | loss=0.0016
15:56:37 | INFO    |            [filtered] MRR=0.1556 Hit@1=0.0873 Hit@5=0.1906 Hit@10=0.3110 MR=1147.1 n=939
15:56:37 | INFO    |            [multiref] MRR=0.1553 Hit@1=0.0788 Hit@5=0.1976 Hit@10=0.3231 MR=583.2 n=749
15:56:38 | INFO    |            -> new best filtered MRR=0.1556 (saved model_best.pt)

MRAEA:  17%|█████████                                            | 550/3200 [00:58<05:33,  7.94it/s]
MRAEA:  17%|█████████▏                                           | 554/3200 [00:58<03:33, 12.37it/s]
MRAEA:  17%|█████████▏                                           | 557/3200 [00:58<03:08, 14.00it/s]
MRAEA:  17%|█████████▎                                           | 559/3200 [00:59<02:56, 14.95it/s]
MRAEA:  18%|█████████▎                                           | 561/3200 [00:59<03:19, 13.23it/s]
MRAEA:  18%|█████████▎                                           | 563/3200 [00:59<03:37, 12.13it/s]
MRAEA:  18%|█████████▎                                           | 565/3200 [00:59<03:52, 11.33it/s]
MRAEA:  18%|█████████▍                                           | 567/3200 [00:59<04:01, 10.89it/s]
MRAEA:  18%|█████████▍                                           | 569/3200 [01:00<04:08, 10.58it/s]
MRAEA:  18%|█████████▍                                           | 571/3200 [01:00<04:13, 10.36it/s]
MRAEA:  18%|█████████▍                                           | 573/3200 [01:00<04:48,  9.09it/s]15:56:40 | INFO    | epoch  575/3200 | loss=0.0034
15:56:40 | INFO    |            [filtered] MRR=0.1606 Hit@1=0.0895 Hit@5=0.1970 Hit@10=0.3237 MR=1140.2 n=939
15:56:40 | INFO    |            [multiref] MRR=0.1614 Hit@1=0.0814 Hit@5=0.2056 Hit@10=0.3405 MR=580.6 n=749
15:56:40 | INFO    |            -> new best filtered MRR=0.1606 (saved model_best.pt)

MRAEA:  18%|█████████▌                                           | 575/3200 [01:01<07:12,  6.06it/s]
MRAEA:  18%|█████████▌                                           | 576/3200 [01:01<06:43,  6.50it/s]
MRAEA:  18%|█████████▌                                           | 577/3200 [01:01<06:16,  6.97it/s]
MRAEA:  18%|█████████▌                                           | 581/3200 [01:01<03:40, 11.90it/s]
MRAEA:  18%|█████████▋                                           | 585/3200 [01:01<02:34, 16.88it/s]
MRAEA:  18%|█████████▊                                           | 589/3200 [01:01<02:02, 21.36it/s]
MRAEA:  19%|█████████▊                                           | 593/3200 [01:01<01:43, 25.15it/s]
MRAEA:  19%|█████████▉                                           | 597/3200 [01:01<01:31, 28.45it/s]15:56:41 | INFO    | epoch  600/3200 | loss=0.0059
15:56:41 | INFO    |            [filtered] MRR=0.1656 Hit@1=0.0927 Hit@5=0.2130 Hit@10=0.3291 MR=1121.3 n=939
15:56:41 | INFO    |            [multiref] MRR=0.1675 Hit@1=0.0854 Hit@5=0.2243 Hit@10=0.3458 MR=568.0 n=749
15:56:41 | INFO    |            -> new best filtered MRR=0.1656 (saved model_best.pt)

MRAEA:  19%|█████████▉                                           | 601/3200 [01:02<02:51, 15.19it/s]
MRAEA:  19%|██████████                                           | 604/3200 [01:02<03:14, 13.34it/s]
MRAEA:  19%|██████████                                           | 607/3200 [01:03<03:32, 12.18it/s]
MRAEA:  19%|██████████                                           | 609/3200 [01:03<03:42, 11.63it/s]
MRAEA:  19%|██████████                                           | 611/3200 [01:03<03:51, 11.18it/s]
MRAEA:  19%|██████████▏                                          | 613/3200 [01:03<03:58, 10.83it/s]
MRAEA:  19%|██████████▏                                          | 615/3200 [01:03<04:04, 10.56it/s]
MRAEA:  19%|██████████▏                                          | 617/3200 [01:04<04:09, 10.37it/s]
MRAEA:  19%|██████████▎                                          | 619/3200 [01:04<04:12, 10.22it/s]
MRAEA:  19%|██████████▎                                          | 621/3200 [01:04<04:14, 10.12it/s]
MRAEA:  19%|██████████▎                                          | 623/3200 [01:04<03:51, 11.12it/s]15:56:43 | INFO    | epoch  625/3200 | loss=0.0023
15:56:44 | INFO    |            [filtered] MRR=0.1707 Hit@1=0.0958 Hit@5=0.2258 Hit@10=0.3323 MR=1067.4 n=939
15:56:44 | INFO    |            [multiref] MRR=0.1739 Hit@1=0.0895 Hit@5=0.2403 Hit@10=0.3498 MR=539.4 n=749
15:56:44 | INFO    |            -> new best filtered MRR=0.1707 (saved model_best.pt)

MRAEA:  20%|██████████▎                                          | 625/3200 [01:05<05:15,  8.16it/s]
MRAEA:  20%|██████████▍                                          | 629/3200 [01:05<03:22, 12.69it/s]
MRAEA:  20%|██████████▍                                          | 633/3200 [01:05<02:46, 15.43it/s]
MRAEA:  20%|██████████▌                                          | 636/3200 [01:05<02:26, 17.50it/s]
MRAEA:  20%|██████████▌                                          | 639/3200 [01:05<03:00, 14.23it/s]
MRAEA:  20%|██████████▌                                          | 641/3200 [01:05<03:17, 12.96it/s]
MRAEA:  20%|██████████▋                                          | 643/3200 [01:06<03:32, 12.06it/s]
MRAEA:  20%|██████████▋                                          | 645/3200 [01:06<03:43, 11.41it/s]
MRAEA:  20%|██████████▋                                          | 647/3200 [01:06<03:53, 10.95it/s]
MRAEA:  20%|██████████▋                                          | 649/3200 [01:06<04:00, 10.63it/s]15:56:46 | INFO    | epoch  650/3200 | loss=0.0055
15:56:46 | INFO    |            [filtered] MRR=0.1766 Hit@1=0.1001 Hit@5=0.2290 Hit@10=0.3472 MR=1062.9 n=939
15:56:46 | INFO    |            [multiref] MRR=0.1812 Hit@1=0.0948 Hit@5=0.2443 Hit@10=0.3685 MR=538.1 n=749
15:56:46 | INFO    |            -> new best filtered MRR=0.1766 (saved model_best.pt)

MRAEA:  20%|██████████▊                                          | 651/3200 [01:07<06:25,  6.61it/s]
MRAEA:  20%|██████████▊                                          | 652/3200 [01:07<06:04,  7.00it/s]
MRAEA:  20%|██████████▊                                          | 653/3200 [01:07<05:43,  7.41it/s]
MRAEA:  20%|██████████▊                                          | 654/3200 [01:07<05:24,  7.84it/s]
MRAEA:  20%|██████████▊                                          | 655/3200 [01:07<05:08,  8.24it/s]
MRAEA:  21%|██████████▉                                          | 659/3200 [01:07<02:52, 14.70it/s]
MRAEA:  21%|██████████▉                                          | 663/3200 [01:07<02:05, 20.27it/s]
MRAEA:  21%|███████████                                          | 667/3200 [01:08<01:42, 24.74it/s]
MRAEA:  21%|███████████                                          | 671/3200 [01:08<01:29, 28.15it/s]15:56:47 | INFO    | epoch  675/3200 | loss=0.0028
15:56:47 | INFO    |            [filtered] MRR=0.1859 Hit@1=0.1086 Hit@5=0.2417 Hit@10=0.3589 MR=1058.6 n=939
15:56:47 | INFO    |            [multiref] MRR=0.1927 Hit@1=0.1055 Hit@5=0.2603 Hit@10=0.3832 MR=536.3 n=749
15:56:47 | INFO    |            -> new best filtered MRR=0.1859 (saved model_best.pt)

MRAEA:  21%|███████████▏                                         | 675/3200 [01:08<02:55, 14.37it/s]
MRAEA:  21%|███████████▏                                         | 678/3200 [01:08<03:16, 12.84it/s]
MRAEA:  21%|███████████▎                                         | 680/3200 [01:09<03:28, 12.11it/s]
MRAEA:  21%|███████████▎                                         | 682/3200 [01:09<03:38, 11.52it/s]
MRAEA:  21%|███████████▎                                         | 684/3200 [01:09<03:47, 11.08it/s]
MRAEA:  21%|███████████▎                                         | 686/3200 [01:09<03:53, 10.74it/s]
MRAEA:  22%|███████████▍                                         | 688/3200 [01:10<03:59, 10.49it/s]
MRAEA:  22%|███████████▍                                         | 690/3200 [01:10<04:03, 10.32it/s]
MRAEA:  22%|███████████▍                                         | 692/3200 [01:10<04:06, 10.19it/s]
MRAEA:  22%|███████████▍                                         | 694/3200 [01:10<04:07, 10.11it/s]
MRAEA:  22%|███████████▌                                         | 698/3200 [01:10<02:47, 14.98it/s]15:56:50 | INFO    | epoch  700/3200 | loss=0.0022
15:56:50 | INFO    |            [filtered] MRR=0.1974 Hit@1=0.1182 Hit@5=0.2556 Hit@10=0.3738 MR=1044.7 n=939
15:56:50 | INFO    |            [multiref] MRR=0.2061 Hit@1=0.1175 Hit@5=0.2777 Hit@10=0.4019 MR=517.9 n=749
15:56:50 | INFO    |            -> new best filtered MRR=0.1974 (saved model_best.pt)

MRAEA:  22%|███████████▌                                         | 700/3200 [01:11<04:09, 10.03it/s]
MRAEA:  22%|███████████▋                                         | 704/3200 [01:11<03:08, 13.21it/s]
MRAEA:  22%|███████████▋                                         | 707/3200 [01:11<02:44, 15.17it/s]
MRAEA:  22%|███████████▋                                         | 709/3200 [01:11<03:05, 13.46it/s]
MRAEA:  22%|███████████▊                                         | 711/3200 [01:11<03:21, 12.33it/s]
MRAEA:  22%|███████████▊                                         | 713/3200 [01:12<03:34, 11.61it/s]
MRAEA:  22%|███████████▊                                         | 715/3200 [01:12<03:44, 11.08it/s]
MRAEA:  22%|███████████▉                                         | 717/3200 [01:12<03:51, 10.72it/s]
MRAEA:  22%|███████████▉                                         | 719/3200 [01:12<03:57, 10.46it/s]
MRAEA:  23%|███████████▉                                         | 721/3200 [01:12<04:01, 10.28it/s]
MRAEA:  23%|███████████▉                                         | 723/3200 [01:13<04:03, 10.16it/s]15:56:52 | INFO    | epoch  725/3200 | loss=0.0009
15:56:52 | INFO    |            [filtered] MRR=0.2049 Hit@1=0.1225 Hit@5=0.2662 Hit@10=0.3887 MR=1040.0 n=939
15:56:52 | INFO    |            [multiref] MRR=0.2152 Hit@1=0.1228 Hit@5=0.2911 Hit@10=0.4192 MR=515.8 n=749
15:56:52 | INFO    |            -> new best filtered MRR=0.2049 (saved model_best.pt)

MRAEA:  23%|████████████                                         | 725/3200 [01:13<06:28,  6.37it/s]
MRAEA:  23%|████████████                                         | 728/3200 [01:13<04:36,  8.95it/s]
MRAEA:  23%|████████████                                         | 732/3200 [01:13<03:06, 13.22it/s]
MRAEA:  23%|████████████▏                                        | 736/3200 [01:13<02:20, 17.50it/s]
MRAEA:  23%|████████████▎                                        | 740/3200 [01:14<01:55, 21.38it/s]
MRAEA:  23%|████████████▎                                        | 744/3200 [01:14<01:38, 25.05it/s]
MRAEA:  23%|████████████▍                                        | 748/3200 [01:14<01:26, 28.21it/s]15:56:53 | INFO    | epoch  750/3200 | loss=0.0039
15:56:53 | INFO    |            [filtered] MRR=0.2112 Hit@1=0.1267 Hit@5=0.2758 Hit@10=0.4004 MR=1031.7 n=939
15:56:53 | INFO    |            [multiref] MRR=0.2230 Hit@1=0.1282 Hit@5=0.3031 Hit@10=0.4352 MR=510.1 n=749
15:56:54 | INFO    |            -> new best filtered MRR=0.2112 (saved model_best.pt)

MRAEA:  24%|████████████▍                                        | 752/3200 [01:14<03:12, 12.72it/s]
MRAEA:  24%|████████████▌                                        | 755/3200 [01:15<03:26, 11.85it/s]
MRAEA:  24%|████████████▌                                        | 758/3200 [01:15<03:37, 11.25it/s]
MRAEA:  24%|████████████▌                                        | 760/3200 [01:15<03:42, 10.94it/s]
MRAEA:  24%|████████████▌                                        | 762/3200 [01:16<03:48, 10.68it/s]
MRAEA:  24%|████████████▋                                        | 764/3200 [01:16<03:52, 10.47it/s]
MRAEA:  24%|████████████▋                                        | 766/3200 [01:16<03:56, 10.31it/s]
MRAEA:  24%|████████████▋                                        | 768/3200 [01:16<03:58, 10.19it/s]
MRAEA:  24%|████████████▊                                        | 770/3200 [01:16<04:00, 10.10it/s]
MRAEA:  24%|████████████▊                                        | 774/3200 [01:16<02:46, 14.55it/s]15:56:56 | INFO    | epoch  775/3200 | loss=0.0035
15:56:56 | INFO    |            [filtered] MRR=0.2200 Hit@1=0.1363 Hit@5=0.2812 Hit@10=0.4153 MR=992.0 n=939
15:56:56 | INFO    |            [multiref] MRR=0.2340 Hit@1=0.1402 Hit@5=0.3084 Hit@10=0.4539 MR=494.4 n=749
15:56:56 | INFO    |            -> new best filtered MRR=0.2200 (saved model_best.pt)

MRAEA:  24%|████████████▊                                        | 776/3200 [01:17<04:04,  9.91it/s]
MRAEA:  24%|████████████▉                                        | 780/3200 [01:17<02:50, 14.18it/s]
MRAEA:  24%|████████████▉                                        | 783/3200 [01:17<02:43, 14.82it/s]
MRAEA:  25%|█████████████                                        | 785/3200 [01:17<03:02, 13.27it/s]
MRAEA:  25%|█████████████                                        | 787/3200 [01:18<03:16, 12.25it/s]
MRAEA:  25%|█████████████                                        | 789/3200 [01:18<03:29, 11.53it/s]
MRAEA:  25%|█████████████                                        | 791/3200 [01:18<03:38, 11.03it/s]
MRAEA:  25%|█████████████▏                                       | 793/3200 [01:18<03:45, 10.68it/s]
MRAEA:  25%|█████████████▏                                       | 795/3200 [01:18<03:50, 10.44it/s]
MRAEA:  25%|█████████████▏                                       | 797/3200 [01:19<03:54, 10.27it/s]
MRAEA:  25%|█████████████▏                                       | 799/3200 [01:19<03:56, 10.15it/s]15:56:58 | INFO    | epoch  800/3200 | loss=0.0045 | bootstrap: +33 mutual pairs (train=3067, pool=487)
15:56:58 | INFO    |            [filtered] MRR=0.2209 Hit@1=0.1342 Hit@5=0.2897 Hit@10=0.4356 MR=975.3 n=939
15:56:58 | INFO    |            [multiref] MRR=0.2349 Hit@1=0.1375 Hit@5=0.3191 Hit@10=0.4766 MR=489.0 n=749
15:56:59 | INFO    |            -> new best filtered MRR=0.2209 (saved model_best.pt)

MRAEA:  25%|█████████████▎                                       | 801/3200 [01:19<06:38,  6.01it/s]
MRAEA:  25%|█████████████▎                                       | 805/3200 [01:20<04:06,  9.70it/s]
MRAEA:  25%|█████████████▍                                       | 809/3200 [01:20<02:54, 13.72it/s]
MRAEA:  25%|█████████████▍                                       | 813/3200 [01:20<02:14, 17.80it/s]
MRAEA:  26%|█████████████▌                                       | 817/3200 [01:20<01:50, 21.60it/s]
MRAEA:  26%|█████████████▌                                       | 821/3200 [01:20<01:34, 25.18it/s]15:56:59 | INFO    | epoch  825/3200 | loss=0.0021
15:57:00 | INFO    |            [filtered] MRR=0.2281 Hit@1=0.1374 Hit@5=0.2982 Hit@10=0.4430 MR=837.0 n=939
15:57:00 | INFO    |            [multiref] MRR=0.2431 Hit@1=0.1402 Hit@5=0.3298 Hit@10=0.4846 MR=424.4 n=749
15:57:00 | INFO    |            -> new best filtered MRR=0.2281 (saved model_best.pt)

MRAEA:  26%|█████████████▋                                       | 825/3200 [01:20<02:46, 14.27it/s]
MRAEA:  26%|█████████████▋                                       | 828/3200 [01:21<03:05, 12.81it/s]
MRAEA:  26%|█████████████▊                                       | 831/3200 [01:21<03:19, 11.87it/s]
MRAEA:  26%|█████████████▊                                       | 833/3200 [01:21<03:27, 11.40it/s]
MRAEA:  26%|█████████████▊                                       | 835/3200 [01:21<03:34, 11.02it/s]
MRAEA:  26%|█████████████▊                                       | 837/3200 [01:22<03:40, 10.72it/s]
MRAEA:  26%|█████████████▉                                       | 839/3200 [01:22<03:45, 10.49it/s]
MRAEA:  26%|█████████████▉                                       | 841/3200 [01:22<03:48, 10.32it/s]
MRAEA:  26%|█████████████▉                                       | 843/3200 [01:22<03:51, 10.18it/s]
MRAEA:  26%|█████████████▉                                       | 845/3200 [01:23<03:53, 10.10it/s]
MRAEA:  27%|██████████████                                       | 849/3200 [01:23<02:42, 14.50it/s]15:57:02 | INFO    | epoch  850/3200 | loss=0.0024
15:57:02 | INFO    |            [filtered] MRR=0.2351 Hit@1=0.1438 Hit@5=0.3078 Hit@10=0.4569 MR=818.4 n=939
15:57:02 | INFO    |            [multiref] MRR=0.2524 Hit@1=0.1495 Hit@5=0.3418 Hit@10=0.5020 MR=404.0 n=749
15:57:02 | INFO    |            -> new best filtered MRR=0.2351 (saved model_best.pt)

MRAEA:  27%|██████████████                                       | 851/3200 [01:23<03:53, 10.06it/s]
MRAEA:  27%|██████████████▏                                      | 855/3200 [01:23<02:42, 14.41it/s]
MRAEA:  27%|██████████████▏                                      | 858/3200 [01:23<02:27, 15.88it/s]
MRAEA:  27%|██████████████▎                                      | 861/3200 [01:24<02:48, 13.88it/s]
MRAEA:  27%|██████████████▎                                      | 863/3200 [01:24<03:03, 12.72it/s]
MRAEA:  27%|██████████████▎                                      | 865/3200 [01:24<03:16, 11.88it/s]
MRAEA:  27%|██████████████▎                                      | 867/3200 [01:24<03:26, 11.27it/s]
MRAEA:  27%|██████████████▍                                      | 869/3200 [01:24<03:34, 10.86it/s]
MRAEA:  27%|██████████████▍                                      | 871/3200 [01:25<03:40, 10.55it/s]
MRAEA:  27%|██████████████▍                                      | 873/3200 [01:25<03:44, 10.35it/s]15:57:04 | INFO    | epoch  875/3200 | loss=0.0016
15:57:04 | INFO    |            [filtered] MRR=0.2413 Hit@1=0.1502 Hit@5=0.3099 Hit@10=0.4633 MR=810.5 n=939
15:57:04 | INFO    |            [multiref] MRR=0.2598 Hit@1=0.1575 Hit@5=0.3445 Hit@10=0.5060 MR=395.0 n=749
15:57:05 | INFO    |            -> new best filtered MRR=0.2413 (saved model_best.pt)

MRAEA:  27%|██████████████▍                                      | 875/3200 [01:25<06:00,  6.45it/s]
MRAEA:  27%|██████████████▌                                      | 876/3200 [01:25<05:39,  6.85it/s]
MRAEA:  27%|██████████████▌                                      | 877/3200 [01:26<05:18,  7.29it/s]
MRAEA:  27%|██████████████▌                                      | 879/3200 [01:26<04:06,  9.40it/s]
MRAEA:  28%|██████████████▌                                      | 883/3200 [01:26<02:32, 15.15it/s]
MRAEA:  28%|██████████████▋                                      | 887/3200 [01:26<01:54, 20.21it/s]
MRAEA:  28%|██████████████▊                                      | 891/3200 [01:26<01:34, 24.32it/s]
MRAEA:  28%|██████████████▊                                      | 895/3200 [01:26<01:23, 27.70it/s]
MRAEA:  28%|██████████████▉                                      | 899/3200 [01:26<01:15, 30.50it/s]15:57:06 | INFO    | epoch  900/3200 | loss=0.0010
15:57:06 | INFO    |            [filtered] MRR=0.2494 Hit@1=0.1555 Hit@5=0.3280 Hit@10=0.4718 MR=778.0 n=939
15:57:06 | INFO    |            [multiref] MRR=0.2698 Hit@1=0.1642 Hit@5=0.3658 Hit@10=0.5167 MR=386.9 n=749
15:57:06 | INFO    |            -> new best filtered MRR=0.2494 (saved model_best.pt)

MRAEA:  28%|██████████████▉                                      | 903/3200 [01:27<02:58, 12.89it/s]
MRAEA:  28%|███████████████                                      | 906/3200 [01:27<03:11, 11.95it/s]
MRAEA:  28%|███████████████                                      | 909/3200 [01:28<03:22, 11.32it/s]
MRAEA:  28%|███████████████                                      | 911/3200 [01:28<03:28, 10.99it/s]
MRAEA:  29%|███████████████                                      | 913/3200 [01:28<03:33, 10.72it/s]
MRAEA:  29%|███████████████▏                                     | 915/3200 [01:28<03:37, 10.50it/s]
MRAEA:  29%|███████████████▏                                     | 917/3200 [01:28<03:40, 10.33it/s]
MRAEA:  29%|███████████████▏                                     | 919/3200 [01:29<03:43, 10.21it/s]
MRAEA:  29%|███████████████▎                                     | 921/3200 [01:29<03:45, 10.11it/s]
MRAEA:  29%|███████████████▎                                     | 923/3200 [01:29<03:29, 10.89it/s]15:57:08 | INFO    | epoch  925/3200 | loss=0.0023
15:57:08 | INFO    |            [filtered] MRR=0.2630 Hit@1=0.1693 Hit@5=0.3440 Hit@10=0.4878 MR=770.4 n=939
15:57:08 | INFO    |            [multiref] MRR=0.2865 Hit@1=0.1816 Hit@5=0.3872 Hit@10=0.5340 MR=390.8 n=749
15:57:09 | INFO    |            -> new best filtered MRR=0.2630 (saved model_best.pt)

MRAEA:  29%|███████████████▎                                     | 925/3200 [01:29<04:39,  8.14it/s]
MRAEA:  29%|███████████████▍                                     | 929/3200 [01:29<02:59, 12.63it/s]
MRAEA:  29%|███████████████▍                                     | 933/3200 [01:30<02:30, 15.06it/s]
MRAEA:  29%|███████████████▌                                     | 936/3200 [01:30<02:23, 15.79it/s]
MRAEA:  29%|███████████████▌                                     | 938/3200 [01:30<02:42, 13.95it/s]
MRAEA:  29%|███████████████▌                                     | 940/3200 [01:30<02:57, 12.70it/s]
MRAEA:  29%|███████████████▌                                     | 942/3200 [01:30<03:10, 11.84it/s]
MRAEA:  30%|███████████████▋                                     | 944/3200 [01:31<03:20, 11.24it/s]
MRAEA:  30%|███████████████▋                                     | 946/3200 [01:31<03:28, 10.83it/s]
MRAEA:  30%|███████████████▋                                     | 948/3200 [01:31<03:33, 10.55it/s]15:57:10 | INFO    | epoch  950/3200 | loss=0.0027
15:57:11 | INFO    |            [filtered] MRR=0.2734 Hit@1=0.1789 Hit@5=0.3568 Hit@10=0.5059 MR=760.6 n=939
15:57:11 | INFO    |            [multiref] MRR=0.2985 Hit@1=0.1923 Hit@5=0.4019 Hit@10=0.5554 MR=387.1 n=749
15:57:11 | INFO    |            -> new best filtered MRR=0.2734 (saved model_best.pt)

MRAEA:  30%|███████████████▋                                     | 950/3200 [01:32<05:47,  6.48it/s]
MRAEA:  30%|███████████████▊                                     | 951/3200 [01:32<05:26,  6.90it/s]
MRAEA:  30%|███████████████▊                                     | 952/3200 [01:32<05:06,  7.33it/s]
MRAEA:  30%|███████████████▊                                     | 954/3200 [01:32<04:32,  8.25it/s]
MRAEA:  30%|███████████████▊                                     | 958/3200 [01:32<02:50, 13.15it/s]
MRAEA:  30%|███████████████▉                                     | 962/3200 [01:32<02:03, 18.11it/s]
MRAEA:  30%|███████████████▉                                     | 966/3200 [01:32<01:39, 22.46it/s]
MRAEA:  30%|████████████████                                     | 970/3200 [01:32<01:25, 26.03it/s]
MRAEA:  30%|████████████████▏                                    | 974/3200 [01:32<01:16, 29.17it/s]15:57:12 | INFO    | epoch  975/3200 | loss=0.0041
15:57:12 | INFO    |            [filtered] MRR=0.2828 Hit@1=0.1896 Hit@5=0.3632 Hit@10=0.5112 MR=752.8 n=939
15:57:12 | INFO    |            [multiref] MRR=0.3095 Hit@1=0.2043 Hit@5=0.4099 Hit@10=0.5621 MR=386.4 n=749
15:57:12 | INFO    |            -> new best filtered MRR=0.2828 (saved model_best.pt)

MRAEA:  31%|████████████████▏                                    | 978/3200 [01:33<03:08, 11.78it/s]
MRAEA:  31%|████████████████▏                                    | 981/3200 [01:34<03:17, 11.23it/s]
MRAEA:  31%|████████████████▎                                    | 984/3200 [01:34<03:24, 10.83it/s]
MRAEA:  31%|████████████████▎                                    | 986/3200 [01:34<03:28, 10.62it/s]
MRAEA:  31%|████████████████▎                                    | 988/3200 [01:34<03:31, 10.44it/s]
MRAEA:  31%|████████████████▍                                    | 990/3200 [01:34<03:34, 10.30it/s]
MRAEA:  31%|████████████████▍                                    | 992/3200 [01:35<03:36, 10.19it/s]
MRAEA:  31%|████████████████▍                                    | 994/3200 [01:35<03:38, 10.10it/s]
MRAEA:  31%|████████████████▌                                    | 998/3200 [01:35<02:31, 14.57it/s]15:57:14 | INFO    | epoch 1000/3200 | loss=0.0007
15:57:14 | INFO    |            [filtered] MRR=0.2878 Hit@1=0.1917 Hit@5=0.3663 Hit@10=0.5144 MR=742.6 n=939
15:57:14 | INFO    |            [multiref] MRR=0.3151 Hit@1=0.2069 Hit@5=0.4126 Hit@10=0.5674 MR=370.5 n=749
15:57:15 | INFO    |            -> new best filtered MRR=0.2878 (saved model_best.pt)

MRAEA:  31%|████████████████▎                                   | 1000/3200 [01:35<03:35, 10.20it/s]
MRAEA:  31%|████████████████▎                                   | 1004/3200 [01:35<02:31, 14.45it/s]
MRAEA:  31%|████████████████▎                                   | 1007/3200 [01:36<02:20, 15.62it/s]
MRAEA:  32%|████████████████▍                                   | 1010/3200 [01:36<02:40, 13.63it/s]
MRAEA:  32%|████████████████▍                                   | 1012/3200 [01:36<02:54, 12.57it/s]
MRAEA:  32%|████████████████▍                                   | 1014/3200 [01:36<03:05, 11.79it/s]
MRAEA:  32%|████████████████▌                                   | 1016/3200 [01:37<03:14, 11.23it/s]
MRAEA:  32%|████████████████▌                                   | 1018/3200 [01:37<03:21, 10.84it/s]
MRAEA:  32%|████████████████▌                                   | 1020/3200 [01:37<03:26, 10.55it/s]
MRAEA:  32%|████████████████▌                                   | 1022/3200 [01:37<03:30, 10.35it/s]
MRAEA:  32%|████████████████▋                                   | 1024/3200 [01:37<03:33, 10.21it/s]15:57:17 | INFO    | epoch 1025/3200 | loss=0.0011
15:57:17 | INFO    |            [filtered] MRR=0.2994 Hit@1=0.2077 Hit@5=0.3813 Hit@10=0.5261 MR=723.0 n=939
15:57:17 | INFO    |            [multiref] MRR=0.3294 Hit@1=0.2270 Hit@5=0.4312 Hit@10=0.5781 MR=364.9 n=749
15:57:17 | INFO    |            -> new best filtered MRR=0.2994 (saved model_best.pt)

MRAEA:  32%|████████████████▋                                   | 1026/3200 [01:38<05:40,  6.38it/s]
MRAEA:  32%|████████████████▋                                   | 1029/3200 [01:38<04:01,  9.00it/s]
MRAEA:  32%|████████████████▊                                   | 1033/3200 [01:38<02:43, 13.27it/s]
MRAEA:  32%|████████████████▊                                   | 1037/3200 [01:38<02:03, 17.56it/s]
MRAEA:  33%|████████████████▉                                   | 1041/3200 [01:38<01:40, 21.46it/s]
MRAEA:  33%|████████████████▉                                   | 1045/3200 [01:38<01:25, 25.11it/s]
MRAEA:  33%|█████████████████                                   | 1049/3200 [01:39<01:16, 28.25it/s]15:57:18 | INFO    | epoch 1050/3200 | loss=0.0015
15:57:18 | INFO    |            [filtered] MRR=0.3116 Hit@1=0.2130 Hit@5=0.3919 Hit@10=0.5485 MR=710.3 n=939
15:57:18 | INFO    |            [multiref] MRR=0.3412 Hit@1=0.2323 Hit@5=0.4379 Hit@10=0.5941 MR=350.5 n=749
15:57:18 | INFO    |            -> new best filtered MRR=0.3116 (saved model_best.pt)

MRAEA:  33%|█████████████████                                   | 1053/3200 [01:39<02:48, 12.73it/s]
MRAEA:  33%|█████████████████▏                                  | 1056/3200 [01:40<03:00, 11.86it/s]
MRAEA:  33%|█████████████████▏                                  | 1059/3200 [01:40<03:10, 11.26it/s]
MRAEA:  33%|█████████████████▏                                  | 1061/3200 [01:40<03:15, 10.96it/s]
MRAEA:  33%|█████████████████▎                                  | 1063/3200 [01:40<03:19, 10.69it/s]
MRAEA:  33%|█████████████████▎                                  | 1065/3200 [01:40<03:23, 10.49it/s]
MRAEA:  33%|█████████████████▎                                  | 1067/3200 [01:41<03:26, 10.32it/s]
MRAEA:  33%|█████████████████▎                                  | 1069/3200 [01:41<03:29, 10.19it/s]
MRAEA:  33%|█████████████████▍                                  | 1071/3200 [01:41<03:30, 10.11it/s]
MRAEA:  34%|█████████████████▍                                  | 1074/3200 [01:41<02:44, 12.92it/s]15:57:21 | INFO    | epoch 1075/3200 | loss=0.0023
15:57:21 | INFO    |            [filtered] MRR=0.3184 Hit@1=0.2183 Hit@5=0.4068 Hit@10=0.5634 MR=706.4 n=939
15:57:21 | INFO    |            [multiref] MRR=0.3498 Hit@1=0.2403 Hit@5=0.4553 Hit@10=0.6048 MR=349.7 n=749
15:57:21 | INFO    |            -> new best filtered MRR=0.3184 (saved model_best.pt)

MRAEA:  34%|█████████████████▍                                  | 1076/3200 [01:42<03:51,  9.18it/s]
MRAEA:  34%|█████████████████▌                                  | 1079/3200 [01:42<02:58, 11.86it/s]
MRAEA:  34%|█████████████████▌                                  | 1081/3200 [01:42<03:08, 11.24it/s]
MRAEA:  34%|█████████████████▌                                  | 1083/3200 [01:42<03:15, 10.83it/s]
MRAEA:  34%|█████████████████▋                                  | 1085/3200 [01:42<03:20, 10.55it/s]
MRAEA:  34%|█████████████████▋                                  | 1087/3200 [01:43<03:31,  9.99it/s]
MRAEA:  34%|█████████████████▋                                  | 1089/3200 [01:43<03:32,  9.94it/s]
MRAEA:  34%|█████████████████▋                                  | 1091/3200 [01:43<03:32,  9.92it/s]
MRAEA:  34%|█████████████████▊                                  | 1093/3200 [01:43<03:32,  9.91it/s]
MRAEA:  34%|█████████████████▊                                  | 1095/3200 [01:43<03:32,  9.89it/s]
MRAEA:  34%|█████████████████▊                                  | 1097/3200 [01:44<03:32,  9.89it/s]
MRAEA:  34%|█████████████████▊                                  | 1099/3200 [01:44<03:32,  9.88it/s]15:57:23 | INFO    | epoch 1100/3200 | loss=0.0019
15:57:23 | INFO    |            [filtered] MRR=0.3277 Hit@1=0.2258 Hit@5=0.4239 Hit@10=0.5751 MR=700.8 n=939
15:57:23 | INFO    |            [multiref] MRR=0.3604 Hit@1=0.2497 Hit@5=0.4726 Hit@10=0.6262 MR=343.6 n=749
15:57:24 | INFO    |            -> new best filtered MRR=0.3277 (saved model_best.pt)

MRAEA:  34%|█████████████████▉                                  | 1100/3200 [01:44<06:02,  5.79it/s]
MRAEA:  34%|█████████████████▉                                  | 1104/3200 [01:44<03:28, 10.03it/s]
MRAEA:  35%|██████████████████                                  | 1108/3200 [01:45<02:26, 14.31it/s]
MRAEA:  35%|██████████████████                                  | 1112/3200 [01:45<01:51, 18.70it/s]
MRAEA:  35%|██████████████████                                  | 1115/3200 [01:45<02:11, 15.84it/s]
MRAEA:  35%|██████████████████▏                                 | 1118/3200 [01:45<02:34, 13.48it/s]
MRAEA:  35%|██████████████████▏                                 | 1120/3200 [01:45<02:46, 12.50it/s]
MRAEA:  35%|██████████████████▏                                 | 1122/3200 [01:46<02:56, 11.76it/s]
MRAEA:  35%|██████████████████▎                                 | 1124/3200 [01:46<03:04, 11.22it/s]15:57:25 | INFO    | epoch 1125/3200 | loss=0.0012
15:57:25 | INFO    |            [filtered] MRR=0.3380 Hit@1=0.2375 Hit@5=0.4377 Hit@10=0.5932 MR=694.0 n=939
15:57:25 | INFO    |            [multiref] MRR=0.3725 Hit@1=0.2644 Hit@5=0.4873 Hit@10=0.6435 MR=339.0 n=749
15:57:26 | INFO    |            -> new best filtered MRR=0.3380 (saved model_best.pt)

MRAEA:  35%|██████████████████▎                                 | 1126/3200 [01:46<04:56,  7.00it/s]
MRAEA:  35%|██████████████████▎                                 | 1128/3200 [01:47<04:32,  7.61it/s]
MRAEA:  35%|██████████████████▎                                 | 1129/3200 [01:47<04:22,  7.90it/s]
MRAEA:  35%|██████████████████▎                                 | 1130/3200 [01:47<04:12,  8.21it/s]
MRAEA:  35%|██████████████████▍                                 | 1131/3200 [01:47<04:02,  8.52it/s]
MRAEA:  35%|██████████████████▍                                 | 1132/3200 [01:47<03:54,  8.81it/s]
MRAEA:  36%|██████████████████▍                                 | 1136/3200 [01:47<02:13, 15.44it/s]
MRAEA:  36%|██████████████████▌                                 | 1140/3200 [01:47<01:38, 21.00it/s]
MRAEA:  36%|██████████████████▌                                 | 1144/3200 [01:47<01:20, 25.39it/s]
MRAEA:  36%|██████████████████▋                                 | 1148/3200 [01:47<01:11, 28.59it/s]15:57:27 | INFO    | epoch 1150/3200 | loss=0.0000
15:57:27 | INFO    |            [filtered] MRR=0.3473 Hit@1=0.2449 Hit@5=0.4473 Hit@10=0.6017 MR=683.3 n=939
15:57:27 | INFO    |            [multiref] MRR=0.3828 Hit@1=0.2737 Hit@5=0.4993 Hit@10=0.6542 MR=334.8 n=749
15:57:27 | INFO    |            -> new best filtered MRR=0.3473 (saved model_best.pt)

MRAEA:  36%|██████████████████▋                                 | 1152/3200 [01:48<02:44, 12.47it/s]
MRAEA:  36%|██████████████████▊                                 | 1155/3200 [01:48<02:55, 11.65it/s]
MRAEA:  36%|██████████████████▊                                 | 1157/3200 [01:49<03:01, 11.26it/s]
MRAEA:  36%|██████████████████▊                                 | 1159/3200 [01:49<03:07, 10.90it/s]
MRAEA:  36%|██████████████████▊                                 | 1161/3200 [01:49<03:11, 10.63it/s]
MRAEA:  36%|██████████████████▉                                 | 1163/3200 [01:49<03:15, 10.42it/s]
MRAEA:  36%|██████████████████▉                                 | 1165/3200 [01:49<03:19, 10.22it/s]
MRAEA:  36%|██████████████████▉                                 | 1167/3200 [01:50<03:20, 10.12it/s]
MRAEA:  37%|██████████████████▉                                 | 1169/3200 [01:50<03:22, 10.04it/s]
MRAEA:  37%|███████████████████                                 | 1171/3200 [01:50<03:22, 10.00it/s]
MRAEA:  37%|███████████████████                                 | 1173/3200 [01:50<03:23,  9.95it/s]15:57:30 | INFO    | epoch 1175/3200 | loss=0.0000
15:57:30 | INFO    |            [filtered] MRR=0.3528 Hit@1=0.2492 Hit@5=0.4590 Hit@10=0.6081 MR=682.6 n=939
15:57:30 | INFO    |            [multiref] MRR=0.3889 Hit@1=0.2777 Hit@5=0.5073 Hit@10=0.6609 MR=333.8 n=749
15:57:30 | INFO    |            -> new best filtered MRR=0.3528 (saved model_best.pt)

MRAEA:  37%|███████████████████                                 | 1175/3200 [01:51<04:29,  7.53it/s]
MRAEA:  37%|███████████████████▏                                | 1179/3200 [01:51<02:50, 11.87it/s]
MRAEA:  37%|███████████████████▏                                | 1183/3200 [01:51<02:04, 16.24it/s]
MRAEA:  37%|███████████████████▎                                | 1186/3200 [01:51<01:55, 17.41it/s]
MRAEA:  37%|███████████████████▎                                | 1189/3200 [01:51<02:13, 15.08it/s]
MRAEA:  37%|███████████████████▎                                | 1191/3200 [01:51<02:28, 13.51it/s]
MRAEA:  37%|███████████████████▍                                | 1193/3200 [01:52<02:41, 12.42it/s]
MRAEA:  37%|███████████████████▍                                | 1195/3200 [01:52<02:52, 11.65it/s]
MRAEA:  37%|███████████████████▍                                | 1197/3200 [01:52<03:00, 11.11it/s]
MRAEA:  37%|███████████████████▍                                | 1199/3200 [01:52<03:06, 10.74it/s]15:57:32 | INFO    | epoch 1200/3200 | loss=0.0020 | bootstrap: +13 mutual pairs (train=3080, pool=474)
15:57:32 | INFO    |            [filtered] MRR=0.3640 Hit@1=0.2599 Hit@5=0.4707 Hit@10=0.6241 MR=685.8 n=939
15:57:32 | INFO    |            [multiref] MRR=0.4008 Hit@1=0.2884 Hit@5=0.5194 Hit@10=0.6756 MR=335.1 n=749
15:57:32 | INFO    |            -> new best filtered MRR=0.3640 (saved model_best.pt)

MRAEA:  38%|███████████████████▌                                | 1201/3200 [01:53<05:17,  6.29it/s]
MRAEA:  38%|███████████████████▌                                | 1202/3200 [01:53<04:58,  6.70it/s]
MRAEA:  38%|███████████████████▌                                | 1203/3200 [01:53<04:39,  7.14it/s]
MRAEA:  38%|███████████████████▌                                | 1204/3200 [01:53<04:22,  7.60it/s]
MRAEA:  38%|███████████████████▌                                | 1205/3200 [01:53<04:08,  8.04it/s]
MRAEA:  38%|███████████████████▋                                | 1209/3200 [01:53<02:18, 14.38it/s]
MRAEA:  38%|███████████████████▋                                | 1213/3200 [01:54<01:39, 19.94it/s]
MRAEA:  38%|███████████████████▊                                | 1217/3200 [01:54<01:21, 24.44it/s]
MRAEA:  38%|███████████████████▊                                | 1221/3200 [01:54<01:11, 27.78it/s]15:57:33 | INFO    | epoch 1225/3200 | loss=0.0006
15:57:33 | INFO    |            [filtered] MRR=0.3767 Hit@1=0.2737 Hit@5=0.4835 Hit@10=0.6358 MR=638.8 n=939
15:57:33 | INFO    |            [multiref] MRR=0.4171 Hit@1=0.3057 Hit@5=0.5327 Hit@10=0.6983 MR=304.0 n=749
15:57:34 | INFO    |            -> new best filtered MRR=0.3767 (saved model_best.pt)

MRAEA:  38%|███████████████████▉                                | 1225/3200 [01:54<02:14, 14.63it/s]
MRAEA:  38%|███████████████████▉                                | 1228/3200 [01:55<02:31, 13.01it/s]
MRAEA:  38%|███████████████████▉                                | 1230/3200 [01:55<02:41, 12.23it/s]
MRAEA:  38%|████████████████████                                | 1232/3200 [01:55<02:49, 11.60it/s]
MRAEA:  39%|████████████████████                                | 1234/3200 [01:55<02:56, 11.13it/s]
MRAEA:  39%|████████████████████                                | 1236/3200 [01:55<03:02, 10.78it/s]
MRAEA:  39%|████████████████████                                | 1238/3200 [01:56<03:06, 10.52it/s]
MRAEA:  39%|████████████████████▏                               | 1240/3200 [01:56<03:09, 10.33it/s]
MRAEA:  39%|████████████████████▏                               | 1242/3200 [01:56<03:12, 10.19it/s]
MRAEA:  39%|████████████████████▏                               | 1244/3200 [01:56<03:13, 10.10it/s]
MRAEA:  39%|████████████████████▏                               | 1246/3200 [01:56<03:14, 10.03it/s]
MRAEA:  39%|████████████████████▎                               | 1248/3200 [01:57<03:15,  9.98it/s]15:57:36 | INFO    | epoch 1250/3200 | loss=0.0022
15:57:36 | INFO    |            [filtered] MRR=0.3941 Hit@1=0.2918 Hit@5=0.4963 Hit@10=0.6432 MR=602.4 n=939
15:57:36 | INFO    |            [multiref] MRR=0.4324 Hit@1=0.3218 Hit@5=0.5461 Hit@10=0.7049 MR=285.9 n=749
15:57:36 | INFO    |            -> new best filtered MRR=0.3941 (saved model_best.pt)

MRAEA:  39%|████████████████████▎                               | 1250/3200 [01:57<04:16,  7.62it/s]
MRAEA:  39%|████████████████████▍                               | 1254/3200 [01:57<02:41, 12.03it/s]
MRAEA:  39%|████████████████████▍                               | 1258/3200 [01:57<01:57, 16.48it/s]
MRAEA:  39%|████████████████████▍                               | 1261/3200 [01:57<02:00, 16.05it/s]
MRAEA:  40%|████████████████████▌                               | 1264/3200 [01:58<02:23, 13.50it/s]
MRAEA:  40%|████████████████████▌                               | 1266/3200 [01:58<02:34, 12.49it/s]
MRAEA:  40%|████████████████████▌                               | 1268/3200 [01:58<02:44, 11.74it/s]
MRAEA:  40%|████████████████████▋                               | 1270/3200 [01:58<02:52, 11.20it/s]
MRAEA:  40%|████████████████████▋                               | 1272/3200 [01:59<02:58, 10.81it/s]
MRAEA:  40%|████████████████████▋                               | 1274/3200 [01:59<03:02, 10.53it/s]15:57:38 | INFO    | epoch 1275/3200 | loss=0.0002
15:57:38 | INFO    |            [filtered] MRR=0.4046 Hit@1=0.3046 Hit@5=0.5059 Hit@10=0.6539 MR=593.4 n=939
15:57:38 | INFO    |            [multiref] MRR=0.4425 Hit@1=0.3338 Hit@5=0.5554 Hit@10=0.7116 MR=284.0 n=749
15:57:39 | INFO    |            -> new best filtered MRR=0.4046 (saved model_best.pt)

MRAEA:  40%|████████████████████▋                               | 1276/3200 [01:59<04:52,  6.57it/s]
MRAEA:  40%|████████████████████▊                               | 1277/3200 [01:59<04:36,  6.96it/s]
MRAEA:  40%|████████████████████▊                               | 1278/3200 [02:00<04:20,  7.38it/s]
MRAEA:  40%|████████████████████▊                               | 1279/3200 [02:00<04:05,  7.81it/s]
MRAEA:  40%|████████████████████▊                               | 1280/3200 [02:00<03:53,  8.23it/s]
MRAEA:  40%|████████████████████▊                               | 1284/3200 [02:00<02:09, 14.79it/s]
MRAEA:  40%|████████████████████▉                               | 1288/3200 [02:00<01:33, 20.37it/s]
MRAEA:  40%|████████████████████▉                               | 1292/3200 [02:00<01:16, 24.84it/s]
MRAEA:  40%|█████████████████████                               | 1296/3200 [02:00<01:07, 28.17it/s]15:57:40 | INFO    | epoch 1300/3200 | loss=0.0006
15:57:40 | INFO    |            [filtered] MRR=0.4136 Hit@1=0.3142 Hit@5=0.5186 Hit@10=0.6603 MR=581.3 n=939
15:57:40 | INFO    |            [multiref] MRR=0.4526 Hit@1=0.3445 Hit@5=0.5661 Hit@10=0.7196 MR=281.9 n=749
15:57:40 | INFO    |            -> new best filtered MRR=0.4136 (saved model_best.pt)

MRAEA:  41%|█████████████████████▏                              | 1300/3200 [02:01<02:09, 14.65it/s]
MRAEA:  41%|█████████████████████▏                              | 1303/3200 [02:01<02:25, 13.01it/s]
MRAEA:  41%|█████████████████████▏                              | 1305/3200 [02:01<02:35, 12.22it/s]
MRAEA:  41%|█████████████████████▏                              | 1307/3200 [02:01<02:43, 11.60it/s]
MRAEA:  41%|█████████████████████▎                              | 1309/3200 [02:02<02:49, 11.13it/s]
MRAEA:  41%|█████████████████████▎                              | 1311/3200 [02:02<02:55, 10.77it/s]
MRAEA:  41%|█████████████████████▎                              | 1313/3200 [02:02<02:59, 10.51it/s]
MRAEA:  41%|█████████████████████▎                              | 1315/3200 [02:02<03:02, 10.33it/s]
MRAEA:  41%|█████████████████████▍                              | 1317/3200 [02:02<03:04, 10.19it/s]
MRAEA:  41%|█████████████████████▍                              | 1319/3200 [02:03<03:06, 10.10it/s]
MRAEA:  41%|█████████████████████▍                              | 1321/3200 [02:03<03:11,  9.80it/s]
MRAEA:  41%|█████████████████████▍                              | 1323/3200 [02:03<02:47, 11.24it/s]15:57:42 | INFO    | epoch 1325/3200 | loss=0.0006
15:57:42 | INFO    |            [filtered] MRR=0.4178 Hit@1=0.3174 Hit@5=0.5240 Hit@10=0.6688 MR=464.8 n=939
15:57:42 | INFO    |            [multiref] MRR=0.4580 Hit@1=0.3485 Hit@5=0.5741 Hit@10=0.7290 MR=255.8 n=749
15:57:43 | INFO    |            -> new best filtered MRR=0.4178 (saved model_best.pt)

MRAEA:  41%|█████████████████████▌                              | 1325/3200 [02:03<03:45,  8.31it/s]
MRAEA:  42%|█████████████████████▌                              | 1329/3200 [02:03<02:24, 12.95it/s]
MRAEA:  42%|█████████████████████▋                              | 1331/3200 [02:04<02:28, 12.57it/s]
MRAEA:  42%|█████████████████████▋                              | 1333/3200 [02:04<02:39, 11.72it/s]
MRAEA:  42%|█████████████████████▋                              | 1335/3200 [02:04<02:47, 11.16it/s]
MRAEA:  42%|█████████████████████▋                              | 1337/3200 [02:04<02:53, 10.77it/s]
MRAEA:  42%|█████████████████████▊                              | 1339/3200 [02:04<02:57, 10.50it/s]
MRAEA:  42%|█████████████████████▊                              | 1341/3200 [02:05<03:00, 10.30it/s]
MRAEA:  42%|█████████████████████▊                              | 1343/3200 [02:05<03:02, 10.18it/s]
MRAEA:  42%|█████████████████████▊                              | 1345/3200 [02:05<03:03, 10.08it/s]
MRAEA:  42%|█████████████████████▉                              | 1347/3200 [02:05<03:04, 10.02it/s]
MRAEA:  42%|█████████████████████▉                              | 1349/3200 [02:05<03:05,  9.98it/s]15:57:45 | INFO    | epoch 1350/3200 | loss=0.0005
15:57:45 | INFO    |            [filtered] MRR=0.4252 Hit@1=0.3280 Hit@5=0.5240 Hit@10=0.6688 MR=466.3 n=939
15:57:45 | INFO    |            [multiref] MRR=0.4664 Hit@1=0.3605 Hit@5=0.5741 Hit@10=0.7303 MR=261.0 n=749
15:57:45 | INFO    |            -> new best filtered MRR=0.4252 (saved model_best.pt)

MRAEA:  42%|█████████████████████▉                              | 1351/3200 [02:06<04:37,  6.67it/s]
MRAEA:  42%|██████████████████████                              | 1355/3200 [02:06<02:52, 10.73it/s]
MRAEA:  42%|██████████████████████                              | 1359/3200 [02:06<02:03, 14.91it/s]
MRAEA:  43%|██████████████████████▏                             | 1363/3200 [02:06<01:36, 19.05it/s]
MRAEA:  43%|██████████████████████▏                             | 1367/3200 [02:06<01:19, 22.98it/s]
MRAEA:  43%|██████████████████████▎                             | 1371/3200 [02:07<01:17, 23.47it/s]
MRAEA:  43%|██████████████████████▎                             | 1374/3200 [02:07<01:29, 20.30it/s]15:57:46 | INFO    | epoch 1375/3200 | loss=0.0014
15:57:46 | INFO    |            [filtered] MRR=0.4339 Hit@1=0.3387 Hit@5=0.5314 Hit@10=0.6763 MR=469.6 n=939
15:57:46 | INFO    |            [multiref] MRR=0.4737 Hit@1=0.3698 Hit@5=0.5781 Hit@10=0.7356 MR=263.3 n=749
15:57:47 | INFO    |            -> new best filtered MRR=0.4339 (saved model_best.pt)

MRAEA:  43%|██████████████████████▍                             | 1377/3200 [02:08<03:02,  9.97it/s]
MRAEA:  43%|██████████████████████▍                             | 1379/3200 [02:08<03:03,  9.95it/s]
MRAEA:  43%|██████████████████████▍                             | 1381/3200 [02:08<03:03,  9.93it/s]
MRAEA:  43%|██████████████████████▍                             | 1383/3200 [02:08<03:03,  9.91it/s]
MRAEA:  43%|██████████████████████▌                             | 1385/3200 [02:08<03:03,  9.90it/s]
MRAEA:  43%|██████████████████████▌                             | 1387/3200 [02:09<03:03,  9.89it/s]
MRAEA:  43%|██████████████████████▌                             | 1389/3200 [02:09<03:03,  9.88it/s]
MRAEA:  43%|██████████████████████▌                             | 1391/3200 [02:09<03:03,  9.87it/s]
MRAEA:  44%|██████████████████████▋                             | 1394/3200 [02:09<02:17, 13.13it/s]
MRAEA:  44%|██████████████████████▋                             | 1398/3200 [02:09<01:39, 18.04it/s]15:57:49 | INFO    | epoch 1400/3200 | loss=0.0026
15:57:49 | INFO    |            [filtered] MRR=0.4390 Hit@1=0.3419 Hit@5=0.5421 Hit@10=0.6837 MR=468.2 n=939
15:57:49 | INFO    |            [multiref] MRR=0.4790 Hit@1=0.3725 Hit@5=0.5901 Hit@10=0.7437 MR=260.5 n=749
15:57:49 | INFO    |            -> new best filtered MRR=0.4390 (saved model_best.pt)

MRAEA:  44%|██████████████████████▊                             | 1401/3200 [02:10<02:27, 12.23it/s]
MRAEA:  44%|██████████████████████▊                             | 1403/3200 [02:10<02:18, 12.93it/s]
MRAEA:  44%|██████████████████████▊                             | 1406/3200 [02:10<02:12, 13.55it/s]
MRAEA:  44%|██████████████████████▉                             | 1408/3200 [02:10<02:24, 12.43it/s]
MRAEA:  44%|██████████████████████▉                             | 1410/3200 [02:10<02:33, 11.66it/s]
MRAEA:  44%|██████████████████████▉                             | 1412/3200 [02:10<02:40, 11.12it/s]
MRAEA:  44%|██████████████████████▉                             | 1414/3200 [02:11<02:46, 10.75it/s]
MRAEA:  44%|███████████████████████                             | 1416/3200 [02:11<02:53, 10.31it/s]
MRAEA:  44%|███████████████████████                             | 1418/3200 [02:11<02:58,  9.99it/s]
MRAEA:  44%|███████████████████████                             | 1420/3200 [02:11<02:58,  9.96it/s]
MRAEA:  44%|███████████████████████                             | 1422/3200 [02:12<02:58,  9.93it/s]
MRAEA:  44%|███████████████████████▏                            | 1424/3200 [02:12<02:59,  9.91it/s]15:57:51 | INFO    | epoch 1425/3200 | loss=0.0007
15:57:51 | INFO    |            [filtered] MRR=0.4428 Hit@1=0.3450 Hit@5=0.5506 Hit@10=0.6890 MR=468.4 n=939
15:57:51 | INFO    |            [multiref] MRR=0.4833 Hit@1=0.3765 Hit@5=0.5981 Hit@10=0.7503 MR=258.8 n=749
15:57:52 | INFO    |            -> new best filtered MRR=0.4428 (saved model_best.pt)

MRAEA:  45%|███████████████████████▏                            | 1426/3200 [02:12<04:25,  6.67it/s]
MRAEA:  45%|███████████████████████▏                            | 1430/3200 [02:12<02:45, 10.73it/s]
MRAEA:  45%|███████████████████████▎                            | 1434/3200 [02:12<01:58, 14.92it/s]
MRAEA:  45%|███████████████████████▎                            | 1438/3200 [02:13<01:32, 19.06it/s]
MRAEA:  45%|███████████████████████▍                            | 1442/3200 [02:13<01:16, 23.01it/s]
MRAEA:  45%|███████████████████████▍                            | 1446/3200 [02:13<01:16, 22.79it/s]
MRAEA:  45%|███████████████████████▌                            | 1449/3200 [02:13<01:27, 20.11it/s]15:57:52 | INFO    | epoch 1450/3200 | loss=0.0007
15:57:53 | INFO    |            [filtered] MRR=0.4493 Hit@1=0.3514 Hit@5=0.5570 Hit@10=0.6997 MR=469.8 n=939
15:57:53 | INFO    |            [multiref] MRR=0.4914 Hit@1=0.3845 Hit@5=0.6061 Hit@10=0.7583 MR=260.2 n=749
15:57:53 | INFO    |            -> new best filtered MRR=0.4493 (saved model_best.pt)

MRAEA:  45%|███████████████████████▌                            | 1452/3200 [02:14<02:55,  9.96it/s]
MRAEA:  45%|███████████████████████▋                            | 1454/3200 [02:14<02:55,  9.93it/s]
MRAEA:  46%|███████████████████████▋                            | 1456/3200 [02:14<02:55,  9.92it/s]
MRAEA:  46%|███████████████████████▋                            | 1458/3200 [02:14<02:55,  9.91it/s]
MRAEA:  46%|███████████████████████▋                            | 1460/3200 [02:15<02:55,  9.89it/s]
MRAEA:  46%|███████████████████████▊                            | 1462/3200 [02:15<02:55,  9.89it/s]
MRAEA:  46%|███████████████████████▊                            | 1464/3200 [02:15<02:55,  9.88it/s]
MRAEA:  46%|███████████████████████▊                            | 1466/3200 [02:15<02:55,  9.88it/s]
MRAEA:  46%|███████████████████████▊                            | 1469/3200 [02:15<02:13, 12.98it/s]
MRAEA:  46%|███████████████████████▉                            | 1473/3200 [02:15<01:36, 17.91it/s]15:57:55 | INFO    | epoch 1475/3200 | loss=0.0001
15:57:55 | INFO    |            [filtered] MRR=0.4555 Hit@1=0.3568 Hit@5=0.5708 Hit@10=0.7050 MR=492.4 n=939
15:57:55 | INFO    |            [multiref] MRR=0.4984 Hit@1=0.3912 Hit@5=0.6182 Hit@10=0.7664 MR=266.9 n=749
15:57:55 | INFO    |            -> new best filtered MRR=0.4555 (saved model_best.pt)

MRAEA:  46%|███████████████████████▉                            | 1476/3200 [02:16<02:39, 10.84it/s]
MRAEA:  46%|████████████████████████                            | 1478/3200 [02:16<02:42, 10.60it/s]
MRAEA:  46%|████████████████████████                            | 1480/3200 [02:16<02:45, 10.41it/s]
MRAEA:  46%|████████████████████████                            | 1482/3200 [02:17<02:47, 10.26it/s]
MRAEA:  46%|████████████████████████                            | 1484/3200 [02:17<02:49, 10.15it/s]
MRAEA:  46%|████████████████████████▏                           | 1486/3200 [02:17<02:50, 10.07it/s]
MRAEA:  46%|████████████████████████▏                           | 1488/3200 [02:17<02:50, 10.01it/s]
MRAEA:  47%|████████████████████████▏                           | 1490/3200 [02:17<02:51,  9.97it/s]
MRAEA:  47%|████████████████████████▏                           | 1492/3200 [02:18<02:51,  9.94it/s]
MRAEA:  47%|████████████████████████▎                           | 1494/3200 [02:18<02:52,  9.92it/s]
MRAEA:  47%|████████████████████████▎                           | 1496/3200 [02:18<02:52,  9.91it/s]
MRAEA:  47%|████████████████████████▎                           | 1498/3200 [02:18<02:52,  9.89it/s]15:57:58 | INFO    | epoch 1500/3200 | loss=0.0008
15:57:58 | INFO    |            [filtered] MRR=0.4687 Hit@1=0.3717 Hit@5=0.5804 Hit@10=0.7061 MR=454.5 n=939
15:57:58 | INFO    |            [multiref] MRR=0.5109 Hit@1=0.4045 Hit@5=0.6275 Hit@10=0.7690 MR=259.9 n=749
15:57:58 | INFO    |            -> new best filtered MRR=0.4687 (saved model_best.pt)

MRAEA:  47%|████████████████████████▍                           | 1500/3200 [02:19<04:14,  6.69it/s]
MRAEA:  47%|████████████████████████▍                           | 1504/3200 [02:19<02:37, 10.78it/s]
MRAEA:  47%|████████████████████████▍                           | 1506/3200 [02:19<02:34, 10.96it/s]
MRAEA:  47%|████████████████████████▌                           | 1508/3200 [02:19<02:38, 10.64it/s]
MRAEA:  47%|████████████████████████▌                           | 1510/3200 [02:19<02:42, 10.42it/s]
MRAEA:  47%|████████████████████████▌                           | 1512/3200 [02:20<02:44, 10.26it/s]
MRAEA:  47%|████████████████████████▌                           | 1514/3200 [02:20<02:46, 10.14it/s]
MRAEA:  47%|████████████████████████▋                           | 1516/3200 [02:20<02:49,  9.95it/s]
MRAEA:  47%|████████████████████████▋                           | 1518/3200 [02:20<02:48,  9.97it/s]
MRAEA:  48%|████████████████████████▋                           | 1520/3200 [02:20<02:49,  9.94it/s]
MRAEA:  48%|████████████████████████▋                           | 1522/3200 [02:21<02:49,  9.92it/s]
MRAEA:  48%|████████████████████████▊                           | 1524/3200 [02:21<02:49,  9.90it/s]15:58:00 | INFO    | epoch 1525/3200 | loss=0.0022
15:58:00 | INFO    |            [filtered] MRR=0.4762 Hit@1=0.3813 Hit@5=0.5857 Hit@10=0.7146 MR=447.3 n=939
15:58:00 | INFO    |            [multiref] MRR=0.5185 Hit@1=0.4152 Hit@5=0.6328 Hit@10=0.7797 MR=266.4 n=749
15:58:01 | INFO    |            -> new best filtered MRR=0.4762 (saved model_best.pt)

MRAEA:  48%|████████████████████████▊                           | 1526/3200 [02:21<04:09,  6.70it/s]
MRAEA:  48%|████████████████████████▊                           | 1530/3200 [02:21<02:35, 10.77it/s]
MRAEA:  48%|████████████████████████▉                           | 1534/3200 [02:22<01:51, 14.97it/s]
MRAEA:  48%|████████████████████████▉                           | 1538/3200 [02:22<01:26, 19.12it/s]
MRAEA:  48%|█████████████████████████                           | 1542/3200 [02:22<01:17, 21.52it/s]
MRAEA:  48%|█████████████████████████                           | 1545/3200 [02:22<01:41, 16.36it/s]
MRAEA:  48%|█████████████████████████▏                          | 1548/3200 [02:22<01:59, 13.84it/s]15:58:02 | INFO    | epoch 1550/3200 | loss=0.0010
15:58:02 | INFO    |            [filtered] MRR=0.4834 Hit@1=0.3855 Hit@5=0.5996 Hit@10=0.7220 MR=452.9 n=939
15:58:02 | INFO    |            [multiref] MRR=0.5258 Hit@1=0.4192 Hit@5=0.6475 Hit@10=0.7891 MR=267.3 n=749
15:58:02 | INFO    |            -> new best filtered MRR=0.4834 (saved model_best.pt)

MRAEA:  48%|█████████████████████████▏                          | 1550/3200 [02:23<03:16,  8.38it/s]
MRAEA:  48%|█████████████████████████▏                          | 1552/3200 [02:23<03:09,  8.69it/s]
MRAEA:  49%|█████████████████████████▎                          | 1554/3200 [02:23<03:03,  8.96it/s]
MRAEA:  49%|█████████████████████████▎                          | 1556/3200 [02:24<02:59,  9.17it/s]
MRAEA:  49%|█████████████████████████▎                          | 1558/3200 [02:24<02:55,  9.35it/s]
MRAEA:  49%|█████████████████████████▎                          | 1560/3200 [02:24<02:52,  9.49it/s]
MRAEA:  49%|█████████████████████████▍                          | 1562/3200 [02:24<02:34, 10.57it/s]
MRAEA:  49%|█████████████████████████▍                          | 1566/3200 [02:24<01:44, 15.62it/s]
MRAEA:  49%|█████████████████████████▌                          | 1570/3200 [02:24<01:20, 20.23it/s]
MRAEA:  49%|█████████████████████████▌                          | 1574/3200 [02:24<01:07, 24.14it/s]15:58:04 | INFO    | epoch 1575/3200 | loss=0.0004
15:58:04 | INFO    |            [filtered] MRR=0.4936 Hit@1=0.4004 Hit@5=0.6049 Hit@10=0.7242 MR=456.8 n=939
15:58:04 | INFO    |            [multiref] MRR=0.5385 Hit@1=0.4379 Hit@5=0.6542 Hit@10=0.7917 MR=268.9 n=749
15:58:04 | INFO    |            -> new best filtered MRR=0.4936 (saved model_best.pt)

MRAEA:  49%|█████████████████████████▋                          | 1577/3200 [02:25<02:19, 11.62it/s]
MRAEA:  49%|█████████████████████████▋                          | 1580/3200 [02:25<02:26, 11.06it/s]
MRAEA:  49%|█████████████████████████▋                          | 1582/3200 [02:26<02:29, 10.79it/s]
MRAEA:  50%|█████████████████████████▋                          | 1584/3200 [02:26<02:33, 10.56it/s]
MRAEA:  50%|█████████████████████████▊                          | 1586/3200 [02:26<02:35, 10.38it/s]
MRAEA:  50%|█████████████████████████▊                          | 1588/3200 [02:26<02:37, 10.24it/s]
MRAEA:  50%|█████████████████████████▊                          | 1590/3200 [02:26<02:38, 10.14it/s]
MRAEA:  50%|█████████████████████████▊                          | 1592/3200 [02:27<02:39, 10.06it/s]
MRAEA:  50%|█████████████████████████▉                          | 1594/3200 [02:27<02:40, 10.00it/s]
MRAEA:  50%|█████████████████████████▉                          | 1596/3200 [02:27<02:40,  9.97it/s]
MRAEA:  50%|█████████████████████████▉                          | 1598/3200 [02:27<02:22, 11.22it/s]15:58:06 | INFO    | epoch 1600/3200 | loss=0.0009 | bootstrap: +6 mutual pairs (train=3086, pool=468)
15:58:07 | INFO    |            [filtered] MRR=0.4994 Hit@1=0.4079 Hit@5=0.6070 Hit@10=0.7306 MR=448.1 n=939
15:58:07 | INFO    |            [multiref] MRR=0.5444 Hit@1=0.4446 Hit@5=0.6542 Hit@10=0.7971 MR=264.6 n=749
15:58:07 | INFO    |            -> new best filtered MRR=0.4994 (saved model_best.pt)

MRAEA:  50%|██████████████████████████                          | 1600/3200 [02:28<03:18,  8.08it/s]
MRAEA:  50%|██████████████████████████                          | 1604/3200 [02:28<02:06, 12.63it/s]
MRAEA:  50%|██████████████████████████▏                         | 1608/3200 [02:28<01:41, 15.61it/s]
MRAEA:  50%|██████████████████████████▏                         | 1611/3200 [02:28<01:31, 17.43it/s]
MRAEA:  50%|██████████████████████████▏                         | 1614/3200 [02:28<01:52, 14.12it/s]
MRAEA:  50%|██████████████████████████▎                         | 1616/3200 [02:28<02:02, 12.89it/s]
MRAEA:  51%|██████████████████████████▎                         | 1618/3200 [02:29<02:11, 12.01it/s]
MRAEA:  51%|██████████████████████████▎                         | 1620/3200 [02:29<02:18, 11.38it/s]
MRAEA:  51%|██████████████████████████▎                         | 1622/3200 [02:29<02:24, 10.93it/s]
MRAEA:  51%|██████████████████████████▍                         | 1624/3200 [02:29<02:28, 10.62it/s]15:58:09 | INFO    | epoch 1625/3200 | loss=0.0011
15:58:09 | INFO    |            [filtered] MRR=0.5028 Hit@1=0.4089 Hit@5=0.6145 Hit@10=0.7359 MR=413.1 n=939
15:58:09 | INFO    |            [multiref] MRR=0.5481 Hit@1=0.4459 Hit@5=0.6649 Hit@10=0.8024 MR=232.7 n=749
15:58:09 | INFO    |            -> new best filtered MRR=0.5028 (saved model_best.pt)

MRAEA:  51%|██████████████████████████▍                         | 1626/3200 [02:30<03:59,  6.56it/s]
MRAEA:  51%|██████████████████████████▍                         | 1627/3200 [02:30<03:46,  6.95it/s]
MRAEA:  51%|██████████████████████████▍                         | 1628/3200 [02:30<03:33,  7.37it/s]
MRAEA:  51%|██████████████████████████▍                         | 1629/3200 [02:30<03:21,  7.79it/s]
MRAEA:  51%|██████████████████████████▌                         | 1632/3200 [02:30<02:15, 11.57it/s]
MRAEA:  51%|██████████████████████████▌                         | 1636/3200 [02:30<01:30, 17.28it/s]
MRAEA:  51%|██████████████████████████▋                         | 1640/3200 [02:30<01:10, 22.13it/s]
MRAEA:  51%|██████████████████████████▋                         | 1644/3200 [02:31<01:00, 25.82it/s]
MRAEA:  52%|██████████████████████████▊                         | 1648/3200 [02:31<00:53, 29.06it/s]15:58:10 | INFO    | epoch 1650/3200 | loss=0.0021
15:58:10 | INFO    |            [filtered] MRR=0.5126 Hit@1=0.4196 Hit@5=0.6219 Hit@10=0.7391 MR=402.5 n=939
15:58:10 | INFO    |            [multiref] MRR=0.5594 Hit@1=0.4593 Hit@5=0.6756 Hit@10=0.8064 MR=223.3 n=749
15:58:10 | INFO    |            -> new best filtered MRR=0.5126 (saved model_best.pt)

MRAEA:  52%|██████████████████████████▊                         | 1652/3200 [02:31<02:01, 12.73it/s]
MRAEA:  52%|██████████████████████████▉                         | 1655/3200 [02:32<02:10, 11.83it/s]
MRAEA:  52%|██████████████████████████▉                         | 1657/3200 [02:32<02:15, 11.38it/s]
MRAEA:  52%|██████████████████████████▉                         | 1659/3200 [02:32<02:20, 11.00it/s]
MRAEA:  52%|██████████████████████████▉                         | 1661/3200 [02:32<02:23, 10.71it/s]
MRAEA:  52%|███████████████████████████                         | 1663/3200 [02:32<02:26, 10.48it/s]
MRAEA:  52%|███████████████████████████                         | 1665/3200 [02:33<02:28, 10.31it/s]
MRAEA:  52%|███████████████████████████                         | 1667/3200 [02:33<02:30, 10.18it/s]
MRAEA:  52%|███████████████████████████                         | 1669/3200 [02:33<02:31, 10.09it/s]
MRAEA:  52%|███████████████████████████▏                        | 1671/3200 [02:33<02:32, 10.03it/s]
MRAEA:  52%|███████████████████████████▏                        | 1673/3200 [02:33<02:19, 10.91it/s]15:58:13 | INFO    | epoch 1675/3200 | loss=0.0040
15:58:13 | INFO    |            [filtered] MRR=0.5218 Hit@1=0.4324 Hit@5=0.6305 Hit@10=0.7444 MR=397.5 n=939
15:58:13 | INFO    |            [multiref] MRR=0.5682 Hit@1=0.4726 Hit@5=0.6836 Hit@10=0.8131 MR=221.8 n=749
15:58:13 | INFO    |            -> new best filtered MRR=0.5218 (saved model_best.pt)

MRAEA:  52%|███████████████████████████▏                        | 1675/3200 [02:34<03:11,  7.97it/s]
MRAEA:  52%|███████████████████████████▎                        | 1679/3200 [02:34<02:01, 12.48it/s]
MRAEA:  53%|███████████████████████████▎                        | 1682/3200 [02:34<01:48, 14.03it/s]
MRAEA:  53%|███████████████████████████▍                        | 1685/3200 [02:34<01:45, 14.33it/s]
MRAEA:  53%|███████████████████████████▍                        | 1687/3200 [02:35<01:56, 12.95it/s]
MRAEA:  53%|███████████████████████████▍                        | 1689/3200 [02:35<02:05, 12.01it/s]
MRAEA:  53%|███████████████████████████▍                        | 1691/3200 [02:35<02:11, 11.46it/s]
MRAEA:  53%|███████████████████████████▌                        | 1693/3200 [02:35<02:17, 11.00it/s]
MRAEA:  53%|███████████████████████████▌                        | 1695/3200 [02:35<02:21, 10.65it/s]
MRAEA:  53%|███████████████████████████▌                        | 1697/3200 [02:36<02:24, 10.41it/s]
MRAEA:  53%|███████████████████████████▌                        | 1699/3200 [02:36<02:26, 10.25it/s]15:58:15 | INFO    | epoch 1700/3200 | loss=0.0015
15:58:15 | INFO    |            [filtered] MRR=0.5249 Hit@1=0.4324 Hit@5=0.6422 Hit@10=0.7476 MR=397.6 n=939
15:58:15 | INFO    |            [multiref] MRR=0.5697 Hit@1=0.4700 Hit@5=0.6943 Hit@10=0.8171 MR=216.9 n=749
15:58:16 | INFO    |            -> new best filtered MRR=0.5249 (saved model_best.pt)

MRAEA:  53%|███████████████████████████▋                        | 1701/3200 [02:36<03:54,  6.38it/s]
MRAEA:  53%|███████████████████████████▋                        | 1702/3200 [02:36<03:40,  6.80it/s]
MRAEA:  53%|███████████████████████████▋                        | 1704/3200 [02:37<02:59,  8.32it/s]
MRAEA:  53%|███████████████████████████▊                        | 1708/3200 [02:37<01:51, 13.39it/s]
MRAEA:  54%|███████████████████████████▊                        | 1712/3200 [02:37<01:21, 18.19it/s]
MRAEA:  54%|███████████████████████████▉                        | 1716/3200 [02:37<01:06, 22.43it/s]
MRAEA:  54%|███████████████████████████▉                        | 1720/3200 [02:37<00:56, 26.07it/s]
MRAEA:  54%|████████████████████████████                        | 1724/3200 [02:37<00:50, 29.18it/s]15:58:16 | INFO    | epoch 1725/3200 | loss=0.0008
15:58:17 | INFO    |            [filtered] MRR=0.5335 Hit@1=0.4430 Hit@5=0.6486 Hit@10=0.7540 MR=398.6 n=939
15:58:17 | INFO    |            [multiref] MRR=0.5804 Hit@1=0.4833 Hit@5=0.7023 Hit@10=0.8238 MR=216.5 n=749
15:58:17 | INFO    |            -> new best filtered MRR=0.5335 (saved model_best.pt)

MRAEA:  54%|████████████████████████████                        | 1728/3200 [02:38<01:57, 12.57it/s]
MRAEA:  54%|████████████████████████████▏                       | 1731/3200 [02:38<02:05, 11.75it/s]
MRAEA:  54%|████████████████████████████▏                       | 1734/3200 [02:38<02:11, 11.18it/s]
MRAEA:  54%|████████████████████████████▏                       | 1736/3200 [02:39<02:14, 10.89it/s]
MRAEA:  54%|████████████████████████████▏                       | 1738/3200 [02:39<02:17, 10.64it/s]
MRAEA:  54%|████████████████████████████▎                       | 1740/3200 [02:39<02:19, 10.45it/s]
MRAEA:  54%|████████████████████████████▎                       | 1742/3200 [02:39<02:21, 10.29it/s]
MRAEA:  55%|████████████████████████████▎                       | 1744/3200 [02:39<02:23, 10.17it/s]
MRAEA:  55%|████████████████████████████▎                       | 1746/3200 [02:40<02:24, 10.08it/s]
MRAEA:  55%|████████████████████████████▍                       | 1748/3200 [02:40<02:13, 10.85it/s]15:58:19 | INFO    | epoch 1750/3200 | loss=0.0003
15:58:19 | INFO    |            [filtered] MRR=0.5436 Hit@1=0.4569 Hit@5=0.6539 Hit@10=0.7572 MR=388.4 n=939
15:58:19 | INFO    |            [multiref] MRR=0.5908 Hit@1=0.4967 Hit@5=0.7103 Hit@10=0.8278 MR=211.0 n=749
15:58:19 | INFO    |            -> new best filtered MRR=0.5436 (saved model_best.pt)

MRAEA:  55%|████████████████████████████▍                       | 1750/3200 [02:40<02:59,  8.07it/s]
MRAEA:  55%|████████████████████████████▌                       | 1754/3200 [02:40<02:01, 11.93it/s]
MRAEA:  55%|████████████████████████████▌                       | 1756/3200 [02:41<02:07, 11.35it/s]
MRAEA:  55%|████████████████████████████▌                       | 1758/3200 [02:41<02:12, 10.92it/s]
MRAEA:  55%|████████████████████████████▌                       | 1760/3200 [02:41<02:15, 10.61it/s]
MRAEA:  55%|████████████████████████████▋                       | 1762/3200 [02:41<02:18, 10.39it/s]
MRAEA:  55%|████████████████████████████▋                       | 1764/3200 [02:41<02:20, 10.24it/s]
MRAEA:  55%|████████████████████████████▋                       | 1766/3200 [02:42<02:21, 10.12it/s]
MRAEA:  55%|████████████████████████████▋                       | 1768/3200 [02:42<02:22, 10.04it/s]
MRAEA:  55%|████████████████████████████▊                       | 1770/3200 [02:42<02:23,  9.99it/s]
MRAEA:  55%|████████████████████████████▊                       | 1772/3200 [02:42<02:23,  9.95it/s]
MRAEA:  55%|████████████████████████████▊                       | 1774/3200 [02:42<02:23,  9.92it/s]15:58:22 | INFO    | epoch 1775/3200 | loss=0.0000
15:58:22 | INFO    |            [filtered] MRR=0.5461 Hit@1=0.4579 Hit@5=0.6571 Hit@10=0.7572 MR=385.4 n=939
15:58:22 | INFO    |            [multiref] MRR=0.5941 Hit@1=0.4993 Hit@5=0.7130 Hit@10=0.8278 MR=209.2 n=749
15:58:22 | INFO    |            -> new best filtered MRR=0.5461 (saved model_best.pt)

MRAEA:  56%|████████████████████████████▊                       | 1776/3200 [02:43<03:34,  6.64it/s]
MRAEA:  56%|████████████████████████████▉                       | 1780/3200 [02:43<02:12, 10.68it/s]
MRAEA:  56%|████████████████████████████▉                       | 1784/3200 [02:43<01:35, 14.86it/s]
MRAEA:  56%|█████████████████████████████                       | 1788/3200 [02:43<01:13, 19.10it/s]
MRAEA:  56%|█████████████████████████████                       | 1791/3200 [02:43<01:19, 17.77it/s]
MRAEA:  56%|█████████████████████████████▏                      | 1794/3200 [02:44<01:37, 14.44it/s]
MRAEA:  56%|█████████████████████████████▏                      | 1796/3200 [02:44<01:46, 13.13it/s]
MRAEA:  56%|█████████████████████████████▏                      | 1798/3200 [02:44<01:55, 12.19it/s]15:58:24 | INFO    | epoch 1800/3200 | loss=0.0001
15:58:24 | INFO    |            [filtered] MRR=0.5470 Hit@1=0.4590 Hit@5=0.6581 Hit@10=0.7561 MR=379.7 n=939
15:58:24 | INFO    |            [multiref] MRR=0.5958 Hit@1=0.5020 Hit@5=0.7143 Hit@10=0.8264 MR=205.2 n=749
15:58:24 | INFO    |            -> new best filtered MRR=0.5470 (saved model_best.pt)

MRAEA:  56%|█████████████████████████████▎                      | 1800/3200 [02:45<03:10,  7.34it/s]
MRAEA:  56%|█████████████████████████████▎                      | 1802/3200 [02:45<02:57,  7.88it/s]
MRAEA:  56%|█████████████████████████████▎                      | 1804/3200 [02:45<02:47,  8.34it/s]
MRAEA:  56%|█████████████████████████████▎                      | 1806/3200 [02:45<02:39,  8.71it/s]
MRAEA:  56%|█████████████████████████████▍                      | 1808/3200 [02:46<02:34,  9.01it/s]
MRAEA:  57%|█████████████████████████████▍                      | 1810/3200 [02:46<02:16, 10.15it/s]
MRAEA:  57%|█████████████████████████████▍                      | 1814/3200 [02:46<01:31, 15.18it/s]
MRAEA:  57%|█████████████████████████████▌                      | 1818/3200 [02:46<01:09, 19.83it/s]
MRAEA:  57%|█████████████████████████████▌                      | 1822/3200 [02:46<00:57, 23.85it/s]15:58:25 | INFO    | epoch 1825/3200 | loss=0.0022
15:58:25 | INFO    |            [filtered] MRR=0.5455 Hit@1=0.4558 Hit@5=0.6592 Hit@10=0.7572 MR=382.5 n=939
15:58:25 | INFO    |            [multiref] MRR=0.5942 Hit@1=0.4980 Hit@5=0.7170 Hit@10=0.8278 MR=206.7 n=749

MRAEA:  57%|█████████████████████████████▋                      | 1825/3200 [02:46<01:22, 16.72it/s]
MRAEA:  57%|█████████████████████████████▋                      | 1828/3200 [02:47<01:38, 13.97it/s]
MRAEA:  57%|█████████████████████████████▋                      | 1830/3200 [02:47<01:46, 12.83it/s]
MRAEA:  57%|█████████████████████████████▊                      | 1832/3200 [02:47<01:54, 11.99it/s]
MRAEA:  57%|█████████████████████████████▊                      | 1834/3200 [02:47<02:00, 11.37it/s]
MRAEA:  57%|█████████████████████████████▊                      | 1836/3200 [02:47<02:04, 10.93it/s]
MRAEA:  57%|█████████████████████████████▊                      | 1838/3200 [02:48<02:08, 10.61it/s]
MRAEA:  57%|█████████████████████████████▉                      | 1840/3200 [02:48<02:10, 10.39it/s]
MRAEA:  58%|█████████████████████████████▉                      | 1842/3200 [02:48<02:12, 10.23it/s]
MRAEA:  58%|█████████████████████████████▉                      | 1844/3200 [02:48<02:13, 10.12it/s]
MRAEA:  58%|█████████████████████████████▉                      | 1846/3200 [02:48<02:14, 10.04it/s]
MRAEA:  58%|██████████████████████████████                      | 1848/3200 [02:49<02:14, 10.02it/s]15:58:28 | INFO    | epoch 1850/3200 | loss=0.0009
15:58:28 | INFO    |            [filtered] MRR=0.5466 Hit@1=0.4558 Hit@5=0.6645 Hit@10=0.7604 MR=389.9 n=939
15:58:28 | INFO    |            [multiref] MRR=0.5954 Hit@1=0.4967 Hit@5=0.7250 Hit@10=0.8318 MR=214.0 n=749

MRAEA:  58%|██████████████████████████████                      | 1850/3200 [02:49<02:33,  8.79it/s]
MRAEA:  58%|██████████████████████████████▏                     | 1854/3200 [02:49<01:39, 13.49it/s]
MRAEA:  58%|██████████████████████████████▏                     | 1858/3200 [02:49<01:13, 18.16it/s]
MRAEA:  58%|██████████████████████████████▎                     | 1862/3200 [02:49<01:00, 22.22it/s]
MRAEA:  58%|██████████████████████████████▎                     | 1865/3200 [02:49<01:02, 21.38it/s]
MRAEA:  58%|██████████████████████████████▎                     | 1868/3200 [02:50<01:21, 16.36it/s]
MRAEA:  58%|██████████████████████████████▍                     | 1871/3200 [02:50<01:36, 13.74it/s]
MRAEA:  59%|██████████████████████████████▍                     | 1873/3200 [02:50<01:44, 12.66it/s]15:58:30 | INFO    | epoch 1875/3200 | loss=0.0004
15:58:30 | INFO    |            [filtered] MRR=0.5477 Hit@1=0.4569 Hit@5=0.6645 Hit@10=0.7625 MR=389.8 n=939
15:58:30 | INFO    |            [multiref] MRR=0.5966 Hit@1=0.4980 Hit@5=0.7250 Hit@10=0.8344 MR=216.5 n=749
15:58:30 | INFO    |            -> new best filtered MRR=0.5477 (saved model_best.pt)

MRAEA:  59%|██████████████████████████████▍                     | 1875/3200 [02:51<02:56,  7.49it/s]
MRAEA:  59%|██████████████████████████████▌                     | 1877/3200 [02:51<02:45,  7.97it/s]
MRAEA:  59%|██████████████████████████████▌                     | 1879/3200 [02:51<02:37,  8.40it/s]
MRAEA:  59%|██████████████████████████████▌                     | 1881/3200 [02:51<02:30,  8.75it/s]
MRAEA:  59%|██████████████████████████████▌                     | 1883/3200 [02:52<02:25,  9.04it/s]
MRAEA:  59%|██████████████████████████████▋                     | 1885/3200 [02:52<02:09, 10.15it/s]
MRAEA:  59%|██████████████████████████████▋                     | 1889/3200 [02:52<01:26, 15.13it/s]
MRAEA:  59%|██████████████████████████████▊                     | 1893/3200 [02:52<01:06, 19.73it/s]
MRAEA:  59%|██████████████████████████████▊                     | 1897/3200 [02:52<00:55, 23.68it/s]15:58:31 | INFO    | epoch 1900/3200 | loss=0.0000
15:58:32 | INFO    |            [filtered] MRR=0.5524 Hit@1=0.4622 Hit@5=0.6635 Hit@10=0.7646 MR=382.4 n=939
15:58:32 | INFO    |            [multiref] MRR=0.6017 Hit@1=0.5033 Hit@5=0.7236 Hit@10=0.8371 MR=212.1 n=749
15:58:32 | INFO    |            -> new best filtered MRR=0.5524 (saved model_best.pt)

MRAEA:  59%|██████████████████████████████▉                     | 1900/3200 [02:53<01:32, 14.06it/s]
MRAEA:  59%|██████████████████████████████▉                     | 1903/3200 [02:53<01:43, 12.54it/s]
MRAEA:  60%|██████████████████████████████▉                     | 1905/3200 [02:53<01:49, 11.85it/s]
MRAEA:  60%|██████████████████████████████▉                     | 1907/3200 [02:53<01:54, 11.32it/s]
MRAEA:  60%|███████████████████████████████                     | 1909/3200 [02:53<01:58, 10.91it/s]
MRAEA:  60%|███████████████████████████████                     | 1911/3200 [02:54<02:01, 10.61it/s]
MRAEA:  60%|███████████████████████████████                     | 1913/3200 [02:54<02:03, 10.39it/s]
MRAEA:  60%|███████████████████████████████                     | 1915/3200 [02:54<02:05, 10.24it/s]
MRAEA:  60%|███████████████████████████████▏                    | 1917/3200 [02:54<02:06, 10.12it/s]
MRAEA:  60%|███████████████████████████████▏                    | 1919/3200 [02:54<02:07, 10.04it/s]
MRAEA:  60%|███████████████████████████████▏                    | 1921/3200 [02:55<02:07,  9.99it/s]15:58:34 | INFO    | epoch 1925/3200 | loss=0.0039
15:58:34 | INFO    |            [filtered] MRR=0.5544 Hit@1=0.4622 Hit@5=0.6667 Hit@10=0.7657 MR=376.7 n=939
15:58:34 | INFO    |            [multiref] MRR=0.6038 Hit@1=0.5033 Hit@5=0.7276 Hit@10=0.8385 MR=207.7 n=749
15:58:34 | INFO    |            -> new best filtered MRR=0.5544 (saved model_best.pt)

MRAEA:  60%|███████████████████████████████▎                    | 1925/3200 [02:55<02:21,  9.04it/s]
MRAEA:  60%|███████████████████████████████▎                    | 1928/3200 [02:55<01:53, 11.19it/s]
MRAEA:  60%|███████████████████████████████▎                    | 1930/3200 [02:55<01:57, 10.79it/s]
MRAEA:  60%|███████████████████████████████▍                    | 1932/3200 [02:56<02:00, 10.54it/s]
MRAEA:  60%|███████████████████████████████▍                    | 1934/3200 [02:56<02:02, 10.35it/s]
MRAEA:  60%|███████████████████████████████▍                    | 1936/3200 [02:56<02:03, 10.21it/s]
MRAEA:  61%|███████████████████████████████▍                    | 1938/3200 [02:56<02:04, 10.11it/s]
MRAEA:  61%|███████████████████████████████▌                    | 1940/3200 [02:57<02:05, 10.03it/s]
MRAEA:  61%|███████████████████████████████▌                    | 1942/3200 [02:57<02:06,  9.98it/s]
MRAEA:  61%|███████████████████████████████▌                    | 1944/3200 [02:57<02:06,  9.94it/s]
MRAEA:  61%|███████████████████████████████▌                    | 1946/3200 [02:57<02:06,  9.91it/s]
MRAEA:  61%|███████████████████████████████▋                    | 1947/3200 [02:57<02:06,  9.90it/s]
MRAEA:  61%|███████████████████████████████▋                    | 1948/3200 [02:57<02:08,  9.72it/s]
MRAEA:  61%|███████████████████████████████▋                    | 1949/3200 [02:57<02:08,  9.74it/s]15:58:37 | INFO    | epoch 1950/3200 | loss=0.0015
15:58:37 | INFO    |            [filtered] MRR=0.5533 Hit@1=0.4579 Hit@5=0.6667 Hit@10=0.7668 MR=369.9 n=939
15:58:37 | INFO    |            [multiref] MRR=0.6023 Hit@1=0.4980 Hit@5=0.7276 Hit@10=0.8398 MR=202.6 n=749

MRAEA:  61%|███████████████████████████████▋                    | 1950/3200 [02:58<03:37,  5.74it/s]
MRAEA:  61%|███████████████████████████████▊                    | 1954/3200 [02:58<01:50, 11.24it/s]
MRAEA:  61%|███████████████████████████████▊                    | 1958/3200 [02:58<01:15, 16.39it/s]
MRAEA:  61%|███████████████████████████████▉                    | 1962/3200 [02:58<00:58, 21.05it/s]
MRAEA:  61%|███████████████████████████████▉                    | 1965/3200 [02:58<00:54, 22.65it/s]
MRAEA:  62%|███████████████████████████████▉                    | 1968/3200 [02:59<01:15, 16.26it/s]
MRAEA:  62%|████████████████████████████████                    | 1971/3200 [02:59<01:30, 13.62it/s]
MRAEA:  62%|████████████████████████████████                    | 1973/3200 [02:59<01:37, 12.56it/s]15:58:39 | INFO    | epoch 1975/3200 | loss=0.0007
15:58:39 | INFO    |            [filtered] MRR=0.5593 Hit@1=0.4665 Hit@5=0.6720 Hit@10=0.7678 MR=369.9 n=939
15:58:39 | INFO    |            [multiref] MRR=0.6086 Hit@1=0.5073 Hit@5=0.7343 Hit@10=0.8411 MR=203.6 n=749
15:58:39 | INFO    |            -> new best filtered MRR=0.5593 (saved model_best.pt)

MRAEA:  62%|████████████████████████████████                    | 1975/3200 [03:00<02:41,  7.59it/s]
MRAEA:  62%|████████████████████████████████▏                   | 1977/3200 [03:00<02:31,  8.06it/s]
MRAEA:  62%|████████████████████████████████▏                   | 1979/3200 [03:00<02:24,  8.47it/s]
MRAEA:  62%|████████████████████████████████▏                   | 1981/3200 [03:00<02:18,  8.81it/s]
MRAEA:  62%|████████████████████████████████▏                   | 1983/3200 [03:00<02:14,  9.08it/s]
MRAEA:  62%|████████████████████████████████▎                   | 1985/3200 [03:01<01:58, 10.23it/s]
MRAEA:  62%|████████████████████████████████▎                   | 1989/3200 [03:01<01:19, 15.23it/s]
MRAEA:  62%|████████████████████████████████▍                   | 1993/3200 [03:01<01:00, 19.86it/s]
MRAEA:  62%|████████████████████████████████▍                   | 1997/3200 [03:01<00:50, 23.82it/s]15:58:40 | INFO    | epoch 2000/3200 | loss=0.0002 | bootstrap: +1 mutual pairs (train=3087, pool=467)
15:58:40 | INFO    |            [filtered] MRR=0.5641 Hit@1=0.4707 Hit@5=0.6784 Hit@10=0.7700 MR=361.4 n=939
15:58:40 | INFO    |            [multiref] MRR=0.6151 Hit@1=0.5140 Hit@5=0.7410 Hit@10=0.8438 MR=201.9 n=749
15:58:41 | INFO    |            -> new best filtered MRR=0.5641 (saved model_best.pt)

MRAEA:  62%|████████████████████████████████▌                   | 2000/3200 [03:01<01:27, 13.76it/s]
MRAEA:  63%|████████████████████████████████▌                   | 2003/3200 [03:02<01:36, 12.36it/s]
MRAEA:  63%|████████████████████████████████▌                   | 2005/3200 [03:02<01:41, 11.73it/s]
MRAEA:  63%|████████████████████████████████▌                   | 2007/3200 [03:02<01:46, 11.23it/s]
MRAEA:  63%|████████████████████████████████▋                   | 2009/3200 [03:02<01:49, 10.85it/s]
MRAEA:  63%|████████████████████████████████▋                   | 2011/3200 [03:03<01:52, 10.57it/s]
MRAEA:  63%|████████████████████████████████▋                   | 2013/3200 [03:03<01:54, 10.36it/s]
MRAEA:  63%|████████████████████████████████▋                   | 2015/3200 [03:03<01:55, 10.22it/s]
MRAEA:  63%|████████████████████████████████▊                   | 2017/3200 [03:03<01:57, 10.11it/s]
MRAEA:  63%|████████████████████████████████▊                   | 2019/3200 [03:03<01:57, 10.03it/s]
MRAEA:  63%|████████████████████████████████▊                   | 2021/3200 [03:04<01:58,  9.98it/s]15:58:43 | INFO    | epoch 2025/3200 | loss=0.0006
15:58:43 | INFO    |            [filtered] MRR=0.5690 Hit@1=0.4750 Hit@5=0.6858 Hit@10=0.7753 MR=383.3 n=939
15:58:43 | INFO    |            [multiref] MRR=0.6199 Hit@1=0.5194 Hit@5=0.7477 Hit@10=0.8478 MR=216.7 n=749
15:58:43 | INFO    |            -> new best filtered MRR=0.5690 (saved model_best.pt)

MRAEA:  63%|████████████████████████████████▉                   | 2025/3200 [03:04<02:06,  9.27it/s]
MRAEA:  63%|████████████████████████████████▉                   | 2029/3200 [03:04<01:37, 12.03it/s]
MRAEA:  63%|█████████████████████████████████                   | 2031/3200 [03:04<01:40, 11.66it/s]
MRAEA:  64%|█████████████████████████████████                   | 2033/3200 [03:05<01:44, 11.17it/s]
MRAEA:  64%|█████████████████████████████████                   | 2035/3200 [03:05<01:47, 10.80it/s]
MRAEA:  64%|█████████████████████████████████                   | 2037/3200 [03:05<01:50, 10.54it/s]
MRAEA:  64%|█████████████████████████████████▏                  | 2039/3200 [03:05<01:52, 10.34it/s]
MRAEA:  64%|█████████████████████████████████▏                  | 2041/3200 [03:05<01:53, 10.20it/s]
MRAEA:  64%|█████████████████████████████████▏                  | 2043/3200 [03:06<01:54, 10.10it/s]
MRAEA:  64%|█████████████████████████████████▏                  | 2045/3200 [03:06<01:55, 10.03it/s]
MRAEA:  64%|█████████████████████████████████▎                  | 2047/3200 [03:06<01:55,  9.97it/s]
MRAEA:  64%|█████████████████████████████████▎                  | 2049/3200 [03:06<01:55,  9.94it/s]15:58:46 | INFO    | epoch 2050/3200 | loss=0.0014
15:58:46 | INFO    |            [filtered] MRR=0.5712 Hit@1=0.4750 Hit@5=0.6922 Hit@10=0.7764 MR=438.9 n=939
15:58:46 | INFO    |            [multiref] MRR=0.6216 Hit@1=0.5180 Hit@5=0.7557 Hit@10=0.8491 MR=246.3 n=749
15:58:46 | INFO    |            -> new best filtered MRR=0.5712 (saved model_best.pt)

MRAEA:  64%|█████████████████████████████████▎                  | 2050/3200 [03:07<03:14,  5.90it/s]
MRAEA:  64%|█████████████████████████████████▍                  | 2054/3200 [03:07<01:52, 10.18it/s]
MRAEA:  64%|█████████████████████████████████▍                  | 2058/3200 [03:07<01:18, 14.55it/s]
MRAEA:  64%|█████████████████████████████████▌                  | 2062/3200 [03:07<01:00, 18.91it/s]
MRAEA:  65%|█████████████████████████████████▌                  | 2066/3200 [03:07<00:49, 22.97it/s]
MRAEA:  65%|█████████████████████████████████▋                  | 2070/3200 [03:07<00:48, 23.37it/s]
MRAEA:  65%|█████████████████████████████████▋                  | 2073/3200 [03:08<01:01, 18.26it/s]15:58:47 | INFO    | epoch 2075/3200 | loss=0.0014
15:58:47 | INFO    |            [filtered] MRR=0.5700 Hit@1=0.4718 Hit@5=0.6922 Hit@10=0.7742 MR=441.0 n=939
15:58:47 | INFO    |            [multiref] MRR=0.6202 Hit@1=0.5140 Hit@5=0.7557 Hit@10=0.8478 MR=248.0 n=749

MRAEA:  65%|█████████████████████████████████▋                  | 2076/3200 [03:08<01:43, 10.87it/s]
MRAEA:  65%|█████████████████████████████████▊                  | 2078/3200 [03:08<01:45, 10.64it/s]
MRAEA:  65%|█████████████████████████████████▊                  | 2080/3200 [03:09<01:47, 10.45it/s]
MRAEA:  65%|█████████████████████████████████▊                  | 2082/3200 [03:09<01:48, 10.29it/s]
MRAEA:  65%|█████████████████████████████████▊                  | 2084/3200 [03:09<01:49, 10.17it/s]
MRAEA:  65%|█████████████████████████████████▉                  | 2086/3200 [03:09<01:50, 10.09it/s]
MRAEA:  65%|█████████████████████████████████▉                  | 2088/3200 [03:09<01:50, 10.02it/s]
MRAEA:  65%|█████████████████████████████████▉                  | 2090/3200 [03:10<01:51,  9.96it/s]
MRAEA:  65%|█████████████████████████████████▉                  | 2092/3200 [03:10<01:48, 10.17it/s]
MRAEA:  66%|██████████████████████████████████                  | 2096/3200 [03:10<01:12, 15.16it/s]15:58:49 | INFO    | epoch 2100/3200 | loss=0.0020
15:58:49 | INFO    |            [filtered] MRR=0.5711 Hit@1=0.4718 Hit@5=0.6986 Hit@10=0.7753 MR=435.4 n=939
15:58:49 | INFO    |            [multiref] MRR=0.6213 Hit@1=0.5140 Hit@5=0.7610 Hit@10=0.8491 MR=242.9 n=749

MRAEA:  66%|██████████████████████████████████▏                 | 2100/3200 [03:10<01:20, 13.66it/s]
MRAEA:  66%|██████████████████████████████████▏                 | 2104/3200 [03:10<01:01, 17.74it/s]
MRAEA:  66%|██████████████████████████████████▎                 | 2108/3200 [03:10<00:56, 19.30it/s]
MRAEA:  66%|██████████████████████████████████▎                 | 2112/3200 [03:11<00:52, 20.71it/s]
MRAEA:  66%|██████████████████████████████████▎                 | 2115/3200 [03:11<01:07, 16.04it/s]
MRAEA:  66%|██████████████████████████████████▍                 | 2117/3200 [03:11<01:15, 14.27it/s]
MRAEA:  66%|██████████████████████████████████▍                 | 2119/3200 [03:11<01:23, 12.99it/s]
MRAEA:  66%|██████████████████████████████████▍                 | 2121/3200 [03:12<01:29, 12.07it/s]
MRAEA:  66%|██████████████████████████████████▍                 | 2123/3200 [03:12<01:34, 11.41it/s]15:58:51 | INFO    | epoch 2125/3200 | loss=0.0004
15:58:51 | INFO    |            [filtered] MRR=0.5734 Hit@1=0.4728 Hit@5=0.6997 Hit@10=0.7774 MR=432.0 n=939
15:58:51 | INFO    |            [multiref] MRR=0.6240 Hit@1=0.5154 Hit@5=0.7623 Hit@10=0.8505 MR=238.6 n=749
15:58:52 | INFO    |            -> new best filtered MRR=0.5734 (saved model_best.pt)

MRAEA:  66%|██████████████████████████████████▌                 | 2125/3200 [03:12<02:36,  6.87it/s]
MRAEA:  66%|██████████████████████████████████▌                 | 2126/3200 [03:12<02:28,  7.22it/s]
MRAEA:  66%|██████████████████████████████████▌                 | 2127/3200 [03:13<02:21,  7.60it/s]
MRAEA:  66%|██████████████████████████████████▌                 | 2128/3200 [03:13<02:14,  7.98it/s]
MRAEA:  67%|██████████████████████████████████▌                 | 2129/3200 [03:13<02:08,  8.35it/s]
MRAEA:  67%|██████████████████████████████████▌                 | 2130/3200 [03:13<02:03,  8.68it/s]
MRAEA:  67%|██████████████████████████████████▋                 | 2134/3200 [03:13<01:10, 15.15it/s]
MRAEA:  67%|██████████████████████████████████▋                 | 2138/3200 [03:13<00:51, 20.81it/s]
MRAEA:  67%|██████████████████████████████████▊                 | 2142/3200 [03:13<00:41, 25.27it/s]
MRAEA:  67%|██████████████████████████████████▊                 | 2146/3200 [03:13<00:36, 28.49it/s]15:58:53 | INFO    | epoch 2150/3200 | loss=0.0026
15:58:53 | INFO    |            [filtered] MRR=0.5755 Hit@1=0.4760 Hit@5=0.6997 Hit@10=0.7753 MR=426.7 n=939
15:58:53 | INFO    |            [multiref] MRR=0.6269 Hit@1=0.5194 Hit@5=0.7650 Hit@10=0.8505 MR=230.1 n=749
15:58:53 | INFO    |            -> new best filtered MRR=0.5755 (saved model_best.pt)

MRAEA:  67%|██████████████████████████████████▉                 | 2150/3200 [03:14<01:11, 14.71it/s]
MRAEA:  67%|██████████████████████████████████▉                 | 2153/3200 [03:14<01:20, 12.99it/s]
MRAEA:  67%|███████████████████████████████████                 | 2155/3200 [03:14<01:25, 12.20it/s]
MRAEA:  67%|███████████████████████████████████                 | 2157/3200 [03:15<01:30, 11.59it/s]
MRAEA:  67%|███████████████████████████████████                 | 2159/3200 [03:15<01:33, 11.11it/s]
MRAEA:  68%|███████████████████████████████████                 | 2161/3200 [03:15<01:36, 10.76it/s]
MRAEA:  68%|███████████████████████████████████▏                | 2163/3200 [03:15<01:38, 10.50it/s]
MRAEA:  68%|███████████████████████████████████▏                | 2165/3200 [03:15<01:40, 10.31it/s]
MRAEA:  68%|███████████████████████████████████▏                | 2167/3200 [03:16<01:41, 10.18it/s]
MRAEA:  68%|███████████████████████████████████▏                | 2169/3200 [03:16<01:42, 10.08it/s]
MRAEA:  68%|███████████████████████████████████▎                | 2171/3200 [03:16<01:42, 10.01it/s]
MRAEA:  68%|███████████████████████████████████▎                | 2173/3200 [03:16<01:33, 10.99it/s]15:58:55 | INFO    | epoch 2175/3200 | loss=0.0011
15:58:56 | INFO    |            [filtered] MRR=0.5733 Hit@1=0.4718 Hit@5=0.6976 Hit@10=0.7764 MR=431.2 n=939
15:58:56 | INFO    |            [multiref] MRR=0.6242 Hit@1=0.5140 Hit@5=0.7637 Hit@10=0.8518 MR=233.3 n=749

MRAEA:  68%|███████████████████████████████████▎                | 2175/3200 [03:16<01:49,  9.33it/s]
MRAEA:  68%|███████████████████████████████████▍                | 2179/3200 [03:17<01:13, 13.80it/s]
MRAEA:  68%|███████████████████████████████████▍                | 2183/3200 [03:17<00:55, 18.39it/s]
MRAEA:  68%|███████████████████████████████████▌                | 2187/3200 [03:17<00:50, 20.03it/s]
MRAEA:  68%|███████████████████████████████████▌                | 2190/3200 [03:17<00:54, 18.70it/s]
MRAEA:  69%|███████████████████████████████████▋                | 2193/3200 [03:17<01:07, 14.89it/s]
MRAEA:  69%|███████████████████████████████████▋                | 2195/3200 [03:17<01:14, 13.43it/s]
MRAEA:  69%|███████████████████████████████████▋                | 2197/3200 [03:18<01:21, 12.37it/s]
MRAEA:  69%|███████████████████████████████████▋                | 2199/3200 [03:18<01:26, 11.63it/s]15:58:57 | INFO    | epoch 2200/3200 | loss=0.0008
15:58:57 | INFO    |            [filtered] MRR=0.5754 Hit@1=0.4728 Hit@5=0.7018 Hit@10=0.7774 MR=432.7 n=939
15:58:57 | INFO    |            [multiref] MRR=0.6255 Hit@1=0.5140 Hit@5=0.7664 Hit@10=0.8531 MR=234.8 n=749

MRAEA:  69%|███████████████████████████████████▊                | 2201/3200 [03:18<02:05,  7.97it/s]
MRAEA:  69%|███████████████████████████████████▊                | 2203/3200 [03:19<01:58,  8.40it/s]
MRAEA:  69%|███████████████████████████████████▊                | 2204/3200 [03:19<01:55,  8.61it/s]
MRAEA:  69%|███████████████████████████████████▊                | 2205/3200 [03:19<01:52,  8.82it/s]
MRAEA:  69%|███████████████████████████████████▊                | 2206/3200 [03:19<01:50,  9.02it/s]
MRAEA:  69%|███████████████████████████████████▊                | 2207/3200 [03:19<01:47,  9.20it/s]
MRAEA:  69%|███████████████████████████████████▉                | 2208/3200 [03:19<01:46,  9.36it/s]
MRAEA:  69%|███████████████████████████████████▉                | 2209/3200 [03:19<01:44,  9.48it/s]
MRAEA:  69%|███████████████████████████████████▉                | 2211/3200 [03:19<01:24, 11.74it/s]
MRAEA:  69%|███████████████████████████████████▉                | 2215/3200 [03:19<00:52, 18.89it/s]
MRAEA:  69%|████████████████████████████████████                | 2219/3200 [03:20<00:40, 24.18it/s]
MRAEA:  69%|████████████████████████████████████                | 2223/3200 [03:20<00:34, 27.92it/s]15:58:59 | INFO    | epoch 2225/3200 | loss=0.0000
15:58:59 | INFO    |            [filtered] MRR=0.5772 Hit@1=0.4728 Hit@5=0.7125 Hit@10=0.7806 MR=417.6 n=939
15:58:59 | INFO    |            [multiref] MRR=0.6271 Hit@1=0.5140 Hit@5=0.7770 Hit@10=0.8545 MR=225.2 n=749
15:58:59 | INFO    |            -> new best filtered MRR=0.5772 (saved model_best.pt)

MRAEA:  70%|████████████████████████████████████▏               | 2226/3200 [03:20<01:14, 13.16it/s]
MRAEA:  70%|████████████████████████████████████▏               | 2229/3200 [03:20<01:21, 11.98it/s]
MRAEA:  70%|████████████████████████████████████▎               | 2231/3200 [03:21<01:24, 11.43it/s]
MRAEA:  70%|████████████████████████████████████▎               | 2233/3200 [03:21<01:27, 11.02it/s]
MRAEA:  70%|████████████████████████████████████▎               | 2235/3200 [03:21<01:30, 10.69it/s]
MRAEA:  70%|████████████████████████████████████▎               | 2237/3200 [03:21<01:32, 10.46it/s]
MRAEA:  70%|████████████████████████████████████▍               | 2239/3200 [03:21<01:33, 10.29it/s]
MRAEA:  70%|████████████████████████████████████▍               | 2241/3200 [03:22<01:34, 10.16it/s]
MRAEA:  70%|████████████████████████████████████▍               | 2243/3200 [03:22<01:35, 10.07it/s]
MRAEA:  70%|████████████████████████████████████▍               | 2245/3200 [03:22<01:35, 10.00it/s]
MRAEA:  70%|████████████████████████████████████▌               | 2247/3200 [03:22<01:35,  9.96it/s]15:59:02 | INFO    | epoch 2250/3200 | loss=0.0000
15:59:02 | INFO    |            [filtered] MRR=0.5732 Hit@1=0.4622 Hit@5=0.7135 Hit@10=0.7817 MR=417.8 n=939
15:59:02 | INFO    |            [multiref] MRR=0.6219 Hit@1=0.5007 Hit@5=0.7784 Hit@10=0.8558 MR=224.5 n=749

MRAEA:  70%|████████████████████████████████████▌               | 2250/3200 [03:23<01:38,  9.69it/s]
MRAEA:  70%|████████████████████████████████████▋               | 2254/3200 [03:23<01:07, 14.09it/s]
MRAEA:  71%|████████████████████████████████████▋               | 2258/3200 [03:23<00:50, 18.51it/s]
MRAEA:  71%|████████████████████████████████████▋               | 2261/3200 [03:23<01:01, 15.34it/s]
MRAEA:  71%|████████████████████████████████████▊               | 2264/3200 [03:23<01:10, 13.20it/s]
MRAEA:  71%|████████████████████████████████████▊               | 2266/3200 [03:24<01:15, 12.29it/s]
MRAEA:  71%|████████████████████████████████████▊               | 2268/3200 [03:24<01:20, 11.62it/s]
MRAEA:  71%|████████████████████████████████████▉               | 2270/3200 [03:24<01:23, 11.11it/s]
MRAEA:  71%|████████████████████████████████████▉               | 2272/3200 [03:24<01:26, 10.75it/s]
MRAEA:  71%|████████████████████████████████████▉               | 2274/3200 [03:24<01:28, 10.49it/s]15:59:04 | INFO    | epoch 2275/3200 | loss=0.0000
15:59:04 | INFO    |            [filtered] MRR=0.5777 Hit@1=0.4696 Hit@5=0.7135 Hit@10=0.7838 MR=421.6 n=939
15:59:04 | INFO    |            [multiref] MRR=0.6267 Hit@1=0.5087 Hit@5=0.7784 Hit@10=0.8585 MR=227.1 n=749
15:59:04 | INFO    |            -> new best filtered MRR=0.5777 (saved model_best.pt)

MRAEA:  71%|████████████████████████████████████▉               | 2276/3200 [03:25<02:21,  6.52it/s]
MRAEA:  71%|█████████████████████████████████████               | 2277/3200 [03:25<02:13,  6.91it/s]
MRAEA:  71%|█████████████████████████████████████               | 2280/3200 [03:25<01:32,  9.92it/s]
MRAEA:  71%|█████████████████████████████████████               | 2284/3200 [03:25<01:02, 14.72it/s]
MRAEA:  72%|█████████████████████████████████████▏              | 2288/3200 [03:25<00:47, 19.26it/s]
MRAEA:  72%|█████████████████████████████████████▏              | 2292/3200 [03:26<00:39, 23.18it/s]
MRAEA:  72%|█████████████████████████████████████▎              | 2296/3200 [03:26<00:33, 26.73it/s]15:59:05 | INFO    | epoch 2300/3200 | loss=0.0004
15:59:05 | INFO    |            [filtered] MRR=0.5782 Hit@1=0.4696 Hit@5=0.7167 Hit@10=0.7859 MR=425.6 n=939
15:59:05 | INFO    |            [multiref] MRR=0.6274 Hit@1=0.5087 Hit@5=0.7824 Hit@10=0.8611 MR=229.8 n=749
15:59:06 | INFO    |            -> new best filtered MRR=0.5782 (saved model_best.pt)

MRAEA:  72%|█████████████████████████████████████▍              | 2300/3200 [03:26<01:11, 12.60it/s]
MRAEA:  72%|█████████████████████████████████████▍              | 2303/3200 [03:27<01:16, 11.75it/s]
MRAEA:  72%|█████████████████████████████████████▍              | 2305/3200 [03:27<01:19, 11.32it/s]
MRAEA:  72%|█████████████████████████████████████▍              | 2307/3200 [03:27<01:21, 10.96it/s]
MRAEA:  72%|█████████████████████████████████████▌              | 2309/3200 [03:27<01:23, 10.67it/s]
MRAEA:  72%|█████████████████████████████████████▌              | 2311/3200 [03:27<01:25, 10.45it/s]
MRAEA:  72%|█████████████████████████████████████▌              | 2313/3200 [03:28<01:26, 10.29it/s]
MRAEA:  72%|█████████████████████████████████████▌              | 2315/3200 [03:28<01:27, 10.16it/s]
MRAEA:  72%|█████████████████████████████████████▋              | 2317/3200 [03:28<01:27, 10.07it/s]
MRAEA:  73%|█████████████████████████████████████▋              | 2321/3200 [03:28<01:00, 14.45it/s]15:59:08 | INFO    | epoch 2325/3200 | loss=0.0000
15:59:08 | INFO    |            [filtered] MRR=0.5784 Hit@1=0.4686 Hit@5=0.7167 Hit@10=0.7859 MR=429.5 n=939
15:59:08 | INFO    |            [multiref] MRR=0.6260 Hit@1=0.5047 Hit@5=0.7824 Hit@10=0.8611 MR=230.8 n=749
15:59:08 | INFO    |            -> new best filtered MRR=0.5784 (saved model_best.pt)

MRAEA:  73%|█████████████████████████████████████▊              | 2325/3200 [03:29<01:16, 11.49it/s]
MRAEA:  73%|█████████████████████████████████████▊              | 2327/3200 [03:29<01:18, 11.10it/s]
MRAEA:  73%|█████████████████████████████████████▊              | 2329/3200 [03:29<01:20, 10.78it/s]
MRAEA:  73%|█████████████████████████████████████▉              | 2331/3200 [03:29<01:22, 10.53it/s]
MRAEA:  73%|█████████████████████████████████████▉              | 2333/3200 [03:29<01:23, 10.34it/s]
MRAEA:  73%|█████████████████████████████████████▉              | 2335/3200 [03:30<01:24, 10.20it/s]
MRAEA:  73%|█████████████████████████████████████▉              | 2337/3200 [03:30<01:25, 10.10it/s]
MRAEA:  73%|██████████████████████████████████████              | 2339/3200 [03:30<01:25, 10.03it/s]
MRAEA:  73%|██████████████████████████████████████              | 2341/3200 [03:30<01:26,  9.98it/s]
MRAEA:  73%|██████████████████████████████████████              | 2343/3200 [03:30<01:26,  9.94it/s]
MRAEA:  73%|██████████████████████████████████████              | 2345/3200 [03:31<01:26,  9.92it/s]
MRAEA:  73%|██████████████████████████████████████              | 2346/3200 [03:31<01:26,  9.91it/s]
MRAEA:  73%|██████████████████████████████████████▏             | 2347/3200 [03:31<01:26,  9.89it/s]
MRAEA:  73%|██████████████████████████████████████▏             | 2348/3200 [03:31<01:26,  9.88it/s]
MRAEA:  73%|██████████████████████████████████████▏             | 2349/3200 [03:31<01:26,  9.88it/s]15:59:10 | INFO    | epoch 2350/3200 | loss=0.0001
15:59:11 | INFO    |            [filtered] MRR=0.5807 Hit@1=0.4707 Hit@5=0.7167 Hit@10=0.7902 MR=413.8 n=939
15:59:11 | INFO    |            [multiref] MRR=0.6287 Hit@1=0.5073 Hit@5=0.7837 Hit@10=0.8638 MR=221.9 n=749
15:59:11 | INFO    |            -> new best filtered MRR=0.5807 (saved model_best.pt)

MRAEA:  73%|██████████████████████████████████████▏             | 2350/3200 [03:32<02:45,  5.14it/s]
MRAEA:  74%|██████████████████████████████████████▎             | 2354/3200 [03:32<01:20, 10.55it/s]
MRAEA:  74%|██████████████████████████████████████▎             | 2358/3200 [03:32<00:53, 15.82it/s]
MRAEA:  74%|██████████████████████████████████████▎             | 2361/3200 [03:32<00:49, 16.87it/s]
MRAEA:  74%|██████████████████████████████████████▍             | 2364/3200 [03:32<00:52, 16.05it/s]
MRAEA:  74%|██████████████████████████████████████▍             | 2366/3200 [03:32<01:00, 13.70it/s]
MRAEA:  74%|██████████████████████████████████████▍             | 2368/3200 [03:33<01:07, 12.40it/s]
MRAEA:  74%|██████████████████████████████████████▌             | 2370/3200 [03:33<01:11, 11.59it/s]
MRAEA:  74%|██████████████████████████████████████▌             | 2372/3200 [03:33<01:14, 11.06it/s]
MRAEA:  74%|██████████████████████████████████████▌             | 2374/3200 [03:33<01:17, 10.69it/s]15:59:13 | INFO    | epoch 2375/3200 | loss=0.0005
15:59:13 | INFO    |            [filtered] MRR=0.5788 Hit@1=0.4665 Hit@5=0.7167 Hit@10=0.7902 MR=406.8 n=939
15:59:13 | INFO    |            [multiref] MRR=0.6264 Hit@1=0.5020 Hit@5=0.7837 Hit@10=0.8638 MR=217.0 n=749

MRAEA:  74%|██████████████████████████████████████▌             | 2376/3200 [03:34<01:51,  7.38it/s]
MRAEA:  74%|██████████████████████████████████████▋             | 2377/3200 [03:34<01:46,  7.70it/s]
MRAEA:  74%|██████████████████████████████████████▋             | 2378/3200 [03:34<01:42,  8.04it/s]
MRAEA:  74%|██████████████████████████████████████▋             | 2379/3200 [03:34<01:37,  8.38it/s]
MRAEA:  74%|██████████████████████████████████████▋             | 2380/3200 [03:34<01:34,  8.69it/s]
MRAEA:  74%|██████████████████████████████████████▋             | 2381/3200 [03:34<01:31,  8.96it/s]
MRAEA:  74%|██████████████████████████████████████▋             | 2382/3200 [03:34<01:29,  9.18it/s]
MRAEA:  74%|██████████████████████████████████████▋             | 2383/3200 [03:34<01:27,  9.36it/s]
MRAEA:  75%|██████████████████████████████████████▊             | 2387/3200 [03:34<00:48, 16.78it/s]
MRAEA:  75%|██████████████████████████████████████▊             | 2391/3200 [03:35<00:35, 22.59it/s]
MRAEA:  75%|██████████████████████████████████████▉             | 2395/3200 [03:35<00:29, 26.93it/s]
MRAEA:  75%|██████████████████████████████████████▉             | 2399/3200 [03:35<00:26, 29.92it/s]15:59:14 | INFO    | epoch 2400/3200 | loss=0.0003 | bootstrap: +1 mutual pairs (train=3088, pool=466)
15:59:14 | INFO    |            [filtered] MRR=0.5796 Hit@1=0.4675 Hit@5=0.7188 Hit@10=0.7881 MR=395.0 n=939
15:59:14 | INFO    |            [multiref] MRR=0.6274 Hit@1=0.5033 Hit@5=0.7864 Hit@10=0.8638 MR=211.1 n=749

MRAEA:  75%|███████████████████████████████████████             | 2403/3200 [03:35<00:51, 15.41it/s]
MRAEA:  75%|███████████████████████████████████████             | 2406/3200 [03:36<00:59, 13.39it/s]
MRAEA:  75%|███████████████████████████████████████▏            | 2408/3200 [03:36<01:03, 12.48it/s]
MRAEA:  75%|███████████████████████████████████████▏            | 2410/3200 [03:36<01:07, 11.77it/s]
MRAEA:  75%|███████████████████████████████████████▏            | 2412/3200 [03:36<01:10, 11.24it/s]
MRAEA:  75%|███████████████████████████████████████▏            | 2414/3200 [03:36<01:12, 10.85it/s]
MRAEA:  76%|███████████████████████████████████████▎            | 2416/3200 [03:37<01:14, 10.56it/s]
MRAEA:  76%|███████████████████████████████████████▎            | 2418/3200 [03:37<01:15, 10.35it/s]
MRAEA:  76%|███████████████████████████████████████▎            | 2420/3200 [03:37<01:16, 10.21it/s]
MRAEA:  76%|███████████████████████████████████████▎            | 2422/3200 [03:37<01:16, 10.11it/s]
MRAEA:  76%|███████████████████████████████████████▍            | 2424/3200 [03:37<01:17, 10.03it/s]15:59:17 | INFO    | epoch 2425/3200 | loss=0.0012
15:59:17 | INFO    |            [filtered] MRR=0.5776 Hit@1=0.4633 Hit@5=0.7178 Hit@10=0.7902 MR=396.0 n=939
15:59:17 | INFO    |            [multiref] MRR=0.6261 Hit@1=0.4993 Hit@5=0.7864 Hit@10=0.8652 MR=209.0 n=749

MRAEA:  76%|███████████████████████████████████████▍            | 2426/3200 [03:38<01:42,  7.56it/s]
MRAEA:  76%|███████████████████████████████████████▍            | 2430/3200 [03:38<01:05, 11.80it/s]
MRAEA:  76%|███████████████████████████████████████▌            | 2434/3200 [03:38<00:47, 16.14it/s]
MRAEA:  76%|███████████████████████████████████████▌            | 2438/3200 [03:38<00:38, 19.97it/s]
MRAEA:  76%|███████████████████████████████████████▋            | 2441/3200 [03:38<00:45, 16.52it/s]
MRAEA:  76%|███████████████████████████████████████▋            | 2444/3200 [03:39<00:54, 13.85it/s]
MRAEA:  76%|███████████████████████████████████████▋            | 2446/3200 [03:39<00:59, 12.75it/s]
MRAEA:  76%|███████████████████████████████████████▊            | 2448/3200 [03:39<01:03, 11.93it/s]15:59:19 | INFO    | epoch 2450/3200 | loss=0.0011
15:59:19 | INFO    |            [filtered] MRR=0.5813 Hit@1=0.4696 Hit@5=0.7210 Hit@10=0.7923 MR=391.0 n=939
15:59:19 | INFO    |            [multiref] MRR=0.6308 Hit@1=0.5073 Hit@5=0.7904 Hit@10=0.8678 MR=206.1 n=749
15:59:19 | INFO    |            -> new best filtered MRR=0.5813 (saved model_best.pt)

MRAEA:  77%|███████████████████████████████████████▊            | 2450/3200 [03:40<01:43,  7.26it/s]
MRAEA:  77%|███████████████████████████████████████▊            | 2452/3200 [03:40<01:35,  7.80it/s]
MRAEA:  77%|███████████████████████████████████████▉            | 2454/3200 [03:40<01:30,  8.27it/s]
MRAEA:  77%|███████████████████████████████████████▉            | 2456/3200 [03:40<01:24,  8.78it/s]
MRAEA:  77%|███████████████████████████████████████▉            | 2458/3200 [03:41<01:21,  9.06it/s]
MRAEA:  77%|████████████████████████████████████████            | 2462/3200 [03:41<00:55, 13.33it/s]
MRAEA:  77%|████████████████████████████████████████            | 2466/3200 [03:41<00:41, 17.83it/s]
MRAEA:  77%|████████████████████████████████████████▏           | 2470/3200 [03:41<00:33, 22.01it/s]
MRAEA:  77%|████████████████████████████████████████▏           | 2474/3200 [03:41<00:28, 25.51it/s]15:59:20 | INFO    | epoch 2475/3200 | loss=0.0000
15:59:20 | INFO    |            [filtered] MRR=0.5841 Hit@1=0.4728 Hit@5=0.7220 Hit@10=0.7913 MR=485.8 n=939
15:59:20 | INFO    |            [multiref] MRR=0.6343 Hit@1=0.5113 Hit@5=0.7931 Hit@10=0.8665 MR=262.1 n=749
15:59:21 | INFO    |            -> new best filtered MRR=0.5841 (saved model_best.pt)

MRAEA:  77%|████████████████████████████████████████▎           | 2478/3200 [03:42<01:01, 11.82it/s]
MRAEA:  78%|████████████████████████████████████████▎           | 2481/3200 [03:42<01:03, 11.24it/s]
MRAEA:  78%|████████████████████████████████████████▎           | 2483/3200 [03:42<01:05, 10.94it/s]
MRAEA:  78%|████████████████████████████████████████▍           | 2485/3200 [03:42<01:06, 10.67it/s]
MRAEA:  78%|████████████████████████████████████████▍           | 2487/3200 [03:43<01:08, 10.47it/s]
MRAEA:  78%|████████████████████████████████████████▍           | 2489/3200 [03:43<01:09, 10.30it/s]
MRAEA:  78%|████████████████████████████████████████▍           | 2491/3200 [03:43<01:09, 10.18it/s]
MRAEA:  78%|████████████████████████████████████████▌           | 2493/3200 [03:43<01:10, 10.09it/s]
MRAEA:  78%|████████████████████████████████████████▌           | 2495/3200 [03:43<01:10, 10.02it/s]
MRAEA:  78%|████████████████████████████████████████▌           | 2497/3200 [03:44<01:10,  9.97it/s]
MRAEA:  78%|████████████████████████████████████████▌           | 2499/3200 [03:44<01:10,  9.93it/s]15:59:23 | INFO    | epoch 2500/3200 | loss=0.0000
15:59:23 | INFO    |            [filtered] MRR=0.5877 Hit@1=0.4771 Hit@5=0.7220 Hit@10=0.7913 MR=499.6 n=939
15:59:23 | INFO    |            [multiref] MRR=0.6380 Hit@1=0.5154 Hit@5=0.7931 Hit@10=0.8665 MR=268.9 n=749
15:59:24 | INFO    |            -> new best filtered MRR=0.5877 (saved model_best.pt)

MRAEA:  78%|████████████████████████████████████████▋           | 2501/3200 [03:44<01:34,  7.43it/s]
MRAEA:  78%|████████████████████████████████████████▋           | 2505/3200 [03:44<00:59, 11.76it/s]
MRAEA:  78%|████████████████████████████████████████▋           | 2507/3200 [03:45<01:00, 11.52it/s]
MRAEA:  78%|████████████████████████████████████████▊           | 2509/3200 [03:45<01:02, 11.03it/s]
MRAEA:  78%|████████████████████████████████████████▊           | 2511/3200 [03:45<01:04, 10.69it/s]
MRAEA:  79%|████████████████████████████████████████▊           | 2513/3200 [03:45<01:05, 10.44it/s]
MRAEA:  79%|████████████████████████████████████████▊           | 2515/3200 [03:45<01:06, 10.27it/s]
MRAEA:  79%|████████████████████████████████████████▉           | 2517/3200 [03:46<01:07, 10.15it/s]
MRAEA:  79%|████████████████████████████████████████▉           | 2519/3200 [03:46<01:07, 10.06it/s]
MRAEA:  79%|████████████████████████████████████████▉           | 2521/3200 [03:46<01:07,  9.99it/s]
MRAEA:  79%|████████████████████████████████████████▉           | 2523/3200 [03:46<01:08,  9.95it/s]15:59:26 | INFO    | epoch 2525/3200 | loss=0.0001
15:59:26 | INFO    |            [filtered] MRR=0.5861 Hit@1=0.4739 Hit@5=0.7231 Hit@10=0.7934 MR=503.0 n=939
15:59:26 | INFO    |            [multiref] MRR=0.6358 Hit@1=0.5113 Hit@5=0.7931 Hit@10=0.8678 MR=270.7 n=749

MRAEA:  79%|█████████████████████████████████████████           | 2525/3200 [03:47<01:35,  7.06it/s]
MRAEA:  79%|█████████████████████████████████████████           | 2526/3200 [03:47<01:31,  7.40it/s]
MRAEA:  79%|█████████████████████████████████████████           | 2529/3200 [03:47<01:02, 10.80it/s]
MRAEA:  79%|█████████████████████████████████████████▏          | 2533/3200 [03:47<00:42, 15.55it/s]
MRAEA:  79%|█████████████████████████████████████████▏          | 2537/3200 [03:47<00:32, 20.17it/s]
MRAEA:  79%|█████████████████████████████████████████▎          | 2541/3200 [03:47<00:27, 23.97it/s]
MRAEA:  80%|█████████████████████████████████████████▎          | 2545/3200 [03:47<00:23, 27.41it/s]
MRAEA:  80%|█████████████████████████████████████████▍          | 2549/3200 [03:47<00:21, 30.20it/s]15:59:27 | INFO    | epoch 2550/3200 | loss=0.0001
15:59:27 | INFO    |            [filtered] MRR=0.5880 Hit@1=0.4728 Hit@5=0.7295 Hit@10=0.7945 MR=467.3 n=939
15:59:27 | INFO    |            [multiref] MRR=0.6390 Hit@1=0.5127 Hit@5=0.7984 Hit@10=0.8692 MR=246.5 n=749
15:59:27 | INFO    |            -> new best filtered MRR=0.5880 (saved model_best.pt)

MRAEA:  80%|█████████████████████████████████████████▍          | 2553/3200 [03:48<00:50, 12.94it/s]
MRAEA:  80%|█████████████████████████████████████████▌          | 2556/3200 [03:48<00:53, 11.98it/s]
MRAEA:  80%|█████████████████████████████████████████▌          | 2559/3200 [03:49<00:56, 11.33it/s]
MRAEA:  80%|█████████████████████████████████████████▌          | 2561/3200 [03:49<00:58, 11.00it/s]
MRAEA:  80%|█████████████████████████████████████████▋          | 2563/3200 [03:49<00:59, 10.72it/s]
MRAEA:  80%|█████████████████████████████████████████▋          | 2565/3200 [03:49<01:00, 10.50it/s]
MRAEA:  80%|█████████████████████████████████████████▋          | 2567/3200 [03:50<01:01, 10.32it/s]
MRAEA:  80%|█████████████████████████████████████████▋          | 2569/3200 [03:50<01:01, 10.19it/s]
MRAEA:  80%|█████████████████████████████████████████▊          | 2571/3200 [03:50<01:02, 10.10it/s]
MRAEA:  80%|█████████████████████████████████████████▊          | 2573/3200 [03:50<00:56, 11.20it/s]15:59:29 | INFO    | epoch 2575/3200 | loss=0.0005
15:59:30 | INFO    |            [filtered] MRR=0.5894 Hit@1=0.4739 Hit@5=0.7316 Hit@10=0.7966 MR=439.4 n=939
15:59:30 | INFO    |            [multiref] MRR=0.6400 Hit@1=0.5127 Hit@5=0.7984 Hit@10=0.8692 MR=239.6 n=749
15:59:30 | INFO    |            -> new best filtered MRR=0.5894 (saved model_best.pt)

MRAEA:  80%|█████████████████████████████████████████▊          | 2575/3200 [03:50<01:16,  8.13it/s]
MRAEA:  81%|█████████████████████████████████████████▉          | 2579/3200 [03:51<00:49, 12.62it/s]
MRAEA:  81%|█████████████████████████████████████████▉          | 2583/3200 [03:51<00:36, 17.13it/s]
MRAEA:  81%|██████████████████████████████████████████          | 2586/3200 [03:51<00:37, 16.27it/s]
MRAEA:  81%|██████████████████████████████████████████          | 2589/3200 [03:51<00:44, 13.63it/s]
MRAEA:  81%|██████████████████████████████████████████          | 2591/3200 [03:51<00:48, 12.57it/s]
MRAEA:  81%|██████████████████████████████████████████▏         | 2593/3200 [03:52<00:51, 11.79it/s]
MRAEA:  81%|██████████████████████████████████████████▏         | 2595/3200 [03:52<00:53, 11.23it/s]
MRAEA:  81%|██████████████████████████████████████████▏         | 2597/3200 [03:52<00:55, 10.83it/s]
MRAEA:  81%|██████████████████████████████████████████▏         | 2599/3200 [03:52<00:57, 10.54it/s]15:59:32 | INFO    | epoch 2600/3200 | loss=0.0004
15:59:32 | INFO    |            [filtered] MRR=0.5874 Hit@1=0.4707 Hit@5=0.7348 Hit@10=0.7945 MR=435.3 n=939
15:59:32 | INFO    |            [multiref] MRR=0.6381 Hit@1=0.5087 Hit@5=0.8024 Hit@10=0.8692 MR=237.3 n=749

MRAEA:  81%|██████████████████████████████████████████▎         | 2601/3200 [03:53<01:21,  7.36it/s]
MRAEA:  81%|██████████████████████████████████████████▎         | 2602/3200 [03:53<01:17,  7.69it/s]
MRAEA:  81%|██████████████████████████████████████████▎         | 2603/3200 [03:53<01:14,  8.03it/s]
MRAEA:  81%|██████████████████████████████████████████▎         | 2604/3200 [03:53<01:11,  8.36it/s]
MRAEA:  81%|██████████████████████████████████████████▎         | 2605/3200 [03:53<01:08,  8.67it/s]
MRAEA:  81%|██████████████████████████████████████████▎         | 2606/3200 [03:53<01:06,  8.94it/s]
MRAEA:  82%|██████████████████████████████████████████▍         | 2609/3200 [03:53<00:43, 13.72it/s]
MRAEA:  82%|██████████████████████████████████████████▍         | 2613/3200 [03:53<00:29, 20.05it/s]
MRAEA:  82%|██████████████████████████████████████████▌         | 2617/3200 [03:53<00:23, 24.83it/s]
MRAEA:  82%|██████████████████████████████████████████▌         | 2621/3200 [03:54<00:20, 28.14it/s]15:59:33 | INFO    | epoch 2625/3200 | loss=0.0008
15:59:33 | INFO    |            [filtered] MRR=0.5834 Hit@1=0.4633 Hit@5=0.7338 Hit@10=0.7945 MR=460.3 n=939
15:59:33 | INFO    |            [multiref] MRR=0.6333 Hit@1=0.4993 Hit@5=0.8011 Hit@10=0.8692 MR=242.9 n=749

MRAEA:  82%|██████████████████████████████████████████▋         | 2625/3200 [03:54<00:33, 16.91it/s]
MRAEA:  82%|██████████████████████████████████████████▋         | 2628/3200 [03:54<00:40, 14.17it/s]
MRAEA:  82%|██████████████████████████████████████████▋         | 2630/3200 [03:55<00:43, 13.00it/s]
MRAEA:  82%|██████████████████████████████████████████▊         | 2632/3200 [03:55<00:46, 12.12it/s]
MRAEA:  82%|██████████████████████████████████████████▊         | 2634/3200 [03:55<00:49, 11.48it/s]
MRAEA:  82%|██████████████████████████████████████████▊         | 2636/3200 [03:55<00:51, 11.01it/s]
MRAEA:  82%|██████████████████████████████████████████▊         | 2638/3200 [03:55<00:52, 10.67it/s]
MRAEA:  82%|██████████████████████████████████████████▉         | 2640/3200 [03:56<00:53, 10.43it/s]
MRAEA:  83%|██████████████████████████████████████████▉         | 2642/3200 [03:56<00:54, 10.26it/s]
MRAEA:  83%|██████████████████████████████████████████▉         | 2644/3200 [03:56<00:54, 10.14it/s]
MRAEA:  83%|██████████████████████████████████████████▉         | 2646/3200 [03:56<00:55, 10.06it/s]
MRAEA:  83%|███████████████████████████████████████████         | 2648/3200 [03:56<00:55, 10.00it/s]15:59:36 | INFO    | epoch 2650/3200 | loss=0.0000
15:59:36 | INFO    |            [filtered] MRR=0.5776 Hit@1=0.4526 Hit@5=0.7348 Hit@10=0.7966 MR=467.6 n=939
15:59:36 | INFO    |            [multiref] MRR=0.6256 Hit@1=0.4860 Hit@5=0.8011 Hit@10=0.8692 MR=247.0 n=749

MRAEA:  83%|███████████████████████████████████████████         | 2650/3200 [03:57<01:15,  7.33it/s]
MRAEA:  83%|███████████████████████████████████████████▏        | 2654/3200 [03:57<00:47, 11.57it/s]
MRAEA:  83%|███████████████████████████████████████████▏        | 2658/3200 [03:57<00:34, 15.92it/s]
MRAEA:  83%|███████████████████████████████████████████▎        | 2662/3200 [03:57<00:26, 20.17it/s]
MRAEA:  83%|███████████████████████████████████████████▎        | 2665/3200 [03:57<00:27, 19.76it/s]
MRAEA:  83%|███████████████████████████████████████████▎        | 2668/3200 [03:57<00:29, 17.86it/s]
MRAEA:  83%|███████████████████████████████████████████▍        | 2671/3200 [03:58<00:36, 14.46it/s]
MRAEA:  84%|███████████████████████████████████████████▍        | 2673/3200 [03:58<00:40, 13.14it/s]15:59:38 | INFO    | epoch 2675/3200 | loss=0.0000
15:59:38 | INFO    |            [filtered] MRR=0.5754 Hit@1=0.4494 Hit@5=0.7338 Hit@10=0.7966 MR=468.1 n=939
15:59:38 | INFO    |            [multiref] MRR=0.6232 Hit@1=0.4820 Hit@5=0.8024 Hit@10=0.8692 MR=247.7 n=749

MRAEA:  84%|███████████████████████████████████████████▍        | 2675/3200 [03:58<01:00,  8.73it/s]
MRAEA:  84%|███████████████████████████████████████████▌        | 2677/3200 [03:59<00:58,  8.98it/s]
MRAEA:  84%|███████████████████████████████████████████▌        | 2679/3200 [03:59<00:56,  9.19it/s]
MRAEA:  84%|███████████████████████████████████████████▌        | 2681/3200 [03:59<00:55,  9.37it/s]
MRAEA:  84%|███████████████████████████████████████████▌        | 2683/3200 [03:59<00:54,  9.50it/s]
MRAEA:  84%|███████████████████████████████████████████▋        | 2685/3200 [03:59<00:53,  9.60it/s]
MRAEA:  84%|███████████████████████████████████████████▋        | 2687/3200 [04:00<00:53,  9.67it/s]
MRAEA:  84%|███████████████████████████████████████████▋        | 2690/3200 [04:00<00:39, 12.79it/s]
MRAEA:  84%|███████████████████████████████████████████▊        | 2694/3200 [04:00<00:28, 17.72it/s]
MRAEA:  84%|███████████████████████████████████████████▊        | 2698/3200 [04:00<00:22, 22.12it/s]15:59:39 | INFO    | epoch 2700/3200 | loss=0.0001
15:59:39 | INFO    |            [filtered] MRR=0.5698 Hit@1=0.4388 Hit@5=0.7338 Hit@10=0.7966 MR=465.6 n=939
15:59:39 | INFO    |            [multiref] MRR=0.6168 Hit@1=0.4686 Hit@5=0.8024 Hit@10=0.8705 MR=246.4 n=749

MRAEA:  84%|███████████████████████████████████████████▉        | 2701/3200 [04:00<00:31, 16.02it/s]
MRAEA:  84%|███████████████████████████████████████████▉        | 2704/3200 [04:00<00:29, 16.91it/s]
MRAEA:  85%|███████████████████████████████████████████▉        | 2707/3200 [04:01<00:34, 14.44it/s]
MRAEA:  85%|████████████████████████████████████████████        | 2709/3200 [04:01<00:37, 13.00it/s]
MRAEA:  85%|████████████████████████████████████████████        | 2711/3200 [04:01<00:40, 12.05it/s]
MRAEA:  85%|████████████████████████████████████████████        | 2713/3200 [04:01<00:42, 11.40it/s]
MRAEA:  85%|████████████████████████████████████████████        | 2715/3200 [04:02<00:45, 10.74it/s]
MRAEA:  85%|████████████████████████████████████████████▏       | 2717/3200 [04:02<00:46, 10.47it/s]
MRAEA:  85%|████████████████████████████████████████████▏       | 2719/3200 [04:02<00:46, 10.29it/s]
MRAEA:  85%|████████████████████████████████████████████▏       | 2721/3200 [04:02<00:47, 10.17it/s]
MRAEA:  85%|████████████████████████████████████████████▏       | 2723/3200 [04:02<00:47, 10.07it/s]15:59:42 | INFO    | epoch 2725/3200 | loss=0.0010
15:59:42 | INFO    |            [filtered] MRR=0.5671 Hit@1=0.4313 Hit@5=0.7380 Hit@10=0.7966 MR=466.5 n=939
15:59:42 | INFO    |            [multiref] MRR=0.6128 Hit@1=0.4593 Hit@5=0.8064 Hit@10=0.8692 MR=246.8 n=749

MRAEA:  85%|████████████████████████████████████████████▎       | 2725/3200 [04:03<01:07,  7.01it/s]
MRAEA:  85%|████████████████████████████████████████████▎       | 2729/3200 [04:03<00:42, 11.14it/s]
MRAEA:  85%|████████████████████████████████████████████▍       | 2733/3200 [04:03<00:30, 15.41it/s]
MRAEA:  86%|████████████████████████████████████████████▍       | 2737/3200 [04:03<00:23, 19.58it/s]
MRAEA:  86%|████████████████████████████████████████████▌       | 2741/3200 [04:03<00:19, 23.32it/s]
MRAEA:  86%|████████████████████████████████████████████▌       | 2745/3200 [04:03<00:17, 26.75it/s]
MRAEA:  86%|████████████████████████████████████████████▋       | 2749/3200 [04:04<00:25, 17.94it/s]15:59:43 | INFO    | epoch 2750/3200 | loss=0.0000
15:59:43 | INFO    |            [filtered] MRR=0.5663 Hit@1=0.4271 Hit@5=0.7455 Hit@10=0.7977 MR=463.7 n=939
15:59:43 | INFO    |            [multiref] MRR=0.6116 Hit@1=0.4539 Hit@5=0.8117 Hit@10=0.8678 MR=245.4 n=749

MRAEA:  86%|████████████████████████████████████████████▋       | 2752/3200 [04:04<00:40, 11.05it/s]
MRAEA:  86%|████████████████████████████████████████████▊       | 2754/3200 [04:05<00:41, 10.79it/s]
MRAEA:  86%|████████████████████████████████████████████▊       | 2756/3200 [04:05<00:41, 10.57it/s]
MRAEA:  86%|████████████████████████████████████████████▊       | 2758/3200 [04:05<00:42, 10.39it/s]
MRAEA:  86%|████████████████████████████████████████████▊       | 2760/3200 [04:05<00:42, 10.24it/s]
MRAEA:  86%|████████████████████████████████████████████▉       | 2762/3200 [04:05<00:43, 10.12it/s]
MRAEA:  86%|████████████████████████████████████████████▉       | 2764/3200 [04:06<00:43, 10.05it/s]
MRAEA:  86%|████████████████████████████████████████████▉       | 2766/3200 [04:06<00:43,  9.99it/s]
MRAEA:  87%|████████████████████████████████████████████▉       | 2769/3200 [04:06<00:33, 12.93it/s]
MRAEA:  87%|█████████████████████████████████████████████       | 2773/3200 [04:06<00:23, 17.82it/s]15:59:45 | INFO    | epoch 2775/3200 | loss=0.0000
15:59:46 | INFO    |            [filtered] MRR=0.5593 Hit@1=0.4153 Hit@5=0.7444 Hit@10=0.7977 MR=460.4 n=939
15:59:46 | INFO    |            [multiref] MRR=0.6041 Hit@1=0.4419 Hit@5=0.8117 Hit@10=0.8678 MR=243.2 n=749

MRAEA:  87%|█████████████████████████████████████████████       | 2776/3200 [04:06<00:30, 14.08it/s]
MRAEA:  87%|█████████████████████████████████████████████▏      | 2779/3200 [04:07<00:28, 14.57it/s]
MRAEA:  87%|█████████████████████████████████████████████▏      | 2781/3200 [04:07<00:31, 13.15it/s]
MRAEA:  87%|█████████████████████████████████████████████▏      | 2783/3200 [04:07<00:34, 12.16it/s]
MRAEA:  87%|█████████████████████████████████████████████▎      | 2785/3200 [04:07<00:36, 11.47it/s]
MRAEA:  87%|█████████████████████████████████████████████▎      | 2787/3200 [04:07<00:37, 10.98it/s]
MRAEA:  87%|█████████████████████████████████████████████▎      | 2789/3200 [04:08<00:38, 10.65it/s]
MRAEA:  87%|█████████████████████████████████████████████▎      | 2791/3200 [04:08<00:39, 10.41it/s]
MRAEA:  87%|█████████████████████████████████████████████▍      | 2793/3200 [04:08<00:39, 10.24it/s]
MRAEA:  87%|█████████████████████████████████████████████▍      | 2795/3200 [04:08<00:40, 10.12it/s]
MRAEA:  87%|█████████████████████████████████████████████▍      | 2797/3200 [04:08<00:40, 10.04it/s]
MRAEA:  87%|█████████████████████████████████████████████▍      | 2799/3200 [04:09<00:40,  9.99it/s]15:59:48 | INFO    | epoch 2800/3200 | loss=0.0009 | bootstrap: empty pool
15:59:48 | INFO    |            [filtered] MRR=0.5538 Hit@1=0.4036 Hit@5=0.7465 Hit@10=0.7987 MR=461.1 n=939
15:59:48 | INFO    |            [multiref] MRR=0.5968 Hit@1=0.4272 Hit@5=0.8117 Hit@10=0.8705 MR=242.8 n=749

MRAEA:  88%|█████████████████████████████████████████████▌      | 2801/3200 [04:09<00:54,  7.36it/s]
MRAEA:  88%|█████████████████████████████████████████████▌      | 2805/3200 [04:09<00:33, 11.66it/s]
MRAEA:  88%|█████████████████████████████████████████████▋      | 2809/3200 [04:09<00:24, 15.95it/s]
MRAEA:  88%|█████████████████████████████████████████████▋      | 2813/3200 [04:09<00:19, 20.22it/s]
MRAEA:  88%|█████████████████████████████████████████████▊      | 2816/3200 [04:09<00:17, 21.90it/s]
MRAEA:  88%|█████████████████████████████████████████████▊      | 2819/3200 [04:10<00:23, 16.14it/s]
MRAEA:  88%|█████████████████████████████████████████████▊      | 2822/3200 [04:10<00:27, 13.63it/s]
MRAEA:  88%|█████████████████████████████████████████████▉      | 2824/3200 [04:10<00:29, 12.59it/s]15:59:50 | INFO    | epoch 2825/3200 | loss=0.0005
15:59:50 | INFO    |            [filtered] MRR=0.5570 Hit@1=0.4079 Hit@5=0.7476 Hit@10=0.8009 MR=469.9 n=939
15:59:50 | INFO    |            [multiref] MRR=0.5992 Hit@1=0.4286 Hit@5=0.8131 Hit@10=0.8705 MR=248.1 n=749

MRAEA:  88%|█████████████████████████████████████████████▉      | 2826/3200 [04:11<00:43,  8.56it/s]
MRAEA:  88%|█████████████████████████████████████████████▉      | 2828/3200 [04:11<00:42,  8.85it/s]
MRAEA:  88%|█████████████████████████████████████████████▉      | 2830/3200 [04:11<00:40,  9.09it/s]
MRAEA:  88%|██████████████████████████████████████████████      | 2832/3200 [04:11<00:39,  9.29it/s]
MRAEA:  89%|██████████████████████████████████████████████      | 2834/3200 [04:12<00:38,  9.44it/s]
MRAEA:  89%|██████████████████████████████████████████████      | 2836/3200 [04:12<00:38,  9.56it/s]
MRAEA:  89%|██████████████████████████████████████████████      | 2838/3200 [04:12<00:32, 11.06it/s]
MRAEA:  89%|██████████████████████████████████████████████▏     | 2842/3200 [04:12<00:21, 16.28it/s]
MRAEA:  89%|██████████████████████████████████████████████▏     | 2846/3200 [04:12<00:17, 20.50it/s]15:59:52 | INFO    | epoch 2850/3200 | loss=0.0012
15:59:52 | INFO    |            [filtered] MRR=0.5532 Hit@1=0.4026 Hit@5=0.7476 Hit@10=0.7998 MR=462.9 n=939
15:59:52 | INFO    |            [multiref] MRR=0.5955 Hit@1=0.4246 Hit@5=0.8131 Hit@10=0.8705 MR=244.5 n=749

MRAEA:  89%|██████████████████████████████████████████████▎     | 2850/3200 [04:12<00:21, 16.02it/s]
MRAEA:  89%|██████████████████████████████████████████████▎     | 2853/3200 [04:13<00:25, 13.61it/s]
MRAEA:  89%|██████████████████████████████████████████████▍     | 2855/3200 [04:13<00:27, 12.61it/s]
MRAEA:  89%|██████████████████████████████████████████████▍     | 2857/3200 [04:13<00:28, 11.84it/s]
MRAEA:  89%|██████████████████████████████████████████████▍     | 2859/3200 [04:13<00:30, 11.28it/s]
MRAEA:  89%|██████████████████████████████████████████████▍     | 2861/3200 [04:14<00:31, 10.87it/s]
MRAEA:  89%|██████████████████████████████████████████████▌     | 2863/3200 [04:14<00:31, 10.57it/s]
MRAEA:  90%|██████████████████████████████████████████████▌     | 2865/3200 [04:14<00:32, 10.28it/s]
MRAEA:  90%|██████████████████████████████████████████████▌     | 2867/3200 [04:14<00:32, 10.17it/s]
MRAEA:  90%|██████████████████████████████████████████████▌     | 2869/3200 [04:14<00:32, 10.08it/s]
MRAEA:  90%|██████████████████████████████████████████████▋     | 2871/3200 [04:15<00:32, 10.01it/s]
MRAEA:  90%|██████████████████████████████████████████████▋     | 2873/3200 [04:15<00:32,  9.97it/s]15:59:54 | INFO    | epoch 2875/3200 | loss=0.0000
15:59:54 | INFO    |            [filtered] MRR=0.5560 Hit@1=0.4089 Hit@5=0.7465 Hit@10=0.7977 MR=466.5 n=939
15:59:54 | INFO    |            [multiref] MRR=0.5991 Hit@1=0.4326 Hit@5=0.8117 Hit@10=0.8692 MR=247.0 n=749

MRAEA:  90%|██████████████████████████████████████████████▋     | 2875/3200 [04:15<00:41,  7.76it/s]
MRAEA:  90%|██████████████████████████████████████████████▊     | 2879/3200 [04:15<00:26, 12.13it/s]
MRAEA:  90%|██████████████████████████████████████████████▊     | 2883/3200 [04:15<00:19, 16.63it/s]
MRAEA:  90%|██████████████████████████████████████████████▉     | 2886/3200 [04:16<00:17, 18.42it/s]
MRAEA:  90%|██████████████████████████████████████████████▉     | 2889/3200 [04:16<00:21, 14.56it/s]
MRAEA:  90%|██████████████████████████████████████████████▉     | 2891/3200 [04:16<00:23, 13.16it/s]
MRAEA:  90%|███████████████████████████████████████████████     | 2893/3200 [04:16<00:25, 12.18it/s]
MRAEA:  90%|███████████████████████████████████████████████     | 2895/3200 [04:16<00:26, 11.49it/s]
MRAEA:  91%|███████████████████████████████████████████████     | 2897/3200 [04:17<00:27, 11.00it/s]
MRAEA:  91%|███████████████████████████████████████████████     | 2899/3200 [04:17<00:28, 10.65it/s]15:59:56 | INFO    | epoch 2900/3200 | loss=0.0013
15:59:56 | INFO    |            [filtered] MRR=0.5543 Hit@1=0.4058 Hit@5=0.7444 Hit@10=0.7977 MR=468.1 n=939
15:59:56 | INFO    |            [multiref] MRR=0.5972 Hit@1=0.4299 Hit@5=0.8104 Hit@10=0.8678 MR=247.9 n=749

MRAEA:  91%|███████████████████████████████████████████████▏    | 2901/3200 [04:17<00:41,  7.18it/s]
MRAEA:  91%|███████████████████████████████████████████████▏    | 2902/3200 [04:17<00:39,  7.52it/s]
MRAEA:  91%|███████████████████████████████████████████████▏    | 2903/3200 [04:18<00:37,  7.88it/s]
MRAEA:  91%|███████████████████████████████████████████████▏    | 2904/3200 [04:18<00:35,  8.24it/s]
MRAEA:  91%|███████████████████████████████████████████████▏    | 2905/3200 [04:18<00:34,  8.57it/s]
MRAEA:  91%|███████████████████████████████████████████████▏    | 2906/3200 [04:18<00:33,  8.87it/s]
MRAEA:  91%|███████████████████████████████████████████████▎    | 2910/3200 [04:18<00:18, 15.38it/s]
MRAEA:  91%|███████████████████████████████████████████████▎    | 2914/3200 [04:18<00:13, 21.09it/s]
MRAEA:  91%|███████████████████████████████████████████████▍    | 2918/3200 [04:18<00:11, 25.52it/s]
MRAEA:  91%|███████████████████████████████████████████████▍    | 2922/3200 [04:18<00:09, 28.68it/s]15:59:58 | INFO    | epoch 2925/3200 | loss=0.0002
15:59:58 | INFO    |            [filtered] MRR=0.5493 Hit@1=0.3951 Hit@5=0.7444 Hit@10=0.7987 MR=467.4 n=939
15:59:58 | INFO    |            [multiref] MRR=0.5908 Hit@1=0.4166 Hit@5=0.8117 Hit@10=0.8678 MR=247.5 n=749

MRAEA:  91%|███████████████████████████████████████████████▌    | 2926/3200 [04:19<00:17, 15.32it/s]
MRAEA:  92%|███████████████████████████████████████████████▌    | 2929/3200 [04:19<00:20, 13.34it/s]
MRAEA:  92%|███████████████████████████████████████████████▋    | 2931/3200 [04:19<00:21, 12.45it/s]
MRAEA:  92%|███████████████████████████████████████████████▋    | 2933/3200 [04:19<00:22, 11.75it/s]
MRAEA:  92%|███████████████████████████████████████████████▋    | 2935/3200 [04:20<00:23, 11.23it/s]
MRAEA:  92%|███████████████████████████████████████████████▋    | 2937/3200 [04:20<00:24, 10.84it/s]
MRAEA:  92%|███████████████████████████████████████████████▊    | 2939/3200 [04:20<00:24, 10.55it/s]
MRAEA:  92%|███████████████████████████████████████████████▊    | 2941/3200 [04:20<00:25, 10.35it/s]
MRAEA:  92%|███████████████████████████████████████████████▊    | 2943/3200 [04:21<00:25, 10.21it/s]
MRAEA:  92%|███████████████████████████████████████████████▊    | 2945/3200 [04:21<00:25, 10.10it/s]
MRAEA:  92%|███████████████████████████████████████████████▉    | 2947/3200 [04:21<00:25, 10.03it/s]
MRAEA:  92%|███████████████████████████████████████████████▉    | 2949/3200 [04:21<00:25,  9.98it/s]16:00:00 | INFO    | epoch 2950/3200 | loss=0.0000
16:00:01 | INFO    |            [filtered] MRR=0.5426 Hit@1=0.3802 Hit@5=0.7476 Hit@10=0.8009 MR=460.5 n=939
16:00:01 | INFO    |            [multiref] MRR=0.5825 Hit@1=0.3979 Hit@5=0.8131 Hit@10=0.8718 MR=248.8 n=749

MRAEA:  92%|███████████████████████████████████████████████▉    | 2951/3200 [04:21<00:29,  8.39it/s]
MRAEA:  92%|████████████████████████████████████████████████    | 2955/3200 [04:22<00:18, 12.95it/s]
MRAEA:  92%|████████████████████████████████████████████████    | 2959/3200 [04:22<00:13, 17.54it/s]
MRAEA:  93%|████████████████████████████████████████████████▏   | 2963/3200 [04:22<00:10, 21.82it/s]
MRAEA:  93%|████████████████████████████████████████████████▏   | 2966/3200 [04:22<00:11, 21.27it/s]
MRAEA:  93%|████████████████████████████████████████████████▏   | 2969/3200 [04:22<00:14, 15.99it/s]
MRAEA:  93%|████████████████████████████████████████████████▎   | 2972/3200 [04:23<00:16, 13.55it/s]
MRAEA:  93%|████████████████████████████████████████████████▎   | 2974/3200 [04:23<00:18, 12.54it/s]16:00:02 | INFO    | epoch 2975/3200 | loss=0.0000
16:00:02 | INFO    |            [filtered] MRR=0.5384 Hit@1=0.3717 Hit@5=0.7497 Hit@10=0.8030 MR=456.2 n=939
16:00:02 | INFO    |            [multiref] MRR=0.5769 Hit@1=0.3872 Hit@5=0.8144 Hit@10=0.8718 MR=246.6 n=749

MRAEA:  93%|████████████████████████████████████████████████▎   | 2976/3200 [04:23<00:26,  8.33it/s]
MRAEA:  93%|████████████████████████████████████████████████▍   | 2978/3200 [04:23<00:25,  8.66it/s]
MRAEA:  93%|████████████████████████████████████████████████▍   | 2980/3200 [04:24<00:24,  8.95it/s]
MRAEA:  93%|████████████████████████████████████████████████▍   | 2982/3200 [04:24<00:23,  9.18it/s]
MRAEA:  93%|████████████████████████████████████████████████▍   | 2984/3200 [04:24<00:23,  9.36it/s]
MRAEA:  93%|████████████████████████████████████████████████▌   | 2986/3200 [04:24<00:22,  9.50it/s]
MRAEA:  93%|████████████████████████████████████████████████▌   | 2988/3200 [04:24<00:19, 10.92it/s]
MRAEA:  94%|████████████████████████████████████████████████▌   | 2992/3200 [04:24<00:12, 16.12it/s]
MRAEA:  94%|████████████████████████████████████████████████▋   | 2996/3200 [04:25<00:09, 20.80it/s]16:00:04 | INFO    | epoch 3000/3200 | loss=0.0017
16:00:04 | INFO    |            [filtered] MRR=0.5377 Hit@1=0.3685 Hit@5=0.7519 Hit@10=0.8062 MR=450.0 n=939
16:00:04 | INFO    |            [multiref] MRR=0.5764 Hit@1=0.3858 Hit@5=0.8158 Hit@10=0.8732 MR=243.0 n=749

MRAEA:  94%|████████████████████████████████████████████████▊   | 3000/3200 [04:25<00:12, 16.02it/s]
MRAEA:  94%|████████████████████████████████████████████████▊   | 3003/3200 [04:25<00:11, 16.64it/s]
MRAEA:  94%|████████████████████████████████████████████████▊   | 3006/3200 [04:25<00:13, 13.94it/s]
MRAEA:  94%|████████████████████████████████████████████████▉   | 3008/3200 [04:26<00:14, 12.81it/s]
MRAEA:  94%|████████████████████████████████████████████████▉   | 3010/3200 [04:26<00:15, 11.97it/s]
MRAEA:  94%|████████████████████████████████████████████████▉   | 3012/3200 [04:26<00:16, 11.36it/s]
MRAEA:  94%|████████████████████████████████████████████████▉   | 3014/3200 [04:26<00:17, 10.92it/s]
MRAEA:  94%|█████████████████████████████████████████████████   | 3016/3200 [04:26<00:17, 10.61it/s]
MRAEA:  94%|█████████████████████████████████████████████████   | 3018/3200 [04:27<00:17, 10.39it/s]
MRAEA:  94%|█████████████████████████████████████████████████   | 3020/3200 [04:27<00:17, 10.23it/s]
MRAEA:  94%|█████████████████████████████████████████████████   | 3022/3200 [04:27<00:17, 10.12it/s]
MRAEA:  94%|█████████████████████████████████████████████████▏  | 3024/3200 [04:27<00:17, 10.04it/s]16:00:07 | INFO    | epoch 3025/3200 | loss=0.0000
16:00:07 | INFO    |            [filtered] MRR=0.5370 Hit@1=0.3663 Hit@5=0.7561 Hit@10=0.8062 MR=447.7 n=939
16:00:07 | INFO    |            [multiref] MRR=0.5757 Hit@1=0.3845 Hit@5=0.8184 Hit@10=0.8732 MR=240.8 n=749

MRAEA:  95%|█████████████████████████████████████████████████▏  | 3026/3200 [04:28<00:22,  7.67it/s]
MRAEA:  95%|█████████████████████████████████████████████████▏  | 3030/3200 [04:28<00:14, 12.05it/s]
MRAEA:  95%|█████████████████████████████████████████████████▎  | 3034/3200 [04:28<00:10, 16.46it/s]
MRAEA:  95%|█████████████████████████████████████████████████▎  | 3038/3200 [04:28<00:07, 20.57it/s]
MRAEA:  95%|█████████████████████████████████████████████████▍  | 3042/3200 [04:28<00:06, 24.41it/s]
MRAEA:  95%|█████████████████████████████████████████████████▍  | 3046/3200 [04:28<00:05, 27.44it/s]16:00:08 | INFO    | epoch 3050/3200 | loss=0.0003
16:00:08 | INFO    |            [filtered] MRR=0.5376 Hit@1=0.3663 Hit@5=0.7583 Hit@10=0.8083 MR=449.2 n=939
16:00:08 | INFO    |            [multiref] MRR=0.5742 Hit@1=0.3805 Hit@5=0.8184 Hit@10=0.8758 MR=241.1 n=749

MRAEA:  95%|█████████████████████████████████████████████████▌  | 3050/3200 [04:29<00:10, 14.00it/s]
MRAEA:  95%|█████████████████████████████████████████████████▌  | 3053/3200 [04:29<00:11, 12.65it/s]
MRAEA:  96%|█████████████████████████████████████████████████▋  | 3056/3200 [04:29<00:12, 11.76it/s]
MRAEA:  96%|█████████████████████████████████████████████████▋  | 3058/3200 [04:30<00:12, 11.32it/s]
MRAEA:  96%|█████████████████████████████████████████████████▋  | 3060/3200 [04:30<00:12, 10.95it/s]
MRAEA:  96%|█████████████████████████████████████████████████▊  | 3062/3200 [04:30<00:12, 10.67it/s]
MRAEA:  96%|█████████████████████████████████████████████████▊  | 3064/3200 [04:30<00:13, 10.45it/s]
MRAEA:  96%|█████████████████████████████████████████████████▊  | 3066/3200 [04:30<00:13, 10.28it/s]
MRAEA:  96%|█████████████████████████████████████████████████▊  | 3068/3200 [04:31<00:12, 10.16it/s]
MRAEA:  96%|█████████████████████████████████████████████████▉  | 3070/3200 [04:31<00:11, 10.91it/s]
MRAEA:  96%|█████████████████████████████████████████████████▉  | 3074/3200 [04:31<00:07, 16.01it/s]16:00:10 | INFO    | epoch 3075/3200 | loss=0.0014
16:00:10 | INFO    |            [filtered] MRR=0.5375 Hit@1=0.3663 Hit@5=0.7572 Hit@10=0.8083 MR=446.1 n=939
16:00:10 | INFO    |            [multiref] MRR=0.5729 Hit@1=0.3792 Hit@5=0.8171 Hit@10=0.8745 MR=238.5 n=749

MRAEA:  96%|█████████████████████████████████████████████████▉  | 3076/3200 [04:31<00:10, 12.14it/s]
MRAEA:  96%|██████████████████████████████████████████████████  | 3080/3200 [04:31<00:07, 16.85it/s]
MRAEA:  96%|██████████████████████████████████████████████████  | 3084/3200 [04:31<00:06, 18.92it/s]
MRAEA:  96%|██████████████████████████████████████████████████▏ | 3087/3200 [04:32<00:05, 20.23it/s]
MRAEA:  97%|██████████████████████████████████████████████████▏ | 3090/3200 [04:32<00:07, 15.45it/s]
MRAEA:  97%|██████████████████████████████████████████████████▏ | 3092/3200 [04:32<00:07, 13.77it/s]
MRAEA:  97%|██████████████████████████████████████████████████▎ | 3094/3200 [04:32<00:08, 12.59it/s]
MRAEA:  97%|██████████████████████████████████████████████████▎ | 3096/3200 [04:32<00:08, 11.77it/s]
MRAEA:  97%|██████████████████████████████████████████████████▎ | 3098/3200 [04:33<00:09, 11.19it/s]16:00:12 | INFO    | epoch 3100/3200 | loss=0.0000
16:00:12 | INFO    |            [filtered] MRR=0.5361 Hit@1=0.3632 Hit@5=0.7572 Hit@10=0.8083 MR=450.6 n=939
16:00:12 | INFO    |            [multiref] MRR=0.5710 Hit@1=0.3752 Hit@5=0.8184 Hit@10=0.8745 MR=240.7 n=749

MRAEA:  97%|██████████████████████████████████████████████████▍ | 3100/3200 [04:33<00:13,  7.61it/s]
MRAEA:  97%|██████████████████████████████████████████████████▍ | 3101/3200 [04:33<00:12,  7.91it/s]
MRAEA:  97%|██████████████████████████████████████████████████▍ | 3102/3200 [04:33<00:11,  8.21it/s]
MRAEA:  97%|██████████████████████████████████████████████████▍ | 3103/3200 [04:33<00:11,  8.51it/s]
MRAEA:  97%|██████████████████████████████████████████████████▍ | 3104/3200 [04:34<00:10,  8.79it/s]
MRAEA:  97%|██████████████████████████████████████████████████▍ | 3105/3200 [04:34<00:10,  9.03it/s]
MRAEA:  97%|██████████████████████████████████████████████████▍ | 3106/3200 [04:34<00:10,  9.23it/s]
MRAEA:  97%|██████████████████████████████████████████████████▍ | 3107/3200 [04:34<00:09,  9.40it/s]
MRAEA:  97%|██████████████████████████████████████████████████▌ | 3110/3200 [04:34<00:06, 14.44it/s]
MRAEA:  97%|██████████████████████████████████████████████████▌ | 3114/3200 [04:34<00:04, 21.02it/s]
MRAEA:  97%|██████████████████████████████████████████████████▋ | 3118/3200 [04:34<00:03, 25.82it/s]
MRAEA:  98%|██████████████████████████████████████████████████▋ | 3122/3200 [04:34<00:02, 29.06it/s]16:00:14 | INFO    | epoch 3125/3200 | loss=0.0000
16:00:14 | INFO    |            [filtered] MRR=0.5385 Hit@1=0.3663 Hit@5=0.7572 Hit@10=0.8072 MR=445.3 n=939
16:00:14 | INFO    |            [multiref] MRR=0.5737 Hit@1=0.3792 Hit@5=0.8171 Hit@10=0.8732 MR=237.3 n=749

MRAEA:  98%|██████████████████████████████████████████████████▊ | 3125/3200 [04:35<00:04, 15.80it/s]
MRAEA:  98%|██████████████████████████████████████████████████▊ | 3128/3200 [04:35<00:05, 13.42it/s]
MRAEA:  98%|██████████████████████████████████████████████████▊ | 3130/3200 [04:35<00:05, 12.43it/s]
MRAEA:  98%|██████████████████████████████████████████████████▉ | 3132/3200 [04:35<00:05, 11.69it/s]
MRAEA:  98%|██████████████████████████████████████████████████▉ | 3134/3200 [04:36<00:05, 11.15it/s]
MRAEA:  98%|██████████████████████████████████████████████████▉ | 3136/3200 [04:36<00:05, 10.77it/s]
MRAEA:  98%|██████████████████████████████████████████████████▉ | 3138/3200 [04:36<00:05, 10.49it/s]
MRAEA:  98%|███████████████████████████████████████████████████ | 3140/3200 [04:36<00:05, 10.29it/s]
MRAEA:  98%|███████████████████████████████████████████████████ | 3142/3200 [04:36<00:05, 10.15it/s]
MRAEA:  98%|███████████████████████████████████████████████████ | 3144/3200 [04:37<00:05, 10.06it/s]
MRAEA:  98%|███████████████████████████████████████████████████ | 3146/3200 [04:37<00:05,  9.98it/s]
MRAEA:  98%|███████████████████████████████████████████████████▏| 3148/3200 [04:37<00:05,  9.94it/s]16:00:16 | INFO    | epoch 3150/3200 | loss=0.0000
16:00:17 | INFO    |            [filtered] MRR=0.5385 Hit@1=0.3674 Hit@5=0.7572 Hit@10=0.8094 MR=438.3 n=939
16:00:17 | INFO    |            [multiref] MRR=0.5740 Hit@1=0.3805 Hit@5=0.8171 Hit@10=0.8758 MR=233.7 n=749

MRAEA:  98%|███████████████████████████████████████████████████▏| 3150/3200 [04:37<00:06,  7.69it/s]
MRAEA:  99%|███████████████████████████████████████████████████▎| 3154/3200 [04:38<00:03, 12.04it/s]
MRAEA:  99%|███████████████████████████████████████████████████▎| 3158/3200 [04:38<00:02, 16.52it/s]
MRAEA:  99%|███████████████████████████████████████████████████▍| 3162/3200 [04:38<00:01, 20.81it/s]
MRAEA:  99%|███████████████████████████████████████████████████▍| 3165/3200 [04:38<00:01, 21.10it/s]
MRAEA:  99%|███████████████████████████████████████████████████▍| 3168/3200 [04:38<00:01, 19.01it/s]
MRAEA:  99%|███████████████████████████████████████████████████▌| 3171/3200 [04:38<00:01, 14.96it/s]
MRAEA:  99%|███████████████████████████████████████████████████▌| 3173/3200 [04:39<00:02, 13.44it/s]16:00:18 | INFO    | epoch 3175/3200 | loss=0.0010
16:00:18 | INFO    |            [filtered] MRR=0.5327 Hit@1=0.3536 Hit@5=0.7593 Hit@10=0.8104 MR=436.4 n=939
16:00:18 | INFO    |            [multiref] MRR=0.5660 Hit@1=0.3632 Hit@5=0.8211 Hit@10=0.8758 MR=234.4 n=749

MRAEA:  99%|███████████████████████████████████████████████████▌| 3175/3200 [04:39<00:02,  8.79it/s]
MRAEA:  99%|███████████████████████████████████████████████████▋| 3177/3200 [04:39<00:02,  9.05it/s]
MRAEA:  99%|███████████████████████████████████████████████████▋| 3179/3200 [04:39<00:02,  9.25it/s]
MRAEA:  99%|███████████████████████████████████████████████████▋| 3181/3200 [04:40<00:02,  9.41it/s]
MRAEA:  99%|███████████████████████████████████████████████████▋| 3183/3200 [04:40<00:01,  9.53it/s]
MRAEA: 100%|███████████████████████████████████████████████████▊| 3185/3200 [04:40<00:01,  9.62it/s]
MRAEA: 100%|███████████████████████████████████████████████████▊| 3187/3200 [04:40<00:01,  9.69it/s]
MRAEA: 100%|███████████████████████████████████████████████████▊| 3190/3200 [04:40<00:00, 12.59it/s]
MRAEA: 100%|███████████████████████████████████████████████████▉| 3194/3200 [04:40<00:00, 17.52it/s]
MRAEA: 100%|███████████████████████████████████████████████████▉| 3198/3200 [04:41<00:00, 21.92it/s]16:00:20 | INFO    | epoch 3200/3200 | loss=0.0000
16:00:20 | INFO    |            [filtered] MRR=0.5310 Hit@1=0.3504 Hit@5=0.7604 Hit@10=0.8104 MR=444.8 n=939
16:00:20 | INFO    |            [multiref] MRR=0.5638 Hit@1=0.3591 Hit@5=0.8224 Hit@10=0.8758 MR=245.0 n=749

MRAEA: 100%|████████████████████████████████████████████████████| 3200/3200 [04:41<00:00, 11.37it/s]
16:00:21 | INFO    | Done in 4.7 min. Best filtered MRR=0.5894 @ epoch 2575.
16:00:21 | INFO    | Final evaluation on the test split, read once
16:00:21 | INFO    |   [cosine] filtMRR=0.5648 H@1=0.4625 H@10=0.7808 n=3732 | mrefMRR=0.6252 H@1=0.5210
16:00:22 | INFO    |   [  csls] filtMRR=0.5212 H@1=0.3869 H@10=0.7993 n=3732 | mrefMRR=0.5832 H@1=0.4447
16:00:25 | INFO    |   [cosine] F1=0.5820 P=0.4579 R=0.7987 (threshold 0.985 from validation, validation F1=0.6167)
16:00:26 | INFO    | Wrote experiments/mraea_broadMatch-pgx_20260929-155529/result.json
16:00:26 | INFO    | Finished. Best validation MRR=0.5894 @ epoch 2575.
