05:15:57 | INFO    | Model: rrea | seed 2026 | device: cuda:0
05:15:58 | INFO    | Regime broadMatch/pgx | graph: 84,182 nodes, 131,238 triples, 50,435 UCPGx candidates
05:15:58 | INFO    |   broadMatch/pgx   train=  3,744 test=  8,599 (70%) queries= 6,866 by cluster    leakage=0.00%
05:15:58 | INFO    |   closeMatch       train=  2,738 test=  6,296 (70%) queries= 1,490 by cluster    leakage=0.00%
05:15:58 | INFO    |   sameAs           train= 19,942 test= 46,531 (70%) queries=10,883 by cluster    leakage=0.00%
05:15:58 | INFO    |   broadMatch/onco  train= 25,039 test= 47,737 (66%) queries= 2,032 intra-cluster leakage=0.00%
05:15:58 | INFO    |   relatedMatch     train=  2,801 test=  6,289 (69%) queries=   812 intra-cluster leakage=0.00%
05:15:58 | INFO    |   related          train=471,647 test=762,046 (62%) queries=16,977 intra-cluster leakage=0.00%
05:15:58 | INFO    | Data: {'num_entities': 84182, 'num_relations': 13, 'triples': 131238, 'train_pairs': 2805, 'val_pairs': 939, 'candidates': 50435, 'unlabeled_pool': 47014}
05:16:01 | INFO    | Params: 8.42M
05:16:01 | INFO    | Run directory: experiments/rrea_broadMatch-pgx_20260929-051557
05:16:01 | INFO    | RREA | device=cuda:0 | {'num_entities': 84182, 'num_relations': 13, 'triples': 131238, 'train_pairs': 2805, 'val_pairs': 939, 'candidates': 50435, 'unlabeled_pool': 47014} turns=8 x 200

RREA:   0%|                                                                | 0/1600 [00:00<?, ?it/s]code/src/models/rrea.py:61: UserWarning: Sparse invariant checks are implicitly disabled. Memory errors (e.g. SEGFAULT) will occur when operating on a sparse tensor which violates the invariants, but checks incur performance overhead. To silence this warning, explicitly opt in or out. See `torch.sparse.check_sparse_tensor_invariants.__doc__` for guidance.  (Triggered internally at /__w/pytorch/pytorch/aten/src/ATen/Context.cpp:848.)
  return torch.sparse_coo_tensor(index, val, shape, device=index.device).coalesce()

RREA:   0%|                                                        | 1/1600 [00:00<09:09,  2.91it/s]
RREA:   0%|▏                                                       | 4/1600 [00:00<02:42,  9.83it/s]
RREA:   0%|▏                                                       | 7/1600 [00:00<01:52, 14.13it/s]05:16:02 | INFO    | epoch   10/1600 | loss=0.1445
05:16:02 | INFO    |            [filtered] MRR=0.0684 Hit@1=0.0532 Hit@5=0.0682 Hit@10=0.0852 MR=2957.6 n=939
05:16:02 | INFO    |            [multiref] MRR=0.0559 Hit@1=0.0387 Hit@5=0.0561 Hit@10=0.0774 MR=1551.0 n=749
05:16:02 | INFO    |            -> new best filtered MRR=0.0684 (saved model_best.pt)

RREA:   1%|▎                                                      | 10/1600 [00:01<03:02,  8.71it/s]
RREA:   1%|▍                                                      | 13/1600 [00:01<02:19, 11.40it/s]
RREA:   1%|▌                                                      | 15/1600 [00:01<02:04, 12.78it/s]
RREA:   1%|▌                                                      | 18/1600 [00:01<01:44, 15.19it/s]05:16:03 | INFO    | epoch   20/1600 | loss=0.0421
05:16:03 | INFO    |            [filtered] MRR=0.1120 Hit@1=0.0639 Hit@5=0.1150 Hit@10=0.1981 MR=1922.7 n=939
05:16:03 | INFO    |            [multiref] MRR=0.1051 Hit@1=0.0507 Hit@5=0.1108 Hit@10=0.2029 MR=925.3 n=749
05:16:03 | INFO    |            -> new best filtered MRR=0.1120 (saved model_best.pt)

RREA:   1%|▋                                                      | 20/1600 [00:01<02:47,  9.42it/s]
RREA:   1%|▊                                                      | 23/1600 [00:02<02:12, 11.88it/s]
RREA:   2%|▉                                                      | 26/1600 [00:02<01:51, 14.14it/s]
RREA:   2%|▉                                                      | 29/1600 [00:02<01:40, 15.60it/s]05:16:03 | INFO    | epoch   30/1600 | loss=0.0240
05:16:04 | INFO    |            [filtered] MRR=0.1421 Hit@1=0.0809 Hit@5=0.1629 Hit@10=0.2897 MR=1301.2 n=939
05:16:04 | INFO    |            [multiref] MRR=0.1409 Hit@1=0.0721 Hit@5=0.1682 Hit@10=0.3017 MR=652.3 n=749
05:16:04 | INFO    |            -> new best filtered MRR=0.1421 (saved model_best.pt)

RREA:   2%|█                                                      | 31/1600 [00:02<02:41,  9.73it/s]
RREA:   2%|█▏                                                     | 34/1600 [00:02<02:10, 12.04it/s]
RREA:   2%|█▎                                                     | 37/1600 [00:03<01:49, 14.21it/s]05:16:04 | INFO    | epoch   40/1600 | loss=0.0107
05:16:04 | INFO    |            [filtered] MRR=0.1650 Hit@1=0.0958 Hit@5=0.2002 Hit@10=0.3333 MR=1013.0 n=939
05:16:04 | INFO    |            [multiref] MRR=0.1660 Hit@1=0.0881 Hit@5=0.2083 Hit@10=0.3498 MR=519.4 n=749
05:16:05 | INFO    |            -> new best filtered MRR=0.1650 (saved model_best.pt)

RREA:   2%|█▍                                                     | 40/1600 [00:03<02:41,  9.68it/s]
RREA:   3%|█▍                                                     | 43/1600 [00:03<02:12, 11.78it/s]
RREA:   3%|█▌                                                     | 46/1600 [00:03<01:52, 13.83it/s]
RREA:   3%|█▋                                                     | 49/1600 [00:03<01:38, 15.71it/s]05:16:05 | INFO    | epoch   50/1600 | loss=0.0047
05:16:05 | INFO    |            [filtered] MRR=0.1909 Hit@1=0.1140 Hit@5=0.2492 Hit@10=0.3791 MR=607.2 n=939
05:16:05 | INFO    |            [multiref] MRR=0.1946 Hit@1=0.1081 Hit@5=0.2617 Hit@10=0.3979 MR=399.5 n=749
05:16:06 | INFO    |            -> new best filtered MRR=0.1909 (saved model_best.pt)

RREA:   3%|█▊                                                     | 52/1600 [00:04<02:29, 10.34it/s]
RREA:   3%|█▉                                                     | 55/1600 [00:04<02:04, 12.38it/s]
RREA:   4%|█▉                                                     | 58/1600 [00:04<01:47, 14.35it/s]05:16:06 | INFO    | epoch   60/1600 | loss=0.0031
05:16:06 | INFO    |            [filtered] MRR=0.2072 Hit@1=0.1182 Hit@5=0.2726 Hit@10=0.4153 MR=560.0 n=939
05:16:06 | INFO    |            [multiref] MRR=0.2123 Hit@1=0.1135 Hit@5=0.2790 Hit@10=0.4433 MR=395.5 n=749
05:16:06 | INFO    |            -> new best filtered MRR=0.2072 (saved model_best.pt)

RREA:   4%|██                                                     | 60/1600 [00:05<02:39,  9.63it/s]
RREA:   4%|██▏                                                    | 63/1600 [00:05<02:09, 11.84it/s]
RREA:   4%|██▎                                                    | 66/1600 [00:05<01:49, 13.96it/s]
RREA:   4%|██▎                                                    | 69/1600 [00:05<01:36, 15.86it/s]05:16:07 | INFO    | epoch   70/1600 | loss=0.0033
05:16:07 | INFO    |            [filtered] MRR=0.2302 Hit@1=0.1353 Hit@5=0.3142 Hit@10=0.4515 MR=536.3 n=939
05:16:07 | INFO    |            [multiref] MRR=0.2341 Hit@1=0.1282 Hit@5=0.3298 Hit@10=0.4793 MR=389.2 n=749
05:16:07 | INFO    |            -> new best filtered MRR=0.2302 (saved model_best.pt)

RREA:   4%|██▍                                                    | 72/1600 [00:06<02:24, 10.55it/s]
RREA:   5%|██▌                                                    | 75/1600 [00:06<02:00, 12.61it/s]
RREA:   5%|██▋                                                    | 78/1600 [00:06<01:45, 14.46it/s]05:16:08 | INFO    | epoch   80/1600 | loss=0.0040
05:16:08 | INFO    |            [filtered] MRR=0.2541 Hit@1=0.1480 Hit@5=0.3557 Hit@10=0.4771 MR=443.7 n=939
05:16:08 | INFO    |            [multiref] MRR=0.2595 Hit@1=0.1429 Hit@5=0.3645 Hit@10=0.5047 MR=327.2 n=749
05:16:08 | INFO    |            -> new best filtered MRR=0.2541 (saved model_best.pt)

RREA:   5%|██▊                                                    | 80/1600 [00:06<02:38,  9.62it/s]
RREA:   5%|██▊                                                    | 83/1600 [00:06<02:08, 11.83it/s]
RREA:   5%|██▉                                                    | 86/1600 [00:07<01:48, 13.95it/s]
RREA:   6%|███                                                    | 89/1600 [00:07<01:35, 15.84it/s]05:16:08 | INFO    | epoch   90/1600 | loss=0.0056
05:16:08 | INFO    |            [filtered] MRR=0.2536 Hit@1=0.1459 Hit@5=0.3600 Hit@10=0.4888 MR=382.9 n=939
05:16:08 | INFO    |            [multiref] MRR=0.2519 Hit@1=0.1335 Hit@5=0.3605 Hit@10=0.5234 MR=277.8 n=749

RREA:   6%|███▏                                                   | 91/1600 [00:07<02:15, 11.16it/s]
RREA:   6%|███▏                                                   | 94/1600 [00:07<01:52, 13.41it/s]
RREA:   6%|███▎                                                   | 97/1600 [00:07<01:37, 15.43it/s]05:16:09 | INFO    | epoch  100/1600 | loss=0.0022
05:16:09 | INFO    |            [filtered] MRR=0.2460 Hit@1=0.1374 Hit@5=0.3376 Hit@10=0.4696 MR=357.8 n=939
05:16:09 | INFO    |            [multiref] MRR=0.2474 Hit@1=0.1308 Hit@5=0.3458 Hit@10=0.4967 MR=256.4 n=749

RREA:   6%|███▍                                                  | 100/1600 [00:08<02:04, 12.02it/s]
RREA:   6%|███▍                                                  | 103/1600 [00:08<01:46, 14.03it/s]
RREA:   7%|███▌                                                  | 106/1600 [00:08<01:33, 15.89it/s]
RREA:   7%|███▋                                                  | 109/1600 [00:08<01:25, 17.49it/s]05:16:10 | INFO    | epoch  110/1600 | loss=0.0041
05:16:10 | INFO    |            [filtered] MRR=0.2498 Hit@1=0.1310 Hit@5=0.3632 Hit@10=0.4984 MR=354.3 n=939
05:16:10 | INFO    |            [multiref] MRR=0.2442 Hit@1=0.1135 Hit@5=0.3685 Hit@10=0.5194 MR=260.9 n=749

RREA:   7%|███▊                                                  | 112/1600 [00:08<01:54, 12.99it/s]
RREA:   7%|███▉                                                  | 115/1600 [00:09<01:39, 14.92it/s]
RREA:   7%|███▉                                                  | 118/1600 [00:09<01:29, 16.64it/s]05:16:10 | INFO    | epoch  120/1600 | loss=0.0018
05:16:11 | INFO    |            [filtered] MRR=0.2708 Hit@1=0.1640 Hit@5=0.3717 Hit@10=0.5037 MR=329.2 n=939
05:16:11 | INFO    |            [multiref] MRR=0.2683 Hit@1=0.1509 Hit@5=0.3832 Hit@10=0.5327 MR=240.7 n=749
05:16:11 | INFO    |            -> new best filtered MRR=0.2708 (saved model_best.pt)

RREA:   8%|████                                                  | 120/1600 [00:09<02:22, 10.39it/s]
RREA:   8%|████▏                                                 | 123/1600 [00:09<01:57, 12.60it/s]
RREA:   8%|████▎                                                 | 126/1600 [00:09<01:40, 14.66it/s]
RREA:   8%|████▎                                                 | 129/1600 [00:10<01:29, 16.48it/s]05:16:11 | INFO    | epoch  130/1600 | loss=0.0015
05:16:11 | INFO    |            [filtered] MRR=0.2758 Hit@1=0.1693 Hit@5=0.3845 Hit@10=0.4963 MR=319.4 n=939
05:16:11 | INFO    |            [multiref] MRR=0.2812 Hit@1=0.1656 Hit@5=0.4059 Hit@10=0.5154 MR=233.6 n=749
05:16:12 | INFO    |            -> new best filtered MRR=0.2758 (saved model_best.pt)

RREA:   8%|████▍                                                 | 132/1600 [00:10<02:17, 10.64it/s]
RREA:   8%|████▌                                                 | 135/1600 [00:10<01:55, 12.70it/s]
RREA:   9%|████▋                                                 | 138/1600 [00:10<01:39, 14.67it/s]05:16:12 | INFO    | epoch  140/1600 | loss=0.0037
05:16:12 | INFO    |            [filtered] MRR=0.2765 Hit@1=0.1619 Hit@5=0.3813 Hit@10=0.5122 MR=328.3 n=939
05:16:12 | INFO    |            [multiref] MRR=0.2710 Hit@1=0.1455 Hit@5=0.3858 Hit@10=0.5381 MR=243.9 n=749
05:16:12 | INFO    |            -> new best filtered MRR=0.2765 (saved model_best.pt)

RREA:   9%|████▋                                                 | 140/1600 [00:11<02:30,  9.70it/s]
RREA:   9%|████▊                                                 | 143/1600 [00:11<02:04, 11.74it/s]
RREA:   9%|████▉                                                 | 146/1600 [00:11<01:44, 13.87it/s]
RREA:   9%|█████                                                 | 149/1600 [00:11<01:31, 15.78it/s]05:16:13 | INFO    | epoch  150/1600 | loss=0.0021
05:16:13 | INFO    |            [filtered] MRR=0.2811 Hit@1=0.1725 Hit@5=0.3845 Hit@10=0.5037 MR=320.2 n=939
05:16:13 | INFO    |            [multiref] MRR=0.2792 Hit@1=0.1589 Hit@5=0.3939 Hit@10=0.5274 MR=240.9 n=749
05:16:13 | INFO    |            -> new best filtered MRR=0.2811 (saved model_best.pt)

RREA:   9%|█████                                                 | 151/1600 [00:12<02:26,  9.88it/s]
RREA:  10%|█████▏                                                | 154/1600 [00:12<01:59, 12.14it/s]
RREA:  10%|█████▎                                                | 156/1600 [00:12<01:47, 13.38it/s]
RREA:  10%|█████▎                                                | 159/1600 [00:12<01:32, 15.52it/s]05:16:14 | INFO    | epoch  160/1600 | loss=0.0001
05:16:14 | INFO    |            [filtered] MRR=0.2703 Hit@1=0.1715 Hit@5=0.3600 Hit@10=0.4792 MR=283.3 n=939
05:16:14 | INFO    |            [multiref] MRR=0.2722 Hit@1=0.1642 Hit@5=0.3752 Hit@10=0.5033 MR=205.0 n=749

RREA:  10%|█████▍                                                | 161/1600 [00:12<02:09, 11.15it/s]
RREA:  10%|█████▌                                                | 164/1600 [00:13<01:46, 13.51it/s]
RREA:  10%|█████▋                                                | 167/1600 [00:13<01:31, 15.58it/s]05:16:14 | INFO    | epoch  170/1600 | loss=0.0062
05:16:14 | INFO    |            [filtered] MRR=0.2803 Hit@1=0.1906 Hit@5=0.3461 Hit@10=0.4846 MR=300.3 n=939
05:16:14 | INFO    |            [multiref] MRR=0.2784 Hit@1=0.1802 Hit@5=0.3498 Hit@10=0.5060 MR=215.5 n=749

RREA:  11%|█████▋                                                | 170/1600 [00:13<02:01, 11.79it/s]
RREA:  11%|█████▊                                                | 173/1600 [00:13<01:42, 13.88it/s]
RREA:  11%|█████▉                                                | 176/1600 [00:13<01:30, 15.78it/s]
RREA:  11%|██████                                                | 179/1600 [00:13<01:21, 17.42it/s]05:16:15 | INFO    | epoch  180/1600 | loss=0.0025
05:16:15 | INFO    |            [filtered] MRR=0.2758 Hit@1=0.1810 Hit@5=0.3642 Hit@10=0.4856 MR=299.0 n=939
05:16:15 | INFO    |            [multiref] MRR=0.2735 Hit@1=0.1696 Hit@5=0.3685 Hit@10=0.5033 MR=212.8 n=749

RREA:  11%|██████▏                                               | 182/1600 [00:14<01:49, 12.91it/s]
RREA:  12%|██████▏                                               | 184/1600 [00:14<01:41, 13.99it/s]
RREA:  12%|██████▎                                               | 187/1600 [00:14<01:28, 15.98it/s]05:16:16 | INFO    | epoch  190/1600 | loss=0.0018
05:16:16 | INFO    |            [filtered] MRR=0.2800 Hit@1=0.1906 Hit@5=0.3589 Hit@10=0.4771 MR=289.5 n=939
05:16:16 | INFO    |            [multiref] MRR=0.2809 Hit@1=0.1829 Hit@5=0.3725 Hit@10=0.4980 MR=201.7 n=749

RREA:  12%|██████▍                                               | 190/1600 [00:14<01:56, 12.13it/s]
RREA:  12%|██████▌                                               | 193/1600 [00:15<01:39, 14.20it/s]
RREA:  12%|██████▌                                               | 196/1600 [00:15<01:27, 16.05it/s]
RREA:  12%|██████▋                                               | 199/1600 [00:15<01:19, 17.63it/s]05:16:16 | INFO    | epoch  200/1600 | loss=0.0079 | bootstrap: +248 mutual pairs (train=3053, pool=501)
05:16:17 | INFO    |            [filtered] MRR=0.2892 Hit@1=0.1874 Hit@5=0.3759 Hit@10=0.5069 MR=280.0 n=939
05:16:17 | INFO    |            [multiref] MRR=0.2835 Hit@1=0.1709 Hit@5=0.3818 Hit@10=0.5287 MR=199.6 n=749
05:16:17 | INFO    |            -> new best filtered MRR=0.2892 (saved model_best.pt)

RREA:  13%|██████▊                                               | 202/1600 [00:15<02:08, 10.92it/s]
RREA:  13%|██████▉                                               | 205/1600 [00:15<01:47, 12.95it/s]
RREA:  13%|███████                                               | 208/1600 [00:16<01:33, 14.88it/s]05:16:17 | INFO    | epoch  210/1600 | loss=0.0013
05:16:17 | INFO    |            [filtered] MRR=0.3029 Hit@1=0.2130 Hit@5=0.3727 Hit@10=0.5080 MR=289.7 n=939
05:16:17 | INFO    |            [multiref] MRR=0.3019 Hit@1=0.2043 Hit@5=0.3765 Hit@10=0.5394 MR=213.8 n=749
05:16:18 | INFO    |            -> new best filtered MRR=0.3029 (saved model_best.pt)

RREA:  13%|███████                                               | 210/1600 [00:16<02:21,  9.81it/s]
RREA:  13%|███████▏                                              | 213/1600 [00:16<01:55, 12.00it/s]
RREA:  14%|███████▎                                              | 216/1600 [00:16<01:38, 14.11it/s]
RREA:  14%|███████▍                                              | 219/1600 [00:16<01:26, 16.00it/s]05:16:18 | INFO    | epoch  220/1600 | loss=0.0011
05:16:18 | INFO    |            [filtered] MRR=0.3159 Hit@1=0.2173 Hit@5=0.4036 Hit@10=0.5261 MR=281.5 n=939
05:16:18 | INFO    |            [multiref] MRR=0.3153 Hit@1=0.2056 Hit@5=0.4166 Hit@10=0.5594 MR=195.3 n=749
05:16:18 | INFO    |            -> new best filtered MRR=0.3159 (saved model_best.pt)

RREA:  14%|███████▍                                              | 222/1600 [00:17<02:12, 10.42it/s]
RREA:  14%|███████▌                                              | 225/1600 [00:17<01:50, 12.48it/s]
RREA:  14%|███████▋                                              | 228/1600 [00:17<01:34, 14.46it/s]05:16:19 | INFO    | epoch  230/1600 | loss=0.0010
05:16:19 | INFO    |            [filtered] MRR=0.3165 Hit@1=0.2077 Hit@5=0.4239 Hit@10=0.5517 MR=273.2 n=939
05:16:19 | INFO    |            [multiref] MRR=0.3160 Hit@1=0.1949 Hit@5=0.4393 Hit@10=0.5821 MR=187.2 n=749
05:16:19 | INFO    |            -> new best filtered MRR=0.3165 (saved model_best.pt)

RREA:  14%|███████▊                                              | 230/1600 [00:18<02:19,  9.80it/s]
RREA:  15%|███████▊                                              | 233/1600 [00:18<01:53, 12.01it/s]
RREA:  15%|███████▉                                              | 236/1600 [00:18<01:36, 14.12it/s]
RREA:  15%|████████                                              | 238/1600 [00:18<01:29, 15.15it/s]05:16:20 | INFO    | epoch  240/1600 | loss=0.0002
05:16:20 | INFO    |            [filtered] MRR=0.3248 Hit@1=0.2258 Hit@5=0.4185 Hit@10=0.5357 MR=288.6 n=939
05:16:20 | INFO    |            [multiref] MRR=0.3261 Hit@1=0.2150 Hit@5=0.4312 Hit@10=0.5674 MR=200.4 n=749
05:16:20 | INFO    |            -> new best filtered MRR=0.3248 (saved model_best.pt)

RREA:  15%|████████                                              | 240/1600 [00:18<02:21,  9.61it/s]
RREA:  15%|████████▏                                             | 243/1600 [00:19<01:53, 12.01it/s]
RREA:  15%|████████▎                                             | 246/1600 [00:19<01:35, 14.23it/s]
RREA:  16%|████████▍                                             | 249/1600 [00:19<01:23, 16.17it/s]05:16:20 | INFO    | epoch  250/1600 | loss=0.0002
05:16:21 | INFO    |            [filtered] MRR=0.3098 Hit@1=0.2162 Hit@5=0.4047 Hit@10=0.5122 MR=290.7 n=939
05:16:21 | INFO    |            [multiref] MRR=0.3084 Hit@1=0.2043 Hit@5=0.4139 Hit@10=0.5394 MR=202.3 n=749

RREA:  16%|████████▍                                             | 251/1600 [00:19<01:55, 11.64it/s]
RREA:  16%|████████▌                                             | 254/1600 [00:19<01:36, 13.91it/s]
RREA:  16%|████████▋                                             | 257/1600 [00:19<01:24, 15.91it/s]05:16:21 | INFO    | epoch  260/1600 | loss=0.0058
05:16:21 | INFO    |            [filtered] MRR=0.3030 Hit@1=0.1885 Hit@5=0.4228 Hit@10=0.5410 MR=284.9 n=939
05:16:21 | INFO    |            [multiref] MRR=0.3033 Hit@1=0.1816 Hit@5=0.4259 Hit@10=0.5728 MR=198.3 n=749

RREA:  16%|████████▊                                             | 260/1600 [00:20<01:49, 12.22it/s]
RREA:  16%|████████▉                                             | 263/1600 [00:20<01:34, 14.17it/s]
RREA:  17%|████████▉                                             | 266/1600 [00:20<01:23, 16.00it/s]
RREA:  17%|█████████                                             | 269/1600 [00:20<01:15, 17.57it/s]05:16:22 | INFO    | epoch  270/1600 | loss=0.0002
05:16:22 | INFO    |            [filtered] MRR=0.3090 Hit@1=0.1853 Hit@5=0.4324 Hit@10=0.5634 MR=273.4 n=939
05:16:22 | INFO    |            [multiref] MRR=0.3144 Hit@1=0.1816 Hit@5=0.4433 Hit@10=0.5928 MR=188.0 n=749

RREA:  17%|█████████▏                                            | 272/1600 [00:21<01:41, 13.03it/s]
RREA:  17%|█████████▎                                            | 275/1600 [00:21<01:28, 14.96it/s]
RREA:  17%|█████████▍                                            | 278/1600 [00:21<01:19, 16.67it/s]05:16:22 | INFO    | epoch  280/1600 | loss=0.0030
05:16:23 | INFO    |            [filtered] MRR=0.3215 Hit@1=0.2098 Hit@5=0.4324 Hit@10=0.5517 MR=281.0 n=939
05:16:23 | INFO    |            [multiref] MRR=0.3169 Hit@1=0.2003 Hit@5=0.4299 Hit@10=0.5728 MR=198.6 n=749

RREA:  18%|█████████▍                                            | 280/1600 [00:21<01:49, 12.01it/s]
RREA:  18%|█████████▌                                            | 283/1600 [00:21<01:32, 14.16it/s]
RREA:  18%|█████████▋                                            | 286/1600 [00:21<01:21, 16.08it/s]
RREA:  18%|█████████▊                                            | 289/1600 [00:22<01:14, 17.68it/s]05:16:23 | INFO    | epoch  290/1600 | loss=0.0019
05:16:23 | INFO    |            [filtered] MRR=0.3243 Hit@1=0.2141 Hit@5=0.4292 Hit@10=0.5580 MR=272.4 n=939
05:16:23 | INFO    |            [multiref] MRR=0.3234 Hit@1=0.2043 Hit@5=0.4352 Hit@10=0.5888 MR=190.1 n=749

RREA:  18%|█████████▊                                            | 292/1600 [00:22<01:44, 12.53it/s]
RREA:  18%|█████████▉                                            | 295/1600 [00:22<01:29, 14.52it/s]
RREA:  19%|██████████                                            | 298/1600 [00:22<01:19, 16.30it/s]05:16:24 | INFO    | epoch  300/1600 | loss=0.0021
05:16:24 | INFO    |            [filtered] MRR=0.3302 Hit@1=0.2162 Hit@5=0.4409 Hit@10=0.5708 MR=285.7 n=939
05:16:24 | INFO    |            [multiref] MRR=0.3303 Hit@1=0.2069 Hit@5=0.4473 Hit@10=0.5968 MR=198.0 n=749
05:16:24 | INFO    |            -> new best filtered MRR=0.3302 (saved model_best.pt)

RREA:  19%|██████████▏                                           | 300/1600 [00:23<02:08, 10.09it/s]
RREA:  19%|██████████▏                                           | 303/1600 [00:23<01:45, 12.31it/s]
RREA:  19%|██████████▎                                           | 306/1600 [00:23<01:29, 14.40it/s]
RREA:  19%|██████████▍                                           | 309/1600 [00:23<01:19, 16.18it/s]05:16:25 | INFO    | epoch  310/1600 | loss=0.0001
05:16:25 | INFO    |            [filtered] MRR=0.3461 Hit@1=0.2428 Hit@5=0.4420 Hit@10=0.5666 MR=287.0 n=939
05:16:25 | INFO    |            [multiref] MRR=0.3513 Hit@1=0.2390 Hit@5=0.4539 Hit@10=0.5968 MR=200.7 n=749
05:16:25 | INFO    |            -> new best filtered MRR=0.3461 (saved model_best.pt)

RREA:  19%|██████████▍                                           | 311/1600 [00:24<02:09,  9.95it/s]
RREA:  20%|██████████▌                                           | 314/1600 [00:24<01:45, 12.21it/s]
RREA:  20%|██████████▋                                           | 317/1600 [00:24<01:29, 14.33it/s]05:16:26 | INFO    | epoch  320/1600 | loss=0.0002
05:16:26 | INFO    |            [filtered] MRR=0.3426 Hit@1=0.2311 Hit@5=0.4579 Hit@10=0.5825 MR=286.6 n=939
05:16:26 | INFO    |            [multiref] MRR=0.3438 Hit@1=0.2216 Hit@5=0.4700 Hit@10=0.6142 MR=197.9 n=749

RREA:  20%|██████████▊                                           | 320/1600 [00:24<01:50, 11.55it/s]
RREA:  20%|██████████▉                                           | 323/1600 [00:24<01:33, 13.62it/s]
RREA:  20%|███████████                                           | 326/1600 [00:24<01:22, 15.48it/s]
RREA:  21%|███████████                                           | 329/1600 [00:25<01:14, 17.15it/s]05:16:26 | INFO    | epoch  330/1600 | loss=0.0011
05:16:26 | INFO    |            [filtered] MRR=0.3531 Hit@1=0.2428 Hit@5=0.4643 Hit@10=0.5836 MR=283.6 n=939
05:16:26 | INFO    |            [multiref] MRR=0.3570 Hit@1=0.2363 Hit@5=0.4780 Hit@10=0.6182 MR=199.9 n=749
05:16:27 | INFO    |            -> new best filtered MRR=0.3531 (saved model_best.pt)

RREA:  21%|███████████▏                                          | 332/1600 [00:25<02:00, 10.57it/s]
RREA:  21%|███████████▎                                          | 335/1600 [00:25<01:40, 12.61it/s]
RREA:  21%|███████████▍                                          | 338/1600 [00:25<01:26, 14.56it/s]05:16:27 | INFO    | epoch  340/1600 | loss=0.0009
05:16:27 | INFO    |            [filtered] MRR=0.3566 Hit@1=0.2524 Hit@5=0.4643 Hit@10=0.5974 MR=286.7 n=939
05:16:27 | INFO    |            [multiref] MRR=0.3540 Hit@1=0.2417 Hit@5=0.4686 Hit@10=0.6248 MR=201.6 n=749
05:16:27 | INFO    |            -> new best filtered MRR=0.3566 (saved model_best.pt)

RREA:  21%|███████████▍                                          | 340/1600 [00:26<02:12,  9.52it/s]
RREA:  21%|███████████▌                                          | 343/1600 [00:26<01:47, 11.71it/s]
RREA:  22%|███████████▋                                          | 346/1600 [00:26<01:30, 13.84it/s]
RREA:  22%|███████████▊                                          | 349/1600 [00:26<01:19, 15.75it/s]05:16:28 | INFO    | epoch  350/1600 | loss=0.0000
05:16:28 | INFO    |            [filtered] MRR=0.3535 Hit@1=0.2428 Hit@5=0.4611 Hit@10=0.5889 MR=292.5 n=939
05:16:28 | INFO    |            [multiref] MRR=0.3570 Hit@1=0.2363 Hit@5=0.4740 Hit@10=0.6235 MR=207.2 n=749

RREA:  22%|███████████▉                                          | 352/1600 [00:27<01:42, 12.16it/s]
RREA:  22%|███████████▉                                          | 355/1600 [00:27<01:27, 14.17it/s]
RREA:  22%|████████████                                          | 358/1600 [00:27<01:17, 15.99it/s]05:16:29 | INFO    | epoch  360/1600 | loss=0.0010
05:16:29 | INFO    |            [filtered] MRR=0.3673 Hit@1=0.2630 Hit@5=0.4686 Hit@10=0.5868 MR=290.5 n=939
05:16:29 | INFO    |            [multiref] MRR=0.3746 Hit@1=0.2617 Hit@5=0.4846 Hit@10=0.6208 MR=203.3 n=749
05:16:29 | INFO    |            -> new best filtered MRR=0.3673 (saved model_best.pt)

RREA:  22%|████████████▏                                         | 360/1600 [00:27<02:00, 10.25it/s]
RREA:  23%|████████████▎                                         | 363/1600 [00:27<01:39, 12.47it/s]
RREA:  23%|████████████▎                                         | 366/1600 [00:28<01:24, 14.54it/s]
RREA:  23%|████████████▍                                         | 369/1600 [00:28<01:15, 16.39it/s]05:16:29 | INFO    | epoch  370/1600 | loss=0.0023
05:16:29 | INFO    |            [filtered] MRR=0.3549 Hit@1=0.2396 Hit@5=0.4718 Hit@10=0.5879 MR=283.4 n=939
05:16:29 | INFO    |            [multiref] MRR=0.3557 Hit@1=0.2296 Hit@5=0.4820 Hit@10=0.6222 MR=195.7 n=749

RREA:  23%|████████████▌                                         | 372/1600 [00:28<01:41, 12.15it/s]
RREA:  23%|████████████▋                                         | 375/1600 [00:28<01:26, 14.16it/s]
RREA:  24%|████████████▊                                         | 378/1600 [00:28<01:16, 15.99it/s]05:16:30 | INFO    | epoch  380/1600 | loss=0.0023
05:16:30 | INFO    |            [filtered] MRR=0.3576 Hit@1=0.2311 Hit@5=0.4984 Hit@10=0.6198 MR=283.7 n=939
05:16:30 | INFO    |            [multiref] MRR=0.3580 Hit@1=0.2176 Hit@5=0.5100 Hit@10=0.6555 MR=192.6 n=749

RREA:  24%|████████████▊                                         | 380/1600 [00:29<01:44, 11.72it/s]
RREA:  24%|████████████▉                                         | 383/1600 [00:29<01:27, 13.90it/s]
RREA:  24%|█████████████                                         | 386/1600 [00:29<01:16, 15.85it/s]
RREA:  24%|█████████████▏                                        | 389/1600 [00:29<01:10, 17.26it/s]05:16:31 | INFO    | epoch  390/1600 | loss=0.0007
05:16:31 | INFO    |            [filtered] MRR=0.3617 Hit@1=0.2524 Hit@5=0.4878 Hit@10=0.5974 MR=291.7 n=939
05:16:31 | INFO    |            [multiref] MRR=0.3625 Hit@1=0.2430 Hit@5=0.5007 Hit@10=0.6315 MR=204.6 n=749

RREA:  24%|█████████████▏                                        | 391/1600 [00:29<01:39, 12.12it/s]
RREA:  25%|█████████████▎                                        | 394/1600 [00:30<01:24, 14.31it/s]
RREA:  25%|█████████████▍                                        | 397/1600 [00:30<01:14, 16.22it/s]05:16:31 | INFO    | epoch  400/1600 | loss=0.0001 | bootstrap: +23 mutual pairs (train=3076, pool=478)
05:16:32 | INFO    |            [filtered] MRR=0.3587 Hit@1=0.2311 Hit@5=0.5080 Hit@10=0.6187 MR=298.8 n=939
05:16:32 | INFO    |            [multiref] MRR=0.3612 Hit@1=0.2203 Hit@5=0.5234 Hit@10=0.6595 MR=210.9 n=749

RREA:  25%|█████████████▌                                        | 400/1600 [00:30<01:42, 11.68it/s]
RREA:  25%|█████████████▌                                        | 403/1600 [00:30<01:27, 13.73it/s]
RREA:  25%|█████████████▋                                        | 406/1600 [00:30<01:16, 15.62it/s]
RREA:  26%|█████████████▊                                        | 409/1600 [00:30<01:09, 17.25it/s]05:16:32 | INFO    | epoch  410/1600 | loss=0.0022
05:16:32 | INFO    |            [filtered] MRR=0.3769 Hit@1=0.2726 Hit@5=0.4739 Hit@10=0.5942 MR=302.4 n=939
05:16:32 | INFO    |            [multiref] MRR=0.3887 Hit@1=0.2750 Hit@5=0.4900 Hit@10=0.6262 MR=214.0 n=749
05:16:32 | INFO    |            -> new best filtered MRR=0.3769 (saved model_best.pt)

RREA:  26%|█████████████▉                                        | 412/1600 [00:31<01:50, 10.79it/s]
RREA:  26%|█████████████▉                                        | 414/1600 [00:31<01:40, 11.80it/s]
RREA:  26%|██████████████                                        | 417/1600 [00:31<01:25, 13.90it/s]
RREA:  26%|██████████████▏                                       | 419/1600 [00:31<01:29, 13.18it/s]05:16:33 | INFO    | epoch  420/1600 | loss=0.0008
05:16:33 | INFO    |            [filtered] MRR=0.3825 Hit@1=0.2620 Hit@5=0.5144 Hit@10=0.6177 MR=296.8 n=939
05:16:33 | INFO    |            [multiref] MRR=0.3882 Hit@1=0.2577 Hit@5=0.5247 Hit@10=0.6502 MR=208.2 n=749
05:16:33 | INFO    |            -> new best filtered MRR=0.3825 (saved model_best.pt)

RREA:  26%|██████████████▏                                       | 421/1600 [00:32<02:18,  8.54it/s]
RREA:  26%|██████████████▎                                       | 424/1600 [00:32<01:47, 10.93it/s]
RREA:  27%|██████████████▍                                       | 427/1600 [00:32<01:28, 13.21it/s]05:16:34 | INFO    | epoch  430/1600 | loss=0.0019
05:16:34 | INFO    |            [filtered] MRR=0.3704 Hit@1=0.2460 Hit@5=0.5005 Hit@10=0.6134 MR=292.7 n=939
05:16:34 | INFO    |            [multiref] MRR=0.3705 Hit@1=0.2336 Hit@5=0.5060 Hit@10=0.6435 MR=203.2 n=749

RREA:  27%|██████████████▌                                       | 430/1600 [00:33<01:46, 10.96it/s]
RREA:  27%|██████████████▌                                       | 433/1600 [00:33<01:29, 13.09it/s]
RREA:  27%|██████████████▋                                       | 436/1600 [00:33<01:17, 14.99it/s]
RREA:  27%|██████████████▊                                       | 439/1600 [00:33<01:09, 16.73it/s]05:16:35 | INFO    | epoch  440/1600 | loss=0.0021
05:16:35 | INFO    |            [filtered] MRR=0.3871 Hit@1=0.2748 Hit@5=0.5005 Hit@10=0.6177 MR=297.1 n=939
05:16:35 | INFO    |            [multiref] MRR=0.3956 Hit@1=0.2737 Hit@5=0.5127 Hit@10=0.6475 MR=203.2 n=749
05:16:35 | INFO    |            -> new best filtered MRR=0.3871 (saved model_best.pt)

RREA:  28%|██████████████▉                                       | 441/1600 [00:33<01:53, 10.20it/s]
RREA:  28%|██████████████▉                                       | 444/1600 [00:34<01:32, 12.43it/s]
RREA:  28%|███████████████                                       | 447/1600 [00:34<01:19, 14.52it/s]05:16:35 | INFO    | epoch  450/1600 | loss=0.0005
05:16:35 | INFO    |            [filtered] MRR=0.3874 Hit@1=0.2641 Hit@5=0.5229 Hit@10=0.6294 MR=299.2 n=939
05:16:35 | INFO    |            [multiref] MRR=0.3892 Hit@1=0.2537 Hit@5=0.5381 Hit@10=0.6569 MR=195.7 n=749
05:16:36 | INFO    |            -> new best filtered MRR=0.3874 (saved model_best.pt)

RREA:  28%|███████████████▏                                      | 450/1600 [00:34<01:50, 10.43it/s]
RREA:  28%|███████████████▎                                      | 453/1600 [00:34<01:31, 12.51it/s]
RREA:  28%|███████████████▍                                      | 456/1600 [00:34<01:18, 14.49it/s]
RREA:  29%|███████████████▍                                      | 459/1600 [00:35<01:10, 16.28it/s]05:16:36 | INFO    | epoch  460/1600 | loss=0.0044
05:16:36 | INFO    |            [filtered] MRR=0.4042 Hit@1=0.2907 Hit@5=0.5229 Hit@10=0.6294 MR=291.1 n=939
05:16:36 | INFO    |            [multiref] MRR=0.4108 Hit@1=0.2884 Hit@5=0.5314 Hit@10=0.6555 MR=191.5 n=749
05:16:37 | INFO    |            -> new best filtered MRR=0.4042 (saved model_best.pt)

RREA:  29%|███████████████▌                                      | 462/1600 [00:35<01:46, 10.65it/s]
RREA:  29%|███████████████▋                                      | 465/1600 [00:35<01:29, 12.68it/s]
RREA:  29%|███████████████▊                                      | 468/1600 [00:35<01:17, 14.62it/s]05:16:37 | INFO    | epoch  470/1600 | loss=0.0029
05:16:37 | INFO    |            [filtered] MRR=0.4008 Hit@1=0.2812 Hit@5=0.5367 Hit@10=0.6358 MR=298.6 n=939
05:16:37 | INFO    |            [multiref] MRR=0.4055 Hit@1=0.2764 Hit@5=0.5501 Hit@10=0.6636 MR=202.8 n=749

RREA:  29%|███████████████▊                                      | 470/1600 [00:36<01:41, 11.18it/s]
RREA:  30%|███████████████▉                                      | 473/1600 [00:36<01:24, 13.36it/s]
RREA:  30%|████████████████                                      | 476/1600 [00:36<01:13, 15.35it/s]
RREA:  30%|████████████████▏                                     | 479/1600 [00:36<01:05, 17.08it/s]05:16:38 | INFO    | epoch  480/1600 | loss=0.0020
05:16:38 | INFO    |            [filtered] MRR=0.3996 Hit@1=0.2897 Hit@5=0.5165 Hit@10=0.6219 MR=293.4 n=939
05:16:38 | INFO    |            [multiref] MRR=0.4035 Hit@1=0.2830 Hit@5=0.5287 Hit@10=0.6515 MR=197.3 n=749

RREA:  30%|████████████████▎                                     | 482/1600 [00:36<01:38, 11.33it/s]
RREA:  30%|████████████████▎                                     | 485/1600 [00:37<01:23, 13.37it/s]
RREA:  30%|████████████████▍                                     | 488/1600 [00:37<01:12, 15.28it/s]05:16:38 | INFO    | epoch  490/1600 | loss=0.0037
05:16:39 | INFO    |            [filtered] MRR=0.4058 Hit@1=0.3099 Hit@5=0.5080 Hit@10=0.5953 MR=301.0 n=939
05:16:39 | INFO    |            [multiref] MRR=0.4141 Hit@1=0.3111 Hit@5=0.5220 Hit@10=0.6222 MR=202.9 n=749
05:16:39 | INFO    |            -> new best filtered MRR=0.4058 (saved model_best.pt)

RREA:  31%|████████████████▌                                     | 490/1600 [00:37<01:51,  9.99it/s]
RREA:  31%|████████████████▋                                     | 493/1600 [00:37<01:30, 12.20it/s]
RREA:  31%|████████████████▋                                     | 496/1600 [00:37<01:17, 14.28it/s]
RREA:  31%|████████████████▊                                     | 499/1600 [00:38<01:08, 16.15it/s]05:16:39 | INFO    | epoch  500/1600 | loss=0.0017
05:16:39 | INFO    |            [filtered] MRR=0.4106 Hit@1=0.3099 Hit@5=0.5144 Hit@10=0.6113 MR=304.2 n=939
05:16:39 | INFO    |            [multiref] MRR=0.4193 Hit@1=0.3111 Hit@5=0.5274 Hit@10=0.6409 MR=204.1 n=749
05:16:40 | INFO    |            -> new best filtered MRR=0.4106 (saved model_best.pt)

RREA:  31%|████████████████▉                                     | 502/1600 [00:38<01:41, 10.81it/s]
RREA:  32%|█████████████████                                     | 505/1600 [00:38<01:25, 12.87it/s]
RREA:  32%|█████████████████▏                                    | 508/1600 [00:38<01:13, 14.82it/s]05:16:40 | INFO    | epoch  510/1600 | loss=0.0009
05:16:40 | INFO    |            [filtered] MRR=0.4122 Hit@1=0.3131 Hit@5=0.5144 Hit@10=0.6028 MR=308.3 n=939
05:16:40 | INFO    |            [multiref] MRR=0.4271 Hit@1=0.3231 Hit@5=0.5287 Hit@10=0.6302 MR=211.9 n=749
05:16:40 | INFO    |            -> new best filtered MRR=0.4122 (saved model_best.pt)

RREA:  32%|█████████████████▏                                    | 510/1600 [00:39<01:50,  9.90it/s]
RREA:  32%|█████████████████▎                                    | 513/1600 [00:39<01:29, 12.11it/s]
RREA:  32%|█████████████████▍                                    | 516/1600 [00:39<01:16, 14.22it/s]
RREA:  32%|█████████████████▌                                    | 519/1600 [00:39<01:07, 16.09it/s]05:16:41 | INFO    | epoch  520/1600 | loss=0.0000
05:16:41 | INFO    |            [filtered] MRR=0.4114 Hit@1=0.3110 Hit@5=0.5165 Hit@10=0.6006 MR=312.9 n=939
05:16:41 | INFO    |            [multiref] MRR=0.4263 Hit@1=0.3204 Hit@5=0.5340 Hit@10=0.6275 MR=215.2 n=749

RREA:  33%|█████████████████▌                                    | 522/1600 [00:40<01:27, 12.28it/s]
RREA:  33%|█████████████████▋                                    | 525/1600 [00:40<01:15, 14.29it/s]
RREA:  33%|█████████████████▊                                    | 528/1600 [00:40<01:06, 16.10it/s]05:16:41 | INFO    | epoch  530/1600 | loss=0.0000
05:16:42 | INFO    |            [filtered] MRR=0.4101 Hit@1=0.3078 Hit@5=0.5122 Hit@10=0.6198 MR=309.7 n=939
05:16:42 | INFO    |            [multiref] MRR=0.4260 Hit@1=0.3164 Hit@5=0.5300 Hit@10=0.6515 MR=209.9 n=749

RREA:  33%|█████████████████▉                                    | 530/1600 [00:40<01:30, 11.76it/s]
RREA:  33%|█████████████████▉                                    | 533/1600 [00:40<01:16, 13.91it/s]
RREA:  34%|██████████████████                                    | 536/1600 [00:40<01:07, 15.84it/s]
RREA:  34%|██████████████████▏                                   | 539/1600 [00:41<01:00, 17.48it/s]05:16:42 | INFO    | epoch  540/1600 | loss=0.0013
05:16:42 | INFO    |            [filtered] MRR=0.4192 Hit@1=0.3237 Hit@5=0.5165 Hit@10=0.6081 MR=312.6 n=939
05:16:42 | INFO    |            [multiref] MRR=0.4382 Hit@1=0.3378 Hit@5=0.5367 Hit@10=0.6395 MR=215.1 n=749
05:16:43 | INFO    |            -> new best filtered MRR=0.4192 (saved model_best.pt)

RREA:  34%|██████████████████▎                                   | 542/1600 [00:41<01:34, 11.20it/s]
RREA:  34%|██████████████████▍                                   | 545/1600 [00:41<01:19, 13.26it/s]
RREA:  34%|██████████████████▍                                   | 548/1600 [00:41<01:09, 15.18it/s]05:16:43 | INFO    | epoch  550/1600 | loss=0.0002
05:16:43 | INFO    |            [filtered] MRR=0.4131 Hit@1=0.3099 Hit@5=0.5176 Hit@10=0.6092 MR=308.6 n=939
05:16:43 | INFO    |            [multiref] MRR=0.4273 Hit@1=0.3164 Hit@5=0.5354 Hit@10=0.6395 MR=212.1 n=749

RREA:  34%|██████████████████▌                                   | 550/1600 [00:42<01:32, 11.35it/s]
RREA:  35%|██████████████████▋                                   | 553/1600 [00:42<01:17, 13.54it/s]
RREA:  35%|██████████████████▊                                   | 556/1600 [00:42<01:07, 15.53it/s]
RREA:  35%|██████████████████▊                                   | 559/1600 [00:42<01:00, 17.22it/s]05:16:44 | INFO    | epoch  560/1600 | loss=0.0015
05:16:44 | INFO    |            [filtered] MRR=0.4110 Hit@1=0.3110 Hit@5=0.5176 Hit@10=0.6124 MR=298.0 n=939
05:16:44 | INFO    |            [multiref] MRR=0.4228 Hit@1=0.3138 Hit@5=0.5354 Hit@10=0.6449 MR=203.5 n=749

RREA:  35%|██████████████████▉                                   | 562/1600 [00:42<01:21, 12.79it/s]
RREA:  35%|███████████████████                                   | 565/1600 [00:43<01:10, 14.75it/s]
RREA:  36%|███████████████████▏                                  | 568/1600 [00:43<01:02, 16.51it/s]05:16:44 | INFO    | epoch  570/1600 | loss=0.0019
05:16:44 | INFO    |            [filtered] MRR=0.4124 Hit@1=0.2950 Hit@5=0.5410 Hit@10=0.6496 MR=294.9 n=939
05:16:44 | INFO    |            [multiref] MRR=0.4202 Hit@1=0.2924 Hit@5=0.5554 Hit@10=0.6809 MR=195.1 n=749

RREA:  36%|███████████████████▏                                  | 570/1600 [00:43<01:26, 11.95it/s]
RREA:  36%|███████████████████▎                                  | 573/1600 [00:43<01:12, 14.11it/s]
RREA:  36%|███████████████████▍                                  | 576/1600 [00:43<01:03, 16.04it/s]
RREA:  36%|███████████████████▌                                  | 579/1600 [00:43<00:57, 17.64it/s]05:16:45 | INFO    | epoch  580/1600 | loss=0.0003
05:16:45 | INFO    |            [filtered] MRR=0.4038 Hit@1=0.2886 Hit@5=0.5304 Hit@10=0.6400 MR=293.1 n=939
05:16:45 | INFO    |            [multiref] MRR=0.4140 Hit@1=0.2897 Hit@5=0.5501 Hit@10=0.6756 MR=194.4 n=749

RREA:  36%|███████████████████▋                                  | 582/1600 [00:44<01:19, 12.79it/s]
RREA:  37%|███████████████████▋                                  | 585/1600 [00:44<01:08, 14.76it/s]
RREA:  37%|███████████████████▊                                  | 588/1600 [00:44<01:01, 16.52it/s]05:16:46 | INFO    | epoch  590/1600 | loss=0.0001
05:16:46 | INFO    |            [filtered] MRR=0.4034 Hit@1=0.2929 Hit@5=0.5154 Hit@10=0.6283 MR=288.9 n=939
05:16:46 | INFO    |            [multiref] MRR=0.4128 Hit@1=0.2937 Hit@5=0.5327 Hit@10=0.6636 MR=188.2 n=749

RREA:  37%|███████████████████▉                                  | 590/1600 [00:44<01:24, 11.91it/s]
RREA:  37%|████████████████████                                  | 593/1600 [00:44<01:11, 14.06it/s]
RREA:  37%|████████████████████                                  | 596/1600 [00:45<01:02, 15.99it/s]
RREA:  37%|████████████████████▏                                 | 599/1600 [00:45<00:56, 17.61it/s]05:16:46 | INFO    | epoch  600/1600 | loss=0.0038 | bootstrap: +8 mutual pairs (train=3084, pool=470)
05:16:46 | INFO    |            [filtered] MRR=0.4095 Hit@1=0.3014 Hit@5=0.5304 Hit@10=0.6294 MR=292.2 n=939
05:16:46 | INFO    |            [multiref] MRR=0.4199 Hit@1=0.3031 Hit@5=0.5514 Hit@10=0.6622 MR=195.2 n=749

RREA:  38%|████████████████████▎                                 | 602/1600 [00:45<01:18, 12.70it/s]
RREA:  38%|████████████████████▍                                 | 605/1600 [00:45<01:07, 14.68it/s]
RREA:  38%|████████████████████▌                                 | 608/1600 [00:45<01:00, 16.44it/s]05:16:47 | INFO    | epoch  610/1600 | loss=0.0038
05:16:47 | INFO    |            [filtered] MRR=0.4104 Hit@1=0.2897 Hit@5=0.5463 Hit@10=0.6443 MR=302.1 n=939
05:16:47 | INFO    |            [multiref] MRR=0.4199 Hit@1=0.2884 Hit@5=0.5648 Hit@10=0.6836 MR=202.4 n=749

RREA:  38%|████████████████████▌                                 | 610/1600 [00:46<01:23, 11.79it/s]
RREA:  38%|████████████████████▋                                 | 613/1600 [00:46<01:10, 13.96it/s]
RREA:  38%|████████████████████▊                                 | 616/1600 [00:46<01:01, 15.90it/s]
RREA:  39%|████████████████████▉                                 | 619/1600 [00:46<00:55, 17.53it/s]05:16:48 | INFO    | epoch  620/1600 | loss=0.0010
05:16:48 | INFO    |            [filtered] MRR=0.4138 Hit@1=0.2982 Hit@5=0.5389 Hit@10=0.6443 MR=302.0 n=939
05:16:48 | INFO    |            [multiref] MRR=0.4245 Hit@1=0.3004 Hit@5=0.5554 Hit@10=0.6836 MR=202.0 n=749

RREA:  39%|████████████████████▉                                 | 622/1600 [00:47<01:16, 12.83it/s]
RREA:  39%|█████████████████████                                 | 625/1600 [00:47<01:05, 14.80it/s]
RREA:  39%|█████████████████████▏                                | 627/1600 [00:47<01:06, 14.72it/s]05:16:48 | INFO    | epoch  630/1600 | loss=0.0010
05:16:49 | INFO    |            [filtered] MRR=0.4177 Hit@1=0.2961 Hit@5=0.5644 Hit@10=0.6635 MR=305.4 n=939
05:16:49 | INFO    |            [multiref] MRR=0.4314 Hit@1=0.3017 Hit@5=0.5861 Hit@10=0.7036 MR=205.0 n=749

RREA:  39%|█████████████████████▎                                | 630/1600 [00:47<01:23, 11.62it/s]
RREA:  40%|█████████████████████▎                                | 633/1600 [00:47<01:10, 13.74it/s]
RREA:  40%|█████████████████████▍                                | 636/1600 [00:47<01:01, 15.67it/s]
RREA:  40%|█████████████████████▌                                | 639/1600 [00:48<00:55, 17.31it/s]05:16:49 | INFO    | epoch  640/1600 | loss=0.0012
05:16:49 | INFO    |            [filtered] MRR=0.4247 Hit@1=0.3174 Hit@5=0.5442 Hit@10=0.6486 MR=311.9 n=939
05:16:49 | INFO    |            [multiref] MRR=0.4396 Hit@1=0.3244 Hit@5=0.5674 Hit@10=0.6836 MR=210.5 n=749
05:16:50 | INFO    |            -> new best filtered MRR=0.4247 (saved model_best.pt)

RREA:  40%|█████████████████████▋                                | 641/1600 [00:48<01:31, 10.44it/s]
RREA:  40%|█████████████████████▋                                | 644/1600 [00:48<01:15, 12.68it/s]
RREA:  40%|█████████████████████▊                                | 647/1600 [00:48<01:04, 14.75it/s]05:16:50 | INFO    | epoch  650/1600 | loss=0.0027
05:16:50 | INFO    |            [filtered] MRR=0.4342 Hit@1=0.3269 Hit@5=0.5527 Hit@10=0.6560 MR=292.0 n=939
05:16:50 | INFO    |            [multiref] MRR=0.4520 Hit@1=0.3378 Hit@5=0.5754 Hit@10=0.6943 MR=195.0 n=749
05:16:50 | INFO    |            -> new best filtered MRR=0.4342 (saved model_best.pt)

RREA:  41%|█████████████████████▉                                | 650/1600 [00:49<01:32, 10.25it/s]
RREA:  41%|██████████████████████                                | 653/1600 [00:49<01:16, 12.33it/s]
RREA:  41%|██████████████████████▏                               | 656/1600 [00:49<01:05, 14.33it/s]
RREA:  41%|██████████████████████▏                               | 659/1600 [00:49<00:58, 16.13it/s]05:16:51 | INFO    | epoch  660/1600 | loss=0.0023
05:16:51 | INFO    |            [filtered] MRR=0.4317 Hit@1=0.3237 Hit@5=0.5453 Hit@10=0.6486 MR=293.7 n=939
05:16:51 | INFO    |            [multiref] MRR=0.4480 Hit@1=0.3311 Hit@5=0.5688 Hit@10=0.6889 MR=196.1 n=749

RREA:  41%|██████████████████████▎                               | 662/1600 [00:50<01:15, 12.35it/s]
RREA:  42%|██████████████████████▍                               | 665/1600 [00:50<01:05, 14.32it/s]
RREA:  42%|██████████████████████▌                               | 668/1600 [00:50<00:57, 16.12it/s]05:16:51 | INFO    | epoch  670/1600 | loss=0.0005
05:16:52 | INFO    |            [filtered] MRR=0.4256 Hit@1=0.3014 Hit@5=0.5687 Hit@10=0.6752 MR=285.5 n=939
05:16:52 | INFO    |            [multiref] MRR=0.4373 Hit@1=0.3017 Hit@5=0.5915 Hit@10=0.7183 MR=188.7 n=749

RREA:  42%|██████████████████████▌                               | 670/1600 [00:50<01:19, 11.66it/s]
RREA:  42%|██████████████████████▋                               | 673/1600 [00:50<01:07, 13.82it/s]
RREA:  42%|██████████████████████▊                               | 676/1600 [00:50<00:58, 15.77it/s]
RREA:  42%|██████████████████████▉                               | 679/1600 [00:51<00:52, 17.42it/s]05:16:52 | INFO    | epoch  680/1600 | loss=0.0024
05:16:52 | INFO    |            [filtered] MRR=0.4103 Hit@1=0.2662 Hit@5=0.5889 Hit@10=0.6890 MR=286.8 n=939
05:16:52 | INFO    |            [multiref] MRR=0.4180 Hit@1=0.2590 Hit@5=0.6128 Hit@10=0.7330 MR=189.4 n=749

RREA:  43%|███████████████████████                               | 682/1600 [00:51<01:11, 12.79it/s]
RREA:  43%|███████████████████████                               | 685/1600 [00:51<01:02, 14.75it/s]
RREA:  43%|███████████████████████▏                              | 688/1600 [00:51<00:55, 16.50it/s]05:16:53 | INFO    | epoch  690/1600 | loss=0.0001
05:16:53 | INFO    |            [filtered] MRR=0.4243 Hit@1=0.2950 Hit@5=0.5857 Hit@10=0.6805 MR=306.4 n=939
05:16:53 | INFO    |            [multiref] MRR=0.4366 Hit@1=0.2964 Hit@5=0.6088 Hit@10=0.7223 MR=207.3 n=749

RREA:  43%|███████████████████████▎                              | 690/1600 [00:51<01:16, 11.85it/s]
RREA:  43%|███████████████████████▍                              | 693/1600 [00:52<01:04, 14.02it/s]
RREA:  44%|███████████████████████▍                              | 696/1600 [00:52<00:56, 15.95it/s]
RREA:  44%|███████████████████████▌                              | 699/1600 [00:52<00:51, 17.58it/s]05:16:54 | INFO    | epoch  700/1600 | loss=0.0001
05:16:54 | INFO    |            [filtered] MRR=0.4201 Hit@1=0.2843 Hit@5=0.5729 Hit@10=0.6965 MR=304.3 n=939
05:16:54 | INFO    |            [multiref] MRR=0.4307 Hit@1=0.2830 Hit@5=0.5955 Hit@10=0.7397 MR=205.9 n=749

RREA:  44%|███████████████████████▋                              | 702/1600 [00:52<01:10, 12.70it/s]
RREA:  44%|███████████████████████▊                              | 705/1600 [00:52<01:00, 14.68it/s]
RREA:  44%|███████████████████████▉                              | 708/1600 [00:53<00:54, 16.44it/s]05:16:54 | INFO    | epoch  710/1600 | loss=0.0049
05:16:54 | INFO    |            [filtered] MRR=0.4346 Hit@1=0.3099 Hit@5=0.5825 Hit@10=0.6933 MR=304.0 n=939
05:16:54 | INFO    |            [multiref] MRR=0.4476 Hit@1=0.3124 Hit@5=0.6088 Hit@10=0.7397 MR=205.2 n=749
05:16:55 | INFO    |            -> new best filtered MRR=0.4346 (saved model_best.pt)

RREA:  44%|███████████████████████▉                              | 710/1600 [00:53<01:34,  9.43it/s]
RREA:  45%|████████████████████████                              | 713/1600 [00:53<01:16, 11.63it/s]
RREA:  45%|████████████████████████▏                             | 716/1600 [00:53<01:04, 13.75it/s]
RREA:  45%|████████████████████████▎                             | 719/1600 [00:53<00:56, 15.68it/s]05:16:55 | INFO    | epoch  720/1600 | loss=0.0006
05:16:55 | INFO    |            [filtered] MRR=0.4374 Hit@1=0.3110 Hit@5=0.5879 Hit@10=0.6986 MR=306.7 n=939
05:16:55 | INFO    |            [multiref] MRR=0.4519 Hit@1=0.3151 Hit@5=0.6128 Hit@10=0.7450 MR=206.1 n=749
05:16:55 | INFO    |            -> new best filtered MRR=0.4374 (saved model_best.pt)

RREA:  45%|████████████████████████▎                             | 721/1600 [00:54<01:27, 10.02it/s]
RREA:  45%|████████████████████████▍                             | 724/1600 [00:54<01:11, 12.28it/s]
RREA:  45%|████████████████████████▌                             | 727/1600 [00:54<01:00, 14.39it/s]05:16:56 | INFO    | epoch  730/1600 | loss=0.0007
05:16:56 | INFO    |            [filtered] MRR=0.4303 Hit@1=0.3056 Hit@5=0.5772 Hit@10=0.6858 MR=304.5 n=939
05:16:56 | INFO    |            [multiref] MRR=0.4419 Hit@1=0.3057 Hit@5=0.6021 Hit@10=0.7343 MR=203.7 n=749

RREA:  46%|████████████████████████▋                             | 730/1600 [00:55<01:16, 11.40it/s]
RREA:  46%|████████████████████████▋                             | 733/1600 [00:55<01:04, 13.47it/s]
RREA:  46%|████████████████████████▊                             | 736/1600 [00:55<00:56, 15.38it/s]
RREA:  46%|████████████████████████▉                             | 739/1600 [00:55<00:50, 17.05it/s]05:16:57 | INFO    | epoch  740/1600 | loss=0.0008
05:16:57 | INFO    |            [filtered] MRR=0.4220 Hit@1=0.2886 Hit@5=0.5740 Hit@10=0.7039 MR=301.2 n=939
05:16:57 | INFO    |            [multiref] MRR=0.4300 Hit@1=0.2830 Hit@5=0.5968 Hit@10=0.7477 MR=199.1 n=749

RREA:  46%|█████████████████████████                             | 742/1600 [00:55<01:07, 12.71it/s]
RREA:  47%|█████████████████████████▏                            | 745/1600 [00:55<00:58, 14.66it/s]
RREA:  47%|█████████████████████████▏                            | 748/1600 [00:56<00:51, 16.41it/s]05:16:57 | INFO    | epoch  750/1600 | loss=0.0019
05:16:57 | INFO    |            [filtered] MRR=0.4424 Hit@1=0.3248 Hit@5=0.5687 Hit@10=0.6901 MR=300.7 n=939
05:16:57 | INFO    |            [multiref] MRR=0.4544 Hit@1=0.3284 Hit@5=0.5874 Hit@10=0.7250 MR=196.7 n=749
05:16:58 | INFO    |            -> new best filtered MRR=0.4424 (saved model_best.pt)

RREA:  47%|█████████████████████████▎                            | 750/1600 [00:56<01:23, 10.15it/s]
RREA:  47%|█████████████████████████▍                            | 753/1600 [00:56<01:08, 12.35it/s]
RREA:  47%|█████████████████████████▌                            | 756/1600 [00:56<00:58, 14.43it/s]
RREA:  47%|█████████████████████████▌                            | 759/1600 [00:56<00:51, 16.27it/s]05:16:58 | INFO    | epoch  760/1600 | loss=0.0004
05:16:58 | INFO    |            [filtered] MRR=0.4352 Hit@1=0.3110 Hit@5=0.5676 Hit@10=0.6965 MR=292.7 n=939
05:16:58 | INFO    |            [multiref] MRR=0.4446 Hit@1=0.3097 Hit@5=0.5861 Hit@10=0.7330 MR=190.7 n=749

RREA:  48%|█████████████████████████▋                            | 762/1600 [00:57<01:08, 12.28it/s]
RREA:  48%|█████████████████████████▊                            | 765/1600 [00:57<00:58, 14.28it/s]
RREA:  48%|█████████████████████████▉                            | 768/1600 [00:57<00:51, 16.09it/s]05:16:59 | INFO    | epoch  770/1600 | loss=0.0002
05:16:59 | INFO    |            [filtered] MRR=0.4402 Hit@1=0.3216 Hit@5=0.5719 Hit@10=0.6816 MR=297.8 n=939
05:16:59 | INFO    |            [multiref] MRR=0.4550 Hit@1=0.3284 Hit@5=0.5928 Hit@10=0.7196 MR=193.9 n=749

RREA:  48%|█████████████████████████▉                            | 770/1600 [00:57<01:11, 11.65it/s]
RREA:  48%|██████████████████████████                            | 773/1600 [00:58<00:59, 13.84it/s]
RREA:  48%|██████████████████████████▏                           | 776/1600 [00:58<00:52, 15.79it/s]
RREA:  49%|██████████████████████████▎                           | 779/1600 [00:58<00:47, 17.44it/s]05:16:59 | INFO    | epoch  780/1600 | loss=0.0006
05:17:00 | INFO    |            [filtered] MRR=0.4341 Hit@1=0.3163 Hit@5=0.5559 Hit@10=0.6709 MR=298.4 n=939
05:17:00 | INFO    |            [multiref] MRR=0.4453 Hit@1=0.3191 Hit@5=0.5754 Hit@10=0.7116 MR=194.7 n=749

RREA:  49%|██████████████████████████▍                           | 782/1600 [00:58<01:04, 12.69it/s]
RREA:  49%|██████████████████████████▍                           | 785/1600 [00:58<00:55, 14.67it/s]
RREA:  49%|██████████████████████████▌                           | 788/1600 [00:58<00:49, 16.43it/s]05:17:00 | INFO    | epoch  790/1600 | loss=0.0008
05:17:00 | INFO    |            [filtered] MRR=0.4357 Hit@1=0.3248 Hit@5=0.5517 Hit@10=0.6528 MR=296.0 n=939
05:17:00 | INFO    |            [multiref] MRR=0.4524 Hit@1=0.3351 Hit@5=0.5741 Hit@10=0.6943 MR=190.5 n=749

RREA:  49%|██████████████████████████▋                           | 790/1600 [00:59<01:09, 11.69it/s]
RREA:  50%|██████████████████████████▊                           | 793/1600 [00:59<00:58, 13.87it/s]
RREA:  50%|██████████████████████████▊                           | 796/1600 [00:59<00:50, 15.82it/s]
RREA:  50%|██████████████████████████▉                           | 799/1600 [00:59<00:45, 17.46it/s]05:17:01 | INFO    | epoch  800/1600 | loss=0.0022 | bootstrap: +2 mutual pairs (train=3086, pool=468)
05:17:01 | INFO    |            [filtered] MRR=0.4443 Hit@1=0.3365 Hit@5=0.5644 Hit@10=0.6603 MR=298.5 n=939
05:17:01 | INFO    |            [multiref] MRR=0.4638 Hit@1=0.3511 Hit@5=0.5888 Hit@10=0.7023 MR=194.0 n=749
05:17:01 | INFO    |            -> new best filtered MRR=0.4443 (saved model_best.pt)

RREA:  50%|███████████████████████████                           | 802/1600 [01:00<01:13, 10.85it/s]
RREA:  50%|███████████████████████████▏                          | 805/1600 [01:00<01:01, 12.91it/s]
RREA:  50%|███████████████████████████▎                          | 808/1600 [01:00<00:53, 14.86it/s]05:17:02 | INFO    | epoch  810/1600 | loss=0.0037
05:17:02 | INFO    |            [filtered] MRR=0.4402 Hit@1=0.3387 Hit@5=0.5527 Hit@10=0.6486 MR=298.6 n=939
05:17:02 | INFO    |            [multiref] MRR=0.4629 Hit@1=0.3565 Hit@5=0.5768 Hit@10=0.6903 MR=195.5 n=749

RREA:  51%|███████████████████████████▎                          | 810/1600 [01:00<01:11, 11.09it/s]
RREA:  51%|███████████████████████████▍                          | 813/1600 [01:00<00:59, 13.29it/s]
RREA:  51%|███████████████████████████▌                          | 816/1600 [01:01<00:51, 15.30it/s]
RREA:  51%|███████████████████████████▋                          | 819/1600 [01:01<00:45, 17.03it/s]05:17:02 | INFO    | epoch  820/1600 | loss=0.0014
05:17:02 | INFO    |            [filtered] MRR=0.4436 Hit@1=0.3376 Hit@5=0.5666 Hit@10=0.6624 MR=301.4 n=939
05:17:02 | INFO    |            [multiref] MRR=0.4668 Hit@1=0.3565 Hit@5=0.5928 Hit@10=0.7036 MR=200.0 n=749

RREA:  51%|███████████████████████████▋                          | 822/1600 [01:01<01:01, 12.55it/s]
RREA:  52%|███████████████████████████▊                          | 825/1600 [01:01<00:53, 14.54it/s]
RREA:  52%|███████████████████████████▉                          | 828/1600 [01:01<00:47, 16.32it/s]05:17:03 | INFO    | epoch  830/1600 | loss=0.0000
05:17:03 | INFO    |            [filtered] MRR=0.4394 Hit@1=0.3323 Hit@5=0.5580 Hit@10=0.6667 MR=304.6 n=939
05:17:03 | INFO    |            [multiref] MRR=0.4601 Hit@1=0.3471 Hit@5=0.5808 Hit@10=0.7076 MR=203.4 n=749

RREA:  52%|████████████████████████████                          | 830/1600 [01:02<01:04, 11.97it/s]
RREA:  52%|████████████████████████████                          | 833/1600 [01:02<00:54, 14.13it/s]
RREA:  52%|████████████████████████████▏                         | 836/1600 [01:02<00:47, 16.05it/s]
RREA:  52%|████████████████████████████▎                         | 839/1600 [01:02<00:43, 17.66it/s]05:17:04 | INFO    | epoch  840/1600 | loss=0.0044
05:17:04 | INFO    |            [filtered] MRR=0.4418 Hit@1=0.3323 Hit@5=0.5570 Hit@10=0.6645 MR=303.6 n=939
05:17:04 | INFO    |            [multiref] MRR=0.4618 Hit@1=0.3458 Hit@5=0.5821 Hit@10=0.7063 MR=202.3 n=749

RREA:  53%|████████████████████████████▍                         | 842/1600 [01:02<00:58, 13.01it/s]
RREA:  53%|████████████████████████████▌                         | 845/1600 [01:03<00:50, 14.95it/s]
RREA:  53%|████████████████████████████▌                         | 848/1600 [01:03<00:45, 16.68it/s]05:17:04 | INFO    | epoch  850/1600 | loss=0.0011
05:17:04 | INFO    |            [filtered] MRR=0.4394 Hit@1=0.3163 Hit@5=0.5793 Hit@10=0.6837 MR=304.6 n=939
05:17:04 | INFO    |            [multiref] MRR=0.4467 Hit@1=0.3124 Hit@5=0.5995 Hit@10=0.7210 MR=202.3 n=749

RREA:  53%|████████████████████████████▋                         | 850/1600 [01:03<01:02, 11.99it/s]
RREA:  53%|████████████████████████████▊                         | 853/1600 [01:03<00:52, 14.15it/s]
RREA:  54%|████████████████████████████▉                         | 856/1600 [01:03<00:46, 16.06it/s]
RREA:  54%|████████████████████████████▉                         | 859/1600 [01:03<00:41, 17.66it/s]05:17:05 | INFO    | epoch  860/1600 | loss=0.0000
05:17:05 | INFO    |            [filtered] MRR=0.4418 Hit@1=0.3216 Hit@5=0.5729 Hit@10=0.6816 MR=300.5 n=939
05:17:05 | INFO    |            [multiref] MRR=0.4542 Hit@1=0.3244 Hit@5=0.5955 Hit@10=0.7156 MR=198.7 n=749

RREA:  54%|█████████████████████████████                         | 862/1600 [01:04<00:56, 13.02it/s]
RREA:  54%|█████████████████████████████▏                        | 865/1600 [01:04<00:49, 14.96it/s]
RREA:  54%|█████████████████████████████▎                        | 868/1600 [01:04<00:43, 16.69it/s]05:17:06 | INFO    | epoch  870/1600 | loss=0.0000
05:17:06 | INFO    |            [filtered] MRR=0.4470 Hit@1=0.3259 Hit@5=0.5793 Hit@10=0.6954 MR=296.6 n=939
05:17:06 | INFO    |            [multiref] MRR=0.4605 Hit@1=0.3298 Hit@5=0.6008 Hit@10=0.7330 MR=192.1 n=749
05:17:06 | INFO    |            -> new best filtered MRR=0.4470 (saved model_best.pt)

RREA:  54%|█████████████████████████████▎                        | 870/1600 [01:04<01:09, 10.55it/s]
RREA:  55%|█████████████████████████████▍                        | 873/1600 [01:05<00:56, 12.77it/s]
RREA:  55%|█████████████████████████████▌                        | 876/1600 [01:05<00:48, 14.82it/s]
RREA:  55%|█████████████████████████████▋                        | 879/1600 [01:05<00:43, 16.61it/s]05:17:07 | INFO    | epoch  880/1600 | loss=0.0011
05:17:07 | INFO    |            [filtered] MRR=0.4502 Hit@1=0.3376 Hit@5=0.5719 Hit@10=0.6965 MR=293.8 n=939
05:17:07 | INFO    |            [multiref] MRR=0.4694 Hit@1=0.3498 Hit@5=0.5928 Hit@10=0.7330 MR=191.0 n=749
05:17:07 | INFO    |            -> new best filtered MRR=0.4502 (saved model_best.pt)

RREA:  55%|█████████████████████████████▊                        | 882/1600 [01:05<01:05, 10.91it/s]
RREA:  55%|█████████████████████████████▊                        | 885/1600 [01:06<00:55, 12.97it/s]
RREA:  56%|█████████████████████████████▉                        | 888/1600 [01:06<00:47, 14.91it/s]05:17:07 | INFO    | epoch  890/1600 | loss=0.0008
05:17:07 | INFO    |            [filtered] MRR=0.4530 Hit@1=0.3376 Hit@5=0.5761 Hit@10=0.7018 MR=301.7 n=939
05:17:07 | INFO    |            [multiref] MRR=0.4707 Hit@1=0.3485 Hit@5=0.5981 Hit@10=0.7370 MR=199.3 n=749
05:17:08 | INFO    |            -> new best filtered MRR=0.4530 (saved model_best.pt)

RREA:  56%|██████████████████████████████                        | 890/1600 [01:06<01:12,  9.82it/s]
RREA:  56%|██████████████████████████████▏                       | 893/1600 [01:06<00:58, 12.03it/s]
RREA:  56%|██████████████████████████████▏                       | 896/1600 [01:06<00:49, 14.13it/s]
RREA:  56%|██████████████████████████████▎                       | 899/1600 [01:06<00:43, 16.01it/s]05:17:08 | INFO    | epoch  900/1600 | loss=0.0000
05:17:08 | INFO    |            [filtered] MRR=0.4540 Hit@1=0.3291 Hit@5=0.5868 Hit@10=0.7135 MR=301.0 n=939
05:17:08 | INFO    |            [multiref] MRR=0.4692 Hit@1=0.3364 Hit@5=0.6075 Hit@10=0.7517 MR=201.4 n=749
05:17:08 | INFO    |            -> new best filtered MRR=0.4540 (saved model_best.pt)

RREA:  56%|██████████████████████████████▍                       | 901/1600 [01:07<01:09, 10.07it/s]
RREA:  56%|██████████████████████████████▌                       | 904/1600 [01:07<00:56, 12.32it/s]
RREA:  57%|██████████████████████████████▌                       | 907/1600 [01:07<00:48, 14.43it/s]05:17:09 | INFO    | epoch  910/1600 | loss=0.0001
05:17:09 | INFO    |            [filtered] MRR=0.4416 Hit@1=0.3046 Hit@5=0.5996 Hit@10=0.7210 MR=304.4 n=939
05:17:09 | INFO    |            [multiref] MRR=0.4528 Hit@1=0.3044 Hit@5=0.6275 Hit@10=0.7610 MR=201.9 n=749

RREA:  57%|██████████████████████████████▋                       | 910/1600 [01:08<00:59, 11.58it/s]
RREA:  57%|██████████████████████████████▊                       | 913/1600 [01:08<00:50, 13.65it/s]
RREA:  57%|██████████████████████████████▉                       | 916/1600 [01:08<00:44, 15.54it/s]
RREA:  57%|███████████████████████████████                       | 919/1600 [01:08<00:39, 17.18it/s]05:17:10 | INFO    | epoch  920/1600 | loss=0.0000
05:17:10 | INFO    |            [filtered] MRR=0.4573 Hit@1=0.3323 Hit@5=0.5932 Hit@10=0.7114 MR=316.2 n=939
05:17:10 | INFO    |            [multiref] MRR=0.4693 Hit@1=0.3351 Hit@5=0.6142 Hit@10=0.7490 MR=207.1 n=749
05:17:10 | INFO    |            -> new best filtered MRR=0.4573 (saved model_best.pt)

RREA:  58%|███████████████████████████████                       | 922/1600 [01:08<01:00, 11.12it/s]
RREA:  58%|███████████████████████████████▏                      | 925/1600 [01:09<00:51, 13.14it/s]
RREA:  58%|███████████████████████████████▎                      | 928/1600 [01:09<00:44, 15.05it/s]05:17:10 | INFO    | epoch  930/1600 | loss=0.0004
05:17:10 | INFO    |            [filtered] MRR=0.4599 Hit@1=0.3344 Hit@5=0.5964 Hit@10=0.7178 MR=317.1 n=939
05:17:10 | INFO    |            [multiref] MRR=0.4717 Hit@1=0.3364 Hit@5=0.6222 Hit@10=0.7570 MR=207.9 n=749
05:17:11 | INFO    |            -> new best filtered MRR=0.4599 (saved model_best.pt)

RREA:  58%|███████████████████████████████▍                      | 930/1600 [01:09<01:06, 10.09it/s]
RREA:  58%|███████████████████████████████▍                      | 933/1600 [01:09<00:54, 12.29it/s]
RREA:  58%|███████████████████████████████▌                      | 936/1600 [01:09<00:46, 14.36it/s]
RREA:  59%|███████████████████████████████▋                      | 939/1600 [01:10<00:40, 16.22it/s]05:17:11 | INFO    | epoch  940/1600 | loss=0.0020
05:17:11 | INFO    |            [filtered] MRR=0.4543 Hit@1=0.3227 Hit@5=0.6049 Hit@10=0.7220 MR=320.3 n=939
05:17:11 | INFO    |            [multiref] MRR=0.4699 Hit@1=0.3298 Hit@5=0.6328 Hit@10=0.7597 MR=211.3 n=749

RREA:  59%|███████████████████████████████▊                      | 942/1600 [01:10<00:53, 12.36it/s]
RREA:  59%|███████████████████████████████▉                      | 945/1600 [01:10<00:45, 14.36it/s]
RREA:  59%|███████████████████████████████▉                      | 948/1600 [01:10<00:40, 16.16it/s]05:17:12 | INFO    | epoch  950/1600 | loss=0.0001
05:17:12 | INFO    |            [filtered] MRR=0.4618 Hit@1=0.3344 Hit@5=0.6006 Hit@10=0.7231 MR=318.2 n=939
05:17:12 | INFO    |            [multiref] MRR=0.4735 Hit@1=0.3364 Hit@5=0.6235 Hit@10=0.7570 MR=209.5 n=749
05:17:12 | INFO    |            -> new best filtered MRR=0.4618 (saved model_best.pt)

RREA:  59%|████████████████████████████████                      | 950/1600 [01:11<01:03, 10.18it/s]
RREA:  60%|████████████████████████████████▏                     | 953/1600 [01:11<00:52, 12.39it/s]
RREA:  60%|████████████████████████████████▎                     | 956/1600 [01:11<00:44, 14.47it/s]
RREA:  60%|████████████████████████████████▎                     | 959/1600 [01:11<00:39, 16.30it/s]05:17:13 | INFO    | epoch  960/1600 | loss=0.0001
05:17:13 | INFO    |            [filtered] MRR=0.4582 Hit@1=0.3344 Hit@5=0.5921 Hit@10=0.7167 MR=298.7 n=939
05:17:13 | INFO    |            [multiref] MRR=0.4734 Hit@1=0.3418 Hit@5=0.6128 Hit@10=0.7490 MR=189.9 n=749

RREA:  60%|████████████████████████████████▍                     | 962/1600 [01:11<00:51, 12.44it/s]
RREA:  60%|████████████████████████████████▌                     | 965/1600 [01:12<00:44, 14.43it/s]
RREA:  60%|████████████████████████████████▋                     | 968/1600 [01:12<00:38, 16.22it/s]05:17:13 | INFO    | epoch  970/1600 | loss=0.0019
05:17:13 | INFO    |            [filtered] MRR=0.4503 Hit@1=0.3355 Hit@5=0.5740 Hit@10=0.6965 MR=307.0 n=939
05:17:13 | INFO    |            [multiref] MRR=0.4755 Hit@1=0.3525 Hit@5=0.6101 Hit@10=0.7316 MR=198.4 n=749

RREA:  61%|████████████████████████████████▋                     | 970/1600 [01:12<00:53, 11.79it/s]
RREA:  61%|████████████████████████████████▊                     | 973/1600 [01:12<00:44, 13.95it/s]
RREA:  61%|████████████████████████████████▉                     | 976/1600 [01:12<00:39, 15.89it/s]
RREA:  61%|█████████████████████████████████                     | 979/1600 [01:12<00:35, 17.52it/s]05:17:14 | INFO    | epoch  980/1600 | loss=0.0017
05:17:14 | INFO    |            [filtered] MRR=0.4404 Hit@1=0.3269 Hit@5=0.5623 Hit@10=0.6805 MR=308.0 n=939
05:17:14 | INFO    |            [multiref] MRR=0.4676 Hit@1=0.3471 Hit@5=0.6021 Hit@10=0.7170 MR=198.4 n=749

RREA:  61%|█████████████████████████████████▏                    | 982/1600 [01:13<00:47, 12.92it/s]
RREA:  62%|█████████████████████████████████▏                    | 985/1600 [01:13<00:41, 14.87it/s]
RREA:  62%|█████████████████████████████████▎                    | 988/1600 [01:13<00:36, 16.61it/s]05:17:15 | INFO    | epoch  990/1600 | loss=0.0010
05:17:15 | INFO    |            [filtered] MRR=0.4447 Hit@1=0.3301 Hit@5=0.5655 Hit@10=0.6805 MR=306.3 n=939
05:17:15 | INFO    |            [multiref] MRR=0.4709 Hit@1=0.3485 Hit@5=0.6008 Hit@10=0.7156 MR=196.9 n=749

RREA:  62%|█████████████████████████████████▍                    | 990/1600 [01:13<00:50, 12.02it/s]
RREA:  62%|█████████████████████████████████▌                    | 993/1600 [01:13<00:42, 14.18it/s]
RREA:  62%|█████████████████████████████████▌                    | 996/1600 [01:14<00:37, 16.09it/s]
RREA:  62%|█████████████████████████████████▋                    | 999/1600 [01:14<00:33, 17.70it/s]05:17:15 | INFO    | epoch 1000/1600 | loss=0.0010 | bootstrap: +2 mutual pairs (train=3088, pool=466)
05:17:15 | INFO    |            [filtered] MRR=0.4671 Hit@1=0.3504 Hit@5=0.5985 Hit@10=0.6997 MR=303.9 n=939
05:17:15 | INFO    |            [multiref] MRR=0.4831 Hit@1=0.3591 Hit@5=0.6235 Hit@10=0.7356 MR=198.3 n=749
05:17:16 | INFO    |            -> new best filtered MRR=0.4671 (saved model_best.pt)

RREA:  63%|█████████████████████████████████▏                   | 1002/1600 [01:14<00:53, 11.09it/s]
RREA:  63%|█████████████████████████████████▎                   | 1005/1600 [01:14<00:45, 13.15it/s]
RREA:  63%|█████████████████████████████████▍                   | 1008/1600 [01:14<00:39, 15.07it/s]05:17:16 | INFO    | epoch 1010/1600 | loss=0.0006
05:17:16 | INFO    |            [filtered] MRR=0.4595 Hit@1=0.3408 Hit@5=0.5911 Hit@10=0.6997 MR=301.8 n=939
05:17:16 | INFO    |            [multiref] MRR=0.4749 Hit@1=0.3471 Hit@5=0.6155 Hit@10=0.7343 MR=193.6 n=749

RREA:  63%|█████████████████████████████████▍                   | 1010/1600 [01:15<00:51, 11.36it/s]
RREA:  63%|█████████████████████████████████▌                   | 1013/1600 [01:15<00:43, 13.55it/s]
RREA:  64%|█████████████████████████████████▋                   | 1016/1600 [01:15<00:37, 15.53it/s]
RREA:  64%|█████████████████████████████████▊                   | 1019/1600 [01:15<00:33, 17.22it/s]05:17:17 | INFO    | epoch 1020/1600 | loss=0.0000
05:17:17 | INFO    |            [filtered] MRR=0.4598 Hit@1=0.3397 Hit@5=0.5900 Hit@10=0.7039 MR=311.2 n=939
05:17:17 | INFO    |            [multiref] MRR=0.4760 Hit@1=0.3471 Hit@5=0.6168 Hit@10=0.7397 MR=201.5 n=749

RREA:  64%|█████████████████████████████████▊                   | 1022/1600 [01:16<00:45, 12.77it/s]
RREA:  64%|█████████████████████████████████▉                   | 1025/1600 [01:16<00:39, 14.74it/s]
RREA:  64%|██████████████████████████████████                   | 1028/1600 [01:16<00:34, 16.50it/s]05:17:18 | INFO    | epoch 1030/1600 | loss=0.0000
05:17:18 | INFO    |            [filtered] MRR=0.4539 Hit@1=0.3237 Hit@5=0.6070 Hit@10=0.7071 MR=310.1 n=939
05:17:18 | INFO    |            [multiref] MRR=0.4694 Hit@1=0.3284 Hit@5=0.6382 Hit@10=0.7437 MR=201.2 n=749

RREA:  64%|██████████████████████████████████                   | 1030/1600 [01:16<00:47, 11.88it/s]
RREA:  65%|██████████████████████████████████▏                  | 1033/1600 [01:16<00:40, 14.04it/s]
RREA:  65%|██████████████████████████████████▎                  | 1036/1600 [01:16<00:35, 15.97it/s]
RREA:  65%|██████████████████████████████████▍                  | 1039/1600 [01:17<00:31, 17.59it/s]05:17:18 | INFO    | epoch 1040/1600 | loss=0.0000
05:17:18 | INFO    |            [filtered] MRR=0.4535 Hit@1=0.3280 Hit@5=0.6006 Hit@10=0.7007 MR=313.4 n=939
05:17:18 | INFO    |            [multiref] MRR=0.4668 Hit@1=0.3284 Hit@5=0.6315 Hit@10=0.7370 MR=205.3 n=749

RREA:  65%|██████████████████████████████████▌                  | 1042/1600 [01:17<00:43, 12.92it/s]
RREA:  65%|██████████████████████████████████▌                  | 1045/1600 [01:17<00:37, 14.88it/s]
RREA:  66%|██████████████████████████████████▋                  | 1048/1600 [01:17<00:33, 16.61it/s]05:17:19 | INFO    | epoch 1050/1600 | loss=0.0000
05:17:19 | INFO    |            [filtered] MRR=0.4614 Hit@1=0.3429 Hit@5=0.5932 Hit@10=0.7018 MR=305.6 n=939
05:17:19 | INFO    |            [multiref] MRR=0.4807 Hit@1=0.3538 Hit@5=0.6235 Hit@10=0.7370 MR=193.6 n=749

RREA:  66%|██████████████████████████████████▊                  | 1050/1600 [01:18<00:45, 12.01it/s]
RREA:  66%|██████████████████████████████████▉                  | 1053/1600 [01:18<00:38, 14.17it/s]
RREA:  66%|██████████████████████████████████▉                  | 1056/1600 [01:18<00:33, 16.08it/s]
RREA:  66%|███████████████████████████████████                  | 1059/1600 [01:18<00:30, 17.68it/s]05:17:20 | INFO    | epoch 1060/1600 | loss=0.0010
05:17:20 | INFO    |            [filtered] MRR=0.4605 Hit@1=0.3376 Hit@5=0.6017 Hit@10=0.7050 MR=310.9 n=939
05:17:20 | INFO    |            [multiref] MRR=0.4795 Hit@1=0.3471 Hit@5=0.6302 Hit@10=0.7450 MR=203.2 n=749

RREA:  66%|███████████████████████████████████▏                 | 1062/1600 [01:18<00:41, 12.88it/s]
RREA:  67%|███████████████████████████████████▎                 | 1065/1600 [01:18<00:36, 14.84it/s]
RREA:  67%|███████████████████████████████████▍                 | 1068/1600 [01:19<00:32, 16.58it/s]05:17:20 | INFO    | epoch 1070/1600 | loss=0.0000
05:17:20 | INFO    |            [filtered] MRR=0.4605 Hit@1=0.3419 Hit@5=0.5953 Hit@10=0.7029 MR=308.4 n=939
05:17:20 | INFO    |            [multiref] MRR=0.4808 Hit@1=0.3538 Hit@5=0.6235 Hit@10=0.7370 MR=200.8 n=749

RREA:  67%|███████████████████████████████████▍                 | 1070/1600 [01:19<00:45, 11.76it/s]
RREA:  67%|███████████████████████████████████▌                 | 1073/1600 [01:19<00:37, 13.93it/s]
RREA:  67%|███████████████████████████████████▋                 | 1076/1600 [01:19<00:33, 15.87it/s]
RREA:  67%|███████████████████████████████████▋                 | 1079/1600 [01:19<00:29, 17.51it/s]05:17:21 | INFO    | epoch 1080/1600 | loss=0.0003
05:17:21 | INFO    |            [filtered] MRR=0.4634 Hit@1=0.3397 Hit@5=0.6113 Hit@10=0.7029 MR=310.0 n=939
05:17:21 | INFO    |            [multiref] MRR=0.4825 Hit@1=0.3498 Hit@5=0.6422 Hit@10=0.7410 MR=206.7 n=749

RREA:  68%|███████████████████████████████████▊                 | 1082/1600 [01:20<00:40, 12.84it/s]
RREA:  68%|███████████████████████████████████▉                 | 1085/1600 [01:20<00:34, 14.80it/s]
RREA:  68%|████████████████████████████████████                 | 1088/1600 [01:20<00:30, 16.55it/s]05:17:22 | INFO    | epoch 1090/1600 | loss=0.0000
05:17:22 | INFO    |            [filtered] MRR=0.4534 Hit@1=0.3248 Hit@5=0.6092 Hit@10=0.6901 MR=325.1 n=939
05:17:22 | INFO    |            [multiref] MRR=0.4702 Hit@1=0.3311 Hit@5=0.6382 Hit@10=0.7276 MR=214.9 n=749

RREA:  68%|████████████████████████████████████                 | 1090/1600 [01:20<00:42, 11.89it/s]
RREA:  68%|████████████████████████████████████▏                | 1093/1600 [01:20<00:36, 14.05it/s]
RREA:  68%|████████████████████████████████████▎                | 1096/1600 [01:21<00:31, 15.98it/s]
RREA:  69%|████████████████████████████████████▍                | 1099/1600 [01:21<00:28, 17.60it/s]05:17:22 | INFO    | epoch 1100/1600 | loss=0.0000
05:17:22 | INFO    |            [filtered] MRR=0.4597 Hit@1=0.3387 Hit@5=0.5900 Hit@10=0.6986 MR=323.9 n=939
05:17:22 | INFO    |            [multiref] MRR=0.4799 Hit@1=0.3511 Hit@5=0.6182 Hit@10=0.7343 MR=213.8 n=749

RREA:  69%|████████████████████████████████████▌                | 1102/1600 [01:21<00:38, 12.82it/s]
RREA:  69%|████████████████████████████████████▌                | 1105/1600 [01:21<00:33, 14.78it/s]
RREA:  69%|████████████████████████████████████▋                | 1108/1600 [01:21<00:29, 16.53it/s]05:17:23 | INFO    | epoch 1110/1600 | loss=0.0001
05:17:23 | INFO    |            [filtered] MRR=0.4606 Hit@1=0.3440 Hit@5=0.5889 Hit@10=0.6954 MR=325.3 n=939
05:17:23 | INFO    |            [multiref] MRR=0.4824 Hit@1=0.3578 Hit@5=0.6168 Hit@10=0.7316 MR=216.2 n=749

RREA:  69%|████████████████████████████████████▊                | 1110/1600 [01:22<00:40, 11.99it/s]
RREA:  70%|████████████████████████████████████▊                | 1113/1600 [01:22<00:34, 14.15it/s]
RREA:  70%|████████████████████████████████████▉                | 1116/1600 [01:22<00:30, 16.06it/s]
RREA:  70%|█████████████████████████████████████                | 1119/1600 [01:22<00:27, 17.67it/s]05:17:24 | INFO    | epoch 1120/1600 | loss=0.0004
05:17:24 | INFO    |            [filtered] MRR=0.4657 Hit@1=0.3610 Hit@5=0.5783 Hit@10=0.6901 MR=328.0 n=939
05:17:24 | INFO    |            [multiref] MRR=0.4850 Hit@1=0.3712 Hit@5=0.6061 Hit@10=0.7263 MR=217.7 n=749

RREA:  70%|█████████████████████████████████████▏               | 1122/1600 [01:22<00:37, 12.80it/s]
RREA:  70%|█████████████████████████████████████▎               | 1125/1600 [01:23<00:32, 14.76it/s]
RREA:  70%|█████████████████████████████████████▎               | 1128/1600 [01:23<00:28, 16.51it/s]05:17:24 | INFO    | epoch 1130/1600 | loss=0.0000
05:17:24 | INFO    |            [filtered] MRR=0.4691 Hit@1=0.3568 Hit@5=0.5879 Hit@10=0.6976 MR=329.5 n=939
05:17:24 | INFO    |            [multiref] MRR=0.4867 Hit@1=0.3645 Hit@5=0.6155 Hit@10=0.7356 MR=218.2 n=749
05:17:25 | INFO    |            -> new best filtered MRR=0.4691 (saved model_best.pt)

RREA:  71%|█████████████████████████████████████▍               | 1130/1600 [01:23<00:45, 10.28it/s]
RREA:  71%|█████████████████████████████████████▌               | 1133/1600 [01:23<00:37, 12.49it/s]
RREA:  71%|█████████████████████████████████████▋               | 1136/1600 [01:23<00:31, 14.56it/s]
RREA:  71%|█████████████████████████████████████▋               | 1139/1600 [01:24<00:28, 16.39it/s]05:17:25 | INFO    | epoch 1140/1600 | loss=0.0000
05:17:25 | INFO    |            [filtered] MRR=0.4655 Hit@1=0.3482 Hit@5=0.5911 Hit@10=0.7018 MR=312.9 n=939
05:17:25 | INFO    |            [multiref] MRR=0.4818 Hit@1=0.3551 Hit@5=0.6182 Hit@10=0.7383 MR=205.6 n=749

RREA:  71%|█████████████████████████████████████▊               | 1142/1600 [01:24<00:36, 12.47it/s]
RREA:  72%|█████████████████████████████████████▉               | 1145/1600 [01:24<00:31, 14.46it/s]
RREA:  72%|██████████████████████████████████████               | 1148/1600 [01:24<00:27, 16.24it/s]05:17:26 | INFO    | epoch 1150/1600 | loss=0.0002
05:17:26 | INFO    |            [filtered] MRR=0.4666 Hit@1=0.3493 Hit@5=0.5879 Hit@10=0.7061 MR=315.7 n=939
05:17:26 | INFO    |            [multiref] MRR=0.4845 Hit@1=0.3591 Hit@5=0.6142 Hit@10=0.7423 MR=208.3 n=749

RREA:  72%|██████████████████████████████████████               | 1150/1600 [01:25<00:38, 11.69it/s]
RREA:  72%|██████████████████████████████████████▏              | 1153/1600 [01:25<00:32, 13.87it/s]
RREA:  72%|██████████████████████████████████████▎              | 1156/1600 [01:25<00:28, 15.80it/s]
RREA:  72%|██████████████████████████████████████▍              | 1159/1600 [01:25<00:25, 17.45it/s]05:17:27 | INFO    | epoch 1160/1600 | loss=0.0000
05:17:27 | INFO    |            [filtered] MRR=0.4655 Hit@1=0.3419 Hit@5=0.6113 Hit@10=0.7093 MR=311.7 n=939
05:17:27 | INFO    |            [multiref] MRR=0.4823 Hit@1=0.3485 Hit@5=0.6422 Hit@10=0.7450 MR=204.2 n=749

RREA:  73%|██████████████████████████████████████▍              | 1162/1600 [01:26<00:57,  7.64it/s]
RREA:  73%|██████████████████████████████████████▌              | 1165/1600 [01:26<00:45,  9.58it/s]
RREA:  73%|██████████████████████████████████████▋              | 1168/1600 [01:26<00:37, 11.63it/s]05:17:28 | INFO    | epoch 1170/1600 | loss=0.0008
05:17:28 | INFO    |            [filtered] MRR=0.4625 Hit@1=0.3333 Hit@5=0.6124 Hit@10=0.7114 MR=315.2 n=939
05:17:28 | INFO    |            [multiref] MRR=0.4777 Hit@1=0.3378 Hit@5=0.6395 Hit@10=0.7490 MR=207.7 n=749

RREA:  73%|██████████████████████████████████████▊              | 1170/1600 [01:26<00:44,  9.61it/s]
RREA:  73%|██████████████████████████████████████▊              | 1173/1600 [01:27<00:36, 11.82it/s]
RREA:  74%|██████████████████████████████████████▉              | 1176/1600 [01:27<00:30, 13.94it/s]
RREA:  74%|███████████████████████████████████████              | 1179/1600 [01:27<00:26, 15.84it/s]05:17:28 | INFO    | epoch 1180/1600 | loss=0.0012
05:17:29 | INFO    |            [filtered] MRR=0.4685 Hit@1=0.3482 Hit@5=0.5996 Hit@10=0.7146 MR=322.3 n=939
05:17:29 | INFO    |            [multiref] MRR=0.4860 Hit@1=0.3551 Hit@5=0.6302 Hit@10=0.7517 MR=210.7 n=749

RREA:  74%|███████████████████████████████████████▏             | 1182/1600 [01:27<00:34, 12.07it/s]
RREA:  74%|███████████████████████████████████████▎             | 1185/1600 [01:27<00:29, 14.08it/s]
RREA:  74%|███████████████████████████████████████▎             | 1188/1600 [01:27<00:25, 15.91it/s]05:17:29 | INFO    | epoch 1190/1600 | loss=0.0004
05:17:29 | INFO    |            [filtered] MRR=0.4625 Hit@1=0.3312 Hit@5=0.6219 Hit@10=0.7231 MR=321.7 n=939
05:17:29 | INFO    |            [multiref] MRR=0.4765 Hit@1=0.3324 Hit@5=0.6529 Hit@10=0.7637 MR=213.5 n=749

RREA:  74%|███████████████████████████████████████▍             | 1190/1600 [01:28<00:35, 11.62it/s]
RREA:  75%|███████████████████████████████████████▌             | 1193/1600 [01:28<00:29, 13.80it/s]
RREA:  75%|███████████████████████████████████████▌             | 1196/1600 [01:28<00:25, 15.76it/s]
RREA:  75%|███████████████████████████████████████▋             | 1199/1600 [01:28<00:23, 17.42it/s]05:17:30 | INFO    | epoch 1200/1600 | loss=0.0000 | bootstrap: empty pool
05:17:30 | INFO    |            [filtered] MRR=0.4559 Hit@1=0.3184 Hit@5=0.6230 Hit@10=0.7188 MR=318.7 n=939
05:17:30 | INFO    |            [multiref] MRR=0.4686 Hit@1=0.3164 Hit@5=0.6555 Hit@10=0.7570 MR=211.2 n=749

RREA:  75%|███████████████████████████████████████▊             | 1202/1600 [01:29<00:31, 12.79it/s]
RREA:  75%|███████████████████████████████████████▉             | 1205/1600 [01:29<00:26, 14.75it/s]
RREA:  76%|████████████████████████████████████████             | 1208/1600 [01:29<00:23, 16.50it/s]05:17:30 | INFO    | epoch 1210/1600 | loss=0.0017
05:17:31 | INFO    |            [filtered] MRR=0.4697 Hit@1=0.3472 Hit@5=0.6155 Hit@10=0.7114 MR=325.2 n=939
05:17:31 | INFO    |            [multiref] MRR=0.4859 Hit@1=0.3511 Hit@5=0.6502 Hit@10=0.7503 MR=215.1 n=749
05:17:31 | INFO    |            -> new best filtered MRR=0.4697 (saved model_best.pt)

RREA:  76%|████████████████████████████████████████             | 1210/1600 [01:29<00:38, 10.22it/s]
RREA:  76%|████████████████████████████████████████▏            | 1213/1600 [01:29<00:31, 12.43it/s]
RREA:  76%|████████████████████████████████████████▎            | 1216/1600 [01:30<00:26, 14.51it/s]
RREA:  76%|████████████████████████████████████████▍            | 1219/1600 [01:30<00:23, 16.34it/s]05:17:31 | INFO    | epoch 1220/1600 | loss=0.0007
05:17:31 | INFO    |            [filtered] MRR=0.4572 Hit@1=0.3237 Hit@5=0.6187 Hit@10=0.7050 MR=302.9 n=939
05:17:31 | INFO    |            [multiref] MRR=0.4702 Hit@1=0.3218 Hit@5=0.6515 Hit@10=0.7477 MR=198.5 n=749

RREA:  76%|████████████████████████████████████████▍            | 1222/1600 [01:30<00:30, 12.37it/s]
RREA:  77%|████████████████████████████████████████▌            | 1225/1600 [01:30<00:26, 14.36it/s]
RREA:  77%|████████████████████████████████████████▋            | 1228/1600 [01:30<00:23, 16.16it/s]05:17:32 | INFO    | epoch 1230/1600 | loss=0.0004
05:17:32 | INFO    |            [filtered] MRR=0.4338 Hit@1=0.2758 Hit@5=0.6230 Hit@10=0.7103 MR=298.5 n=939
05:17:32 | INFO    |            [multiref] MRR=0.4390 Hit@1=0.2603 Hit@5=0.6529 Hit@10=0.7557 MR=195.0 n=749

RREA:  77%|████████████████████████████████████████▋            | 1230/1600 [01:31<00:31, 11.77it/s]
RREA:  77%|████████████████████████████████████████▊            | 1233/1600 [01:31<00:26, 13.94it/s]
RREA:  77%|████████████████████████████████████████▉            | 1236/1600 [01:31<00:22, 15.88it/s]
RREA:  77%|█████████████████████████████████████████            | 1239/1600 [01:31<00:20, 17.51it/s]05:17:33 | INFO    | epoch 1240/1600 | loss=0.0008
05:17:33 | INFO    |            [filtered] MRR=0.4433 Hit@1=0.2939 Hit@5=0.6305 Hit@10=0.7082 MR=298.6 n=939
05:17:33 | INFO    |            [multiref] MRR=0.4520 Hit@1=0.2857 Hit@5=0.6609 Hit@10=0.7517 MR=192.7 n=749

RREA:  78%|█████████████████████████████████████████▏           | 1242/1600 [01:31<00:28, 12.76it/s]
RREA:  78%|█████████████████████████████████████████▏           | 1245/1600 [01:32<00:24, 14.73it/s]
RREA:  78%|█████████████████████████████████████████▎           | 1248/1600 [01:32<00:21, 16.48it/s]05:17:33 | INFO    | epoch 1250/1600 | loss=0.0000
05:17:33 | INFO    |            [filtered] MRR=0.4379 Hit@1=0.2812 Hit@5=0.6305 Hit@10=0.7114 MR=304.2 n=939
05:17:33 | INFO    |            [multiref] MRR=0.4456 Hit@1=0.2684 Hit@5=0.6622 Hit@10=0.7597 MR=193.8 n=749

RREA:  78%|█████████████████████████████████████████▍           | 1250/1600 [01:32<00:29, 11.89it/s]
RREA:  78%|█████████████████████████████████████████▌           | 1253/1600 [01:32<00:24, 14.06it/s]
RREA:  78%|█████████████████████████████████████████▌           | 1256/1600 [01:32<00:21, 15.98it/s]
RREA:  79%|█████████████████████████████████████████▋           | 1259/1600 [01:32<00:19, 17.61it/s]05:17:34 | INFO    | epoch 1260/1600 | loss=0.0037
05:17:34 | INFO    |            [filtered] MRR=0.4389 Hit@1=0.2769 Hit@5=0.6390 Hit@10=0.7146 MR=314.6 n=939
05:17:34 | INFO    |            [multiref] MRR=0.4458 Hit@1=0.2630 Hit@5=0.6716 Hit@10=0.7570 MR=204.8 n=749

RREA:  79%|█████████████████████████████████████████▊           | 1262/1600 [01:33<00:26, 12.86it/s]
RREA:  79%|█████████████████████████████████████████▉           | 1265/1600 [01:33<00:22, 14.82it/s]
RREA:  79%|██████████████████████████████████████████           | 1268/1600 [01:33<00:20, 16.56it/s]05:17:35 | INFO    | epoch 1270/1600 | loss=0.0000
05:17:35 | INFO    |            [filtered] MRR=0.4440 Hit@1=0.2897 Hit@5=0.6337 Hit@10=0.7263 MR=311.1 n=939
05:17:35 | INFO    |            [multiref] MRR=0.4519 Hit@1=0.2790 Hit@5=0.6662 Hit@10=0.7717 MR=200.4 n=749

RREA:  79%|██████████████████████████████████████████           | 1270/1600 [01:33<00:27, 11.82it/s]
RREA:  80%|██████████████████████████████████████████▏          | 1273/1600 [01:34<00:23, 13.99it/s]
RREA:  80%|██████████████████████████████████████████▎          | 1276/1600 [01:34<00:20, 15.92it/s]
RREA:  80%|██████████████████████████████████████████▎          | 1279/1600 [01:34<00:18, 17.55it/s]05:17:35 | INFO    | epoch 1280/1600 | loss=0.0000
05:17:35 | INFO    |            [filtered] MRR=0.4352 Hit@1=0.2716 Hit@5=0.6358 Hit@10=0.7146 MR=311.4 n=939
05:17:35 | INFO    |            [multiref] MRR=0.4411 Hit@1=0.2563 Hit@5=0.6676 Hit@10=0.7597 MR=201.4 n=749

RREA:  80%|██████████████████████████████████████████▍          | 1282/1600 [01:34<00:24, 12.81it/s]
RREA:  80%|██████████████████████████████████████████▌          | 1285/1600 [01:34<00:21, 14.77it/s]
RREA:  80%|██████████████████████████████████████████▋          | 1288/1600 [01:34<00:18, 16.52it/s]05:17:36 | INFO    | epoch 1290/1600 | loss=0.0010
05:17:36 | INFO    |            [filtered] MRR=0.4436 Hit@1=0.2865 Hit@5=0.6368 Hit@10=0.7157 MR=311.3 n=939
05:17:36 | INFO    |            [multiref] MRR=0.4512 Hit@1=0.2737 Hit@5=0.6676 Hit@10=0.7623 MR=202.2 n=749

RREA:  81%|██████████████████████████████████████████▋          | 1290/1600 [01:35<00:26, 11.89it/s]
RREA:  81%|██████████████████████████████████████████▊          | 1293/1600 [01:35<00:21, 14.05it/s]
RREA:  81%|██████████████████████████████████████████▉          | 1296/1600 [01:35<00:19, 15.98it/s]
RREA:  81%|███████████████████████████████████████████          | 1299/1600 [01:35<00:17, 17.60it/s]05:17:37 | INFO    | epoch 1300/1600 | loss=0.0000
05:17:37 | INFO    |            [filtered] MRR=0.4498 Hit@1=0.2971 Hit@5=0.6347 Hit@10=0.7157 MR=316.7 n=939
05:17:37 | INFO    |            [multiref] MRR=0.4580 Hit@1=0.2870 Hit@5=0.6636 Hit@10=0.7610 MR=206.2 n=749

RREA:  81%|███████████████████████████████████████████▏         | 1302/1600 [01:36<00:23, 12.74it/s]
RREA:  82%|███████████████████████████████████████████▏         | 1305/1600 [01:36<00:20, 14.71it/s]
RREA:  82%|███████████████████████████████████████████▎         | 1308/1600 [01:36<00:17, 16.47it/s]05:17:37 | INFO    | epoch 1310/1600 | loss=0.0001
05:17:38 | INFO    |            [filtered] MRR=0.4466 Hit@1=0.2907 Hit@5=0.6411 Hit@10=0.7306 MR=323.5 n=939
05:17:38 | INFO    |            [multiref] MRR=0.4554 Hit@1=0.2817 Hit@5=0.6716 Hit@10=0.7730 MR=212.3 n=749

RREA:  82%|███████████████████████████████████████████▍         | 1310/1600 [01:36<00:24, 11.89it/s]
RREA:  82%|███████████████████████████████████████████▍         | 1313/1600 [01:36<00:20, 14.05it/s]
RREA:  82%|███████████████████████████████████████████▌         | 1316/1600 [01:36<00:17, 15.98it/s]
RREA:  82%|███████████████████████████████████████████▋         | 1319/1600 [01:37<00:15, 17.60it/s]05:17:38 | INFO    | epoch 1320/1600 | loss=0.0000
05:17:38 | INFO    |            [filtered] MRR=0.4518 Hit@1=0.2982 Hit@5=0.6475 Hit@10=0.7338 MR=309.8 n=939
05:17:38 | INFO    |            [multiref] MRR=0.4602 Hit@1=0.2884 Hit@5=0.6809 Hit@10=0.7744 MR=207.2 n=749

RREA:  83%|███████████████████████████████████████████▊         | 1322/1600 [01:37<00:21, 12.81it/s]
RREA:  83%|███████████████████████████████████████████▉         | 1325/1600 [01:37<00:18, 14.78it/s]
RREA:  83%|███████████████████████████████████████████▉         | 1328/1600 [01:37<00:16, 16.52it/s]05:17:39 | INFO    | epoch 1330/1600 | loss=0.0005
05:17:39 | INFO    |            [filtered] MRR=0.4388 Hit@1=0.2780 Hit@5=0.6347 Hit@10=0.7263 MR=304.1 n=939
05:17:39 | INFO    |            [multiref] MRR=0.4444 Hit@1=0.2644 Hit@5=0.6636 Hit@10=0.7664 MR=203.4 n=749

RREA:  83%|████████████████████████████████████████████         | 1330/1600 [01:37<00:22, 11.80it/s]
RREA:  83%|████████████████████████████████████████████▏        | 1333/1600 [01:38<00:19, 13.97it/s]
RREA:  84%|████████████████████████████████████████████▎        | 1336/1600 [01:38<00:16, 15.90it/s]
RREA:  84%|████████████████████████████████████████████▎        | 1339/1600 [01:38<00:14, 17.53it/s]05:17:40 | INFO    | epoch 1340/1600 | loss=0.0000
05:17:40 | INFO    |            [filtered] MRR=0.4288 Hit@1=0.2577 Hit@5=0.6337 Hit@10=0.7306 MR=304.4 n=939
05:17:40 | INFO    |            [multiref] MRR=0.4325 Hit@1=0.2403 Hit@5=0.6636 Hit@10=0.7704 MR=201.1 n=749

RREA:  84%|████████████████████████████████████████████▍        | 1342/1600 [01:38<00:20, 12.75it/s]
RREA:  84%|████████████████████████████████████████████▌        | 1345/1600 [01:38<00:17, 14.72it/s]
RREA:  84%|████████████████████████████████████████████▋        | 1348/1600 [01:39<00:15, 16.48it/s]05:17:40 | INFO    | epoch 1350/1600 | loss=0.0000
05:17:40 | INFO    |            [filtered] MRR=0.4618 Hit@1=0.3184 Hit@5=0.6337 Hit@10=0.7284 MR=308.8 n=939
05:17:40 | INFO    |            [multiref] MRR=0.4728 Hit@1=0.3138 Hit@5=0.6622 Hit@10=0.7690 MR=204.5 n=749

RREA:  84%|████████████████████████████████████████████▋        | 1350/1600 [01:39<00:21, 11.86it/s]
RREA:  85%|████████████████████████████████████████████▊        | 1353/1600 [01:39<00:17, 14.03it/s]
RREA:  85%|████████████████████████████████████████████▉        | 1356/1600 [01:39<00:15, 15.96it/s]
RREA:  85%|█████████████████████████████████████████████        | 1359/1600 [01:39<00:13, 17.58it/s]05:17:41 | INFO    | epoch 1360/1600 | loss=0.0000
05:17:41 | INFO    |            [filtered] MRR=0.4371 Hit@1=0.2748 Hit@5=0.6347 Hit@10=0.7252 MR=305.3 n=939
05:17:41 | INFO    |            [multiref] MRR=0.4423 Hit@1=0.2603 Hit@5=0.6636 Hit@10=0.7664 MR=201.6 n=749

RREA:  85%|█████████████████████████████████████████████        | 1362/1600 [01:40<00:18, 12.68it/s]
RREA:  85%|█████████████████████████████████████████████▏       | 1365/1600 [01:40<00:16, 14.66it/s]
RREA:  86%|█████████████████████████████████████████████▎       | 1368/1600 [01:40<00:14, 16.42it/s]05:17:42 | INFO    | epoch 1370/1600 | loss=0.0000
05:17:42 | INFO    |            [filtered] MRR=0.4473 Hit@1=0.2875 Hit@5=0.6411 Hit@10=0.7316 MR=305.9 n=939
05:17:42 | INFO    |            [multiref] MRR=0.4555 Hit@1=0.2777 Hit@5=0.6716 Hit@10=0.7744 MR=201.9 n=749

RREA:  86%|█████████████████████████████████████████████▍       | 1370/1600 [01:40<00:19, 11.79it/s]
RREA:  86%|█████████████████████████████████████████████▍       | 1373/1600 [01:40<00:16, 13.96it/s]
RREA:  86%|█████████████████████████████████████████████▌       | 1376/1600 [01:41<00:14, 15.89it/s]
RREA:  86%|█████████████████████████████████████████████▋       | 1379/1600 [01:41<00:12, 17.52it/s]05:17:42 | INFO    | epoch 1380/1600 | loss=0.0010
05:17:42 | INFO    |            [filtered] MRR=0.4732 Hit@1=0.3440 Hit@5=0.6241 Hit@10=0.7274 MR=303.2 n=939
05:17:42 | INFO    |            [multiref] MRR=0.4870 Hit@1=0.3485 Hit@5=0.6515 Hit@10=0.7623 MR=199.2 n=749
05:17:43 | INFO    |            -> new best filtered MRR=0.4732 (saved model_best.pt)

RREA:  86%|█████████████████████████████████████████████▊       | 1382/1600 [01:41<00:19, 11.20it/s]
RREA:  87%|█████████████████████████████████████████████▉       | 1385/1600 [01:41<00:16, 13.25it/s]
RREA:  87%|█████████████████████████████████████████████▉       | 1388/1600 [01:41<00:13, 15.17it/s]05:17:43 | INFO    | epoch 1390/1600 | loss=0.0000
05:17:43 | INFO    |            [filtered] MRR=0.4738 Hit@1=0.3450 Hit@5=0.6262 Hit@10=0.7306 MR=304.2 n=939
05:17:43 | INFO    |            [multiref] MRR=0.4892 Hit@1=0.3511 Hit@5=0.6515 Hit@10=0.7623 MR=199.9 n=749
05:17:43 | INFO    |            -> new best filtered MRR=0.4738 (saved model_best.pt)

RREA:  87%|██████████████████████████████████████████████       | 1390/1600 [01:42<00:21,  9.73it/s]
RREA:  87%|██████████████████████████████████████████████▏      | 1393/1600 [01:42<00:17, 11.94it/s]
RREA:  87%|██████████████████████████████████████████████▏      | 1396/1600 [01:42<00:14, 14.05it/s]
RREA:  87%|██████████████████████████████████████████████▎      | 1399/1600 [01:42<00:12, 15.93it/s]05:17:44 | INFO    | epoch 1400/1600 | loss=0.0019 | bootstrap: empty pool
05:17:44 | INFO    |            [filtered] MRR=0.4571 Hit@1=0.3142 Hit@5=0.6337 Hit@10=0.7295 MR=304.1 n=939
05:17:44 | INFO    |            [multiref] MRR=0.4675 Hit@1=0.3111 Hit@5=0.6595 Hit@10=0.7650 MR=200.5 n=749

RREA:  88%|██████████████████████████████████████████████▍      | 1401/1600 [01:43<00:17, 11.53it/s]
RREA:  88%|██████████████████████████████████████████████▌      | 1404/1600 [01:43<00:14, 13.76it/s]
RREA:  88%|██████████████████████████████████████████████▌      | 1407/1600 [01:43<00:12, 15.74it/s]05:17:45 | INFO    | epoch 1410/1600 | loss=0.0042
05:17:45 | INFO    |            [filtered] MRR=0.4598 Hit@1=0.3163 Hit@5=0.6347 Hit@10=0.7359 MR=314.8 n=939
05:17:45 | INFO    |            [multiref] MRR=0.4715 Hit@1=0.3151 Hit@5=0.6609 Hit@10=0.7704 MR=208.7 n=749

RREA:  88%|██████████████████████████████████████████████▋      | 1410/1600 [01:43<00:15, 11.94it/s]
RREA:  88%|██████████████████████████████████████████████▊      | 1413/1600 [01:43<00:13, 13.98it/s]
RREA:  88%|██████████████████████████████████████████████▉      | 1416/1600 [01:43<00:11, 15.85it/s]
RREA:  89%|███████████████████████████████████████████████      | 1419/1600 [01:44<00:10, 17.45it/s]05:17:45 | INFO    | epoch 1420/1600 | loss=0.0001
05:17:45 | INFO    |            [filtered] MRR=0.4540 Hit@1=0.3014 Hit@5=0.6379 Hit@10=0.7327 MR=314.1 n=939
05:17:45 | INFO    |            [multiref] MRR=0.4617 Hit@1=0.2924 Hit@5=0.6649 Hit@10=0.7690 MR=206.4 n=749

RREA:  89%|███████████████████████████████████████████████      | 1422/1600 [01:44<00:13, 12.78it/s]
RREA:  89%|███████████████████████████████████████████████▏     | 1425/1600 [01:44<00:11, 14.72it/s]
RREA:  89%|███████████████████████████████████████████████▎     | 1428/1600 [01:44<00:10, 16.46it/s]05:17:46 | INFO    | epoch 1430/1600 | loss=0.0000
05:17:46 | INFO    |            [filtered] MRR=0.4512 Hit@1=0.2929 Hit@5=0.6432 Hit@10=0.7316 MR=313.6 n=939
05:17:46 | INFO    |            [multiref] MRR=0.4598 Hit@1=0.2844 Hit@5=0.6742 Hit@10=0.7704 MR=206.3 n=749

RREA:  89%|███████████████████████████████████████████████▎     | 1430/1600 [01:45<00:14, 11.82it/s]
RREA:  90%|███████████████████████████████████████████████▍     | 1433/1600 [01:45<00:11, 13.98it/s]
RREA:  90%|███████████████████████████████████████████████▌     | 1436/1600 [01:45<00:10, 15.91it/s]
RREA:  90%|███████████████████████████████████████████████▋     | 1439/1600 [01:45<00:09, 17.54it/s]05:17:47 | INFO    | epoch 1440/1600 | loss=0.0000
05:17:47 | INFO    |            [filtered] MRR=0.4607 Hit@1=0.3131 Hit@5=0.6400 Hit@10=0.7370 MR=320.7 n=939
05:17:47 | INFO    |            [multiref] MRR=0.4689 Hit@1=0.3057 Hit@5=0.6676 Hit@10=0.7704 MR=210.1 n=749

RREA:  90%|███████████████████████████████████████████████▊     | 1442/1600 [01:45<00:12, 12.71it/s]
RREA:  90%|███████████████████████████████████████████████▊     | 1445/1600 [01:46<00:10, 14.68it/s]
RREA:  90%|███████████████████████████████████████████████▉     | 1448/1600 [01:46<00:09, 16.44it/s]05:17:47 | INFO    | epoch 1450/1600 | loss=0.0000
05:17:47 | INFO    |            [filtered] MRR=0.4503 Hit@1=0.2971 Hit@5=0.6326 Hit@10=0.7284 MR=317.6 n=939
05:17:47 | INFO    |            [multiref] MRR=0.4596 Hit@1=0.2897 Hit@5=0.6595 Hit@10=0.7690 MR=209.9 n=749

RREA:  91%|████████████████████████████████████████████████     | 1450/1600 [01:46<00:12, 11.80it/s]
RREA:  91%|████████████████████████████████████████████████▏    | 1453/1600 [01:46<00:10, 13.97it/s]
RREA:  91%|████████████████████████████████████████████████▏    | 1456/1600 [01:46<00:09, 15.91it/s]
RREA:  91%|████████████████████████████████████████████████▎    | 1459/1600 [01:46<00:08, 17.54it/s]05:17:48 | INFO    | epoch 1460/1600 | loss=0.0002
05:17:48 | INFO    |            [filtered] MRR=0.4474 Hit@1=0.2907 Hit@5=0.6294 Hit@10=0.7284 MR=315.9 n=939
05:17:48 | INFO    |            [multiref] MRR=0.4570 Hit@1=0.2844 Hit@5=0.6555 Hit@10=0.7664 MR=209.1 n=749

RREA:  91%|████████████████████████████████████████████████▍    | 1462/1600 [01:47<00:10, 12.75it/s]
RREA:  92%|████████████████████████████████████████████████▌    | 1465/1600 [01:47<00:09, 14.72it/s]
RREA:  92%|████████████████████████████████████████████████▋    | 1468/1600 [01:47<00:08, 16.48it/s]05:17:49 | INFO    | epoch 1470/1600 | loss=0.0002
05:17:49 | INFO    |            [filtered] MRR=0.4555 Hit@1=0.3024 Hit@5=0.6390 Hit@10=0.7338 MR=315.0 n=939
05:17:49 | INFO    |            [multiref] MRR=0.4632 Hit@1=0.2924 Hit@5=0.6689 Hit@10=0.7704 MR=207.4 n=749

RREA:  92%|████████████████████████████████████████████████▋    | 1470/1600 [01:47<00:11, 11.76it/s]
RREA:  92%|████████████████████████████████████████████████▊    | 1473/1600 [01:47<00:09, 13.93it/s]
RREA:  92%|████████████████████████████████████████████████▉    | 1476/1600 [01:48<00:07, 15.87it/s]
RREA:  92%|████████████████████████████████████████████████▉    | 1479/1600 [01:48<00:06, 17.51it/s]05:17:49 | INFO    | epoch 1480/1600 | loss=0.0000
05:17:49 | INFO    |            [filtered] MRR=0.4435 Hit@1=0.2790 Hit@5=0.6443 Hit@10=0.7391 MR=318.6 n=939
05:17:49 | INFO    |            [multiref] MRR=0.4491 Hit@1=0.2644 Hit@5=0.6742 Hit@10=0.7784 MR=210.6 n=749

RREA:  93%|█████████████████████████████████████████████████    | 1482/1600 [01:48<00:09, 12.75it/s]
RREA:  93%|█████████████████████████████████████████████████▏   | 1485/1600 [01:48<00:07, 14.72it/s]
RREA:  93%|█████████████████████████████████████████████████▎   | 1488/1600 [01:48<00:06, 16.47it/s]05:17:50 | INFO    | epoch 1490/1600 | loss=0.0016
05:17:50 | INFO    |            [filtered] MRR=0.4509 Hit@1=0.2897 Hit@5=0.6496 Hit@10=0.7401 MR=321.9 n=939
05:17:50 | INFO    |            [multiref] MRR=0.4564 Hit@1=0.2750 Hit@5=0.6796 Hit@10=0.7770 MR=212.9 n=749

RREA:  93%|█████████████████████████████████████████████████▎   | 1490/1600 [01:49<00:09, 11.80it/s]
RREA:  93%|█████████████████████████████████████████████████▍   | 1493/1600 [01:49<00:07, 13.97it/s]
RREA:  94%|█████████████████████████████████████████████████▌   | 1496/1600 [01:49<00:06, 15.91it/s]
RREA:  94%|█████████████████████████████████████████████████▋   | 1499/1600 [01:49<00:05, 17.54it/s]05:17:51 | INFO    | epoch 1500/1600 | loss=0.0000
05:17:51 | INFO    |            [filtered] MRR=0.4337 Hit@1=0.2567 Hit@5=0.6486 Hit@10=0.7338 MR=322.6 n=939
05:17:51 | INFO    |            [multiref] MRR=0.4359 Hit@1=0.2350 Hit@5=0.6796 Hit@10=0.7704 MR=213.0 n=749

RREA:  94%|█████████████████████████████████████████████████▊   | 1502/1600 [01:50<00:07, 12.71it/s]
RREA:  94%|█████████████████████████████████████████████████▊   | 1505/1600 [01:50<00:06, 14.68it/s]
RREA:  94%|█████████████████████████████████████████████████▉   | 1508/1600 [01:50<00:05, 16.44it/s]05:17:51 | INFO    | epoch 1510/1600 | loss=0.0000
05:17:52 | INFO    |            [filtered] MRR=0.4427 Hit@1=0.2748 Hit@5=0.6507 Hit@10=0.7316 MR=321.2 n=939
05:17:52 | INFO    |            [multiref] MRR=0.4479 Hit@1=0.2590 Hit@5=0.6822 Hit@10=0.7717 MR=212.2 n=749

RREA:  94%|██████████████████████████████████████████████████   | 1510/1600 [01:50<00:07, 11.82it/s]
RREA:  95%|██████████████████████████████████████████████████   | 1513/1600 [01:50<00:06, 13.99it/s]
RREA:  95%|██████████████████████████████████████████████████▏  | 1516/1600 [01:50<00:05, 15.92it/s]
RREA:  95%|██████████████████████████████████████████████████▎  | 1519/1600 [01:51<00:04, 17.55it/s]05:17:52 | INFO    | epoch 1520/1600 | loss=0.0006
05:17:52 | INFO    |            [filtered] MRR=0.4285 Hit@1=0.2471 Hit@5=0.6518 Hit@10=0.7401 MR=316.1 n=939
05:17:52 | INFO    |            [multiref] MRR=0.4302 Hit@1=0.2243 Hit@5=0.6836 Hit@10=0.7810 MR=209.9 n=749

RREA:  95%|██████████████████████████████████████████████████▍  | 1522/1600 [01:51<00:06, 12.74it/s]
RREA:  95%|██████████████████████████████████████████████████▌  | 1525/1600 [01:51<00:05, 14.71it/s]
RREA:  96%|██████████████████████████████████████████████████▌  | 1528/1600 [01:51<00:04, 16.46it/s]05:17:53 | INFO    | epoch 1530/1600 | loss=0.0002
05:17:53 | INFO    |            [filtered] MRR=0.4301 Hit@1=0.2471 Hit@5=0.6592 Hit@10=0.7476 MR=325.7 n=939
05:17:53 | INFO    |            [multiref] MRR=0.4320 Hit@1=0.2243 Hit@5=0.6889 Hit@10=0.7864 MR=215.2 n=749

RREA:  96%|██████████████████████████████████████████████████▋  | 1530/1600 [01:52<00:05, 11.71it/s]
RREA:  96%|██████████████████████████████████████████████████▊  | 1533/1600 [01:52<00:04, 13.89it/s]
RREA:  96%|██████████████████████████████████████████████████▉  | 1536/1600 [01:52<00:04, 15.83it/s]
RREA:  96%|██████████████████████████████████████████████████▉  | 1539/1600 [01:52<00:03, 17.47it/s]05:17:54 | INFO    | epoch 1540/1600 | loss=0.0044
05:17:54 | INFO    |            [filtered] MRR=0.4393 Hit@1=0.2630 Hit@5=0.6560 Hit@10=0.7423 MR=327.5 n=939
05:17:54 | INFO    |            [multiref] MRR=0.4419 Hit@1=0.2417 Hit@5=0.6876 Hit@10=0.7824 MR=216.3 n=749

RREA:  96%|███████████████████████████████████████████████████  | 1542/1600 [01:52<00:04, 12.71it/s]
RREA:  97%|███████████████████████████████████████████████████▏ | 1545/1600 [01:52<00:03, 14.68it/s]
RREA:  97%|███████████████████████████████████████████████████▎ | 1548/1600 [01:53<00:03, 16.44it/s]05:17:54 | INFO    | epoch 1550/1600 | loss=0.0003
05:17:54 | INFO    |            [filtered] MRR=0.4370 Hit@1=0.2545 Hit@5=0.6603 Hit@10=0.7455 MR=328.9 n=939
05:17:54 | INFO    |            [multiref] MRR=0.4421 Hit@1=0.2363 Hit@5=0.6969 Hit@10=0.7837 MR=213.8 n=749

RREA:  97%|███████████████████████████████████████████████████▎ | 1550/1600 [01:53<00:04, 11.73it/s]
RREA:  97%|███████████████████████████████████████████████████▍ | 1553/1600 [01:53<00:03, 13.90it/s]
RREA:  97%|███████████████████████████████████████████████████▌ | 1556/1600 [01:53<00:02, 15.85it/s]
RREA:  97%|███████████████████████████████████████████████████▋ | 1559/1600 [01:53<00:02, 17.49it/s]05:17:55 | INFO    | epoch 1560/1600 | loss=0.0000
05:17:55 | INFO    |            [filtered] MRR=0.4381 Hit@1=0.2588 Hit@5=0.6571 Hit@10=0.7433 MR=333.0 n=939
05:17:55 | INFO    |            [multiref] MRR=0.4429 Hit@1=0.2403 Hit@5=0.6929 Hit@10=0.7810 MR=217.6 n=749

RREA:  98%|███████████████████████████████████████████████████▋ | 1562/1600 [01:54<00:03, 12.59it/s]
RREA:  98%|███████████████████████████████████████████████████▊ | 1565/1600 [01:54<00:02, 14.57it/s]
RREA:  98%|███████████████████████████████████████████████████▉ | 1568/1600 [01:54<00:01, 16.35it/s]05:17:56 | INFO    | epoch 1570/1600 | loss=0.0013
05:17:56 | INFO    |            [filtered] MRR=0.4531 Hit@1=0.2843 Hit@5=0.6550 Hit@10=0.7455 MR=329.9 n=939
05:17:56 | INFO    |            [multiref] MRR=0.4609 Hit@1=0.2710 Hit@5=0.6903 Hit@10=0.7850 MR=217.6 n=749

RREA:  98%|████████████████████████████████████████████████████ | 1570/1600 [01:54<00:02, 11.70it/s]
RREA:  98%|████████████████████████████████████████████████████ | 1573/1600 [01:54<00:01, 13.88it/s]
RREA:  98%|████████████████████████████████████████████████████▏| 1576/1600 [01:55<00:01, 15.82it/s]
RREA:  99%|████████████████████████████████████████████████████▎| 1579/1600 [01:55<00:01, 17.47it/s]05:17:56 | INFO    | epoch 1580/1600 | loss=0.0001
05:17:56 | INFO    |            [filtered] MRR=0.4625 Hit@1=0.3067 Hit@5=0.6486 Hit@10=0.7433 MR=334.4 n=939
05:17:56 | INFO    |            [multiref] MRR=0.4730 Hit@1=0.2991 Hit@5=0.6822 Hit@10=0.7824 MR=219.9 n=749

RREA:  99%|████████████████████████████████████████████████████▍| 1582/1600 [01:55<00:01, 12.68it/s]
RREA:  99%|████████████████████████████████████████████████████▌| 1585/1600 [01:55<00:01, 14.65it/s]
RREA:  99%|████████████████████████████████████████████████████▌| 1588/1600 [01:55<00:00, 16.42it/s]05:17:57 | INFO    | epoch 1590/1600 | loss=0.0007
05:17:57 | INFO    |            [filtered] MRR=0.4634 Hit@1=0.3046 Hit@5=0.6592 Hit@10=0.7519 MR=334.4 n=939
05:17:57 | INFO    |            [multiref] MRR=0.4757 Hit@1=0.2991 Hit@5=0.6956 Hit@10=0.7904 MR=220.4 n=749

RREA:  99%|████████████████████████████████████████████████████▋| 1590/1600 [01:56<00:00, 11.70it/s]
RREA: 100%|████████████████████████████████████████████████████▊| 1593/1600 [01:56<00:00, 13.87it/s]
RREA: 100%|████████████████████████████████████████████████████▊| 1596/1600 [01:56<00:00, 15.82it/s]
RREA: 100%|████████████████████████████████████████████████████▉| 1599/1600 [01:56<00:00, 17.47it/s]05:17:58 | INFO    | epoch 1600/1600 | loss=0.0002
05:17:58 | INFO    |            [filtered] MRR=0.4530 Hit@1=0.2801 Hit@5=0.6645 Hit@10=0.7529 MR=340.7 n=939
05:17:58 | INFO    |            [multiref] MRR=0.4616 Hit@1=0.2684 Hit@5=0.6969 Hit@10=0.7931 MR=222.5 n=749

RREA: 100%|█████████████████████████████████████████████████████| 1600/1600 [01:56<00:00, 13.69it/s]
05:17:58 | INFO    | Done in 2.0 min. Best filtered MRR=0.4738 @ epoch 1390.
05:17:58 | INFO    | Final evaluation on the test split, read once
05:17:59 | INFO    |   [cosine] filtMRR=0.4791 H@1=0.3572 H@10=0.7524 n=3732 | mrefMRR=0.5057 H@1=0.3860
05:17:59 | INFO    |   [  csls] filtMRR=0.4663 H@1=0.3288 H@10=0.7661 n=3732 | mrefMRR=0.5042 H@1=0.3673
05:18:03 | INFO    |   [cosine] F1=0.5119 P=0.3919 R=0.7377 (threshold 0.937 from validation, validation F1=0.5399)
05:18:03 | INFO    | Wrote experiments/rrea_broadMatch-pgx_20260929-051557/result.json
05:18:03 | INFO    | Finished. Best validation MRR=0.4738 @ epoch 1390.
