epoch,loss,align,rel
1,1.8478654026985168,0.9503670930862427,0.8974983096122742
2,1.7566238641738892,0.9107518196105957,0.8458720445632935
3,1.6533716320991516,0.8554479479789734,0.7979236841201782
4,1.5359228253364563,0.7823948860168457,0.7535279393196106
5,1.3986823558807373,0.6923588514328003,0.706323504447937
6,1.2490787506103516,0.5884273052215576,0.660651445388794
7,1.0931059122085571,0.47546863555908203,0.6176372766494751
8,0.9344271421432495,0.3588308095932007,0.5755963325500488
9,0.7861555814743042,0.24612998962402344,0.5400255918502808
10,0.6640485972166061,0.15436606109142303,0.5096825361251831
11,0.5843654721975327,0.09994985163211823,0.48441562056541443
12,0.5343477129936218,0.07026246190071106,0.46408525109291077
13,0.5046604685485363,0.05479721352458,0.4498632550239563
14,0.4831952899694443,0.046562060713768005,0.43663322925567627
15,0.46169374138116837,0.04222793132066727,0.4194658100605011
16,0.44435933232307434,0.03803575038909912,0.4063235819339752
17,0.42695946991443634,0.03666044771671295,0.3902990221977234
18,0.41231437027454376,0.03488381206989288,0.3774305582046509
19,0.4023430421948433,0.03429574519395828,0.368047297000885
20,0.38868774473667145,0.03347413241863251,0.35521361231803894
21,0.37737101316452026,0.03292110562324524,0.344449907541275
22,0.3673737943172455,0.03131231665611267,0.3360614776611328
23,0.35919901728630066,0.03144463896751404,0.3277543783187866
24,0.3438742831349373,0.03045562654733658,0.3134186565876007
25,0.3370054326951504,0.029969152063131332,0.30703628063201904
26,0.3257017470896244,0.029605034738779068,0.29609671235084534
27,0.3126353267580271,0.027751469984650612,0.28488385677337646
28,0.3085175082087517,0.02828644961118698,0.2802310585975647
29,0.2944656312465668,0.02684083580970764,0.26762479543685913
30,0.28500821627676487,0.026606136932969093,0.2584020793437958
31,0.2805110402405262,0.02644740417599678,0.2540636360645294
32,0.2651686053723097,0.026295198127627373,0.2388734072446823
33,0.2634792812168598,0.025982875376939774,0.23749640583992004
34,0.2545930966734886,0.025983266532421112,0.2286098301410675
35,0.24944162368774414,0.025785446166992188,0.22365617752075195
36,0.24117691814899445,0.025057688355445862,0.21611922979354858
37,0.23758836463093758,0.025074604898691177,0.2125137597322464
38,0.22753186896443367,0.024203959852457047,0.20332790911197662
39,0.2224590741097927,0.02495400235056877,0.19750507175922394
40,0.21857671439647675,0.025079742074012756,0.193496972322464
41,0.2114260010421276,0.02445228025317192,0.1869737207889557
42,0.20526474341750145,0.0230073444545269,0.18225739896297455
43,0.20458517968654633,0.023560792207717896,0.18102438747882843
44,0.1987551897764206,0.023001357913017273,0.17575383186340332
45,0.19014744833111763,0.022770900279283524,0.1673765480518341
46,0.1892822403460741,0.02207169122993946,0.16721054911613464
47,0.18210379034280777,0.021371401846408844,0.16073238849639893
48,0.18074318207800388,0.021253759041428566,0.15948942303657532
49,0.17633381485939026,0.020898863673210144,0.15543495118618011
50,0.17158181965351105,0.020495489239692688,0.15108633041381836
51,0.16733594238758087,0.02005675435066223,0.14727918803691864
52,0.16601692512631416,0.01999804750084877,0.1460188776254654
53,0.15845934115350246,0.019092848524451256,0.1393664926290512
54,0.15872502699494362,0.01892784610390663,0.139797180891037
55,0.1515689268708229,0.01834382861852646,0.13322509825229645
56,0.15117753855884075,0.018556145951151848,0.1326213926076889
57,0.15207361802458763,0.018136005848646164,0.13393761217594147
58,0.14689801819622517,0.017894433811306953,0.1290035843849182
59,0.1439315788447857,0.018111076205968857,0.12582050263881683
60,0.14341366663575172,0.017280835658311844,0.12613283097743988
61,0.13965997472405434,0.017309341579675674,0.12235063314437866
62,0.13814665377140045,0.017246678471565247,0.1208999752998352
63,0.13535024225711823,0.016962021589279175,0.11838822066783905
64,0.13487137481570244,0.016307633370161057,0.11856374144554138
65,0.12962402775883675,0.016750629991292953,0.11287339776754379
66,0.1288214512169361,0.016252558678388596,0.11256889253854752
67,0.12391478754580021,0.015374945476651192,0.10853984206914902
68,0.12121443450450897,0.01580388844013214,0.10541054606437683
69,0.12159914523363113,0.015834741294384003,0.10576440393924713
70,0.12244632095098495,0.015342578291893005,0.10710374265909195
71,0.11987131834030151,0.014730699360370636,0.10514061897993088
72,0.11521001905202866,0.014767177402973175,0.10044284164905548
73,0.11573194712400436,0.015215814113616943,0.10051613301038742
74,0.11628817766904831,0.014350198209285736,0.10193797945976257
75,0.11281614564359188,0.014466127380728722,0.09835001826286316
76,0.11147329770028591,0.01427224837243557,0.09720104932785034
77,0.10852286126464605,0.013963437639176846,0.09455942362546921
78,0.10825224220752716,0.014138281345367432,0.09411396086215973
79,0.10959194041788578,0.013809287920594215,0.09578265249729156
80,0.10591958276927471,0.014273038133978844,0.09164654463529587
81,0.10230124555528164,0.01331026665866375,0.08899097889661789
82,0.10248136147856712,0.013589855283498764,0.08889150619506836
83,0.1032467782497406,0.01359180361032486,0.08965497463941574
84,0.0991913191974163,0.013171207159757614,0.08602011203765869
85,0.0988071970641613,0.012986566871404648,0.08582063019275665
86,0.09651219937950373,0.012920320965349674,0.08359187841415405
87,0.09599085338413715,0.012699859216809273,0.08329099416732788
88,0.09717632830142975,0.012699343264102936,0.08447698503732681
89,0.09341740421950817,0.012644154950976372,0.0807732492685318
90,0.0942648183554411,0.012413134798407555,0.08185168355703354
91,0.09185269847512245,0.012381765991449356,0.0794709324836731
92,0.09295944310724735,0.012464666739106178,0.08049477636814117
93,0.08993444964289665,0.012041497975587845,0.07789295166730881
94,0.08565613813698292,0.011734629049897194,0.07392150908708572
95,0.08807262778282166,0.01165802776813507,0.07641460001468658
96,0.0863881129771471,0.012026214972138405,0.0743618980050087
97,0.0851555922999978,0.011385076679289341,0.07377051562070847
98,0.08562843780964613,0.011483880691230297,0.07414455711841583
99,0.08276930917054415,0.011435289867222309,0.07133401930332184
100,0.08215918950736523,0.011579832062125206,0.07057935744524002
101,0.08111601136624813,0.011217867955565453,0.06989814341068268
102,0.08232276700437069,0.011169789358973503,0.07115297764539719
103,0.0807400606572628,0.011027980595827103,0.0697120800614357
104,0.08108622301369905,0.010971014387905598,0.07011520862579346
105,0.07767734117805958,0.010928111150860786,0.06674923002719879
106,0.07758007291704416,0.010375612415373325,0.06720446050167084
107,0.07760872319340706,0.010419774800539017,0.06718894839286804
108,0.07666592113673687,0.010395100340247154,0.06627082079648972
109,0.07556877098977566,0.010125568136572838,0.06544320285320282
110,0.07580247521400452,0.009891316294670105,0.06591115891933441
111,0.0733957476913929,0.010085325688123703,0.0633104220032692
112,0.0727014197036624,0.010053242556750774,0.06264817714691162
113,0.0734130060300231,0.010080291889607906,0.06333271414041519
114,0.07132809609174728,0.009985025972127914,0.06134307011961937
115,0.07102651335299015,0.009363451972603798,0.06166306138038635
116,0.07154332660138607,0.00963231734931469,0.06191100925207138
117,0.07090327143669128,0.00979403406381607,0.061109237372875214
118,0.06828237418085337,0.009327498264610767,0.0589548759162426
119,0.06965033523738384,0.009371930733323097,0.060278404504060745
120,0.06854605115950108,0.009201960638165474,0.0593440905213356
121,0.06630536634474993,0.009033345617353916,0.05727202072739601
122,0.06735710985958576,0.009170880541205406,0.058186229318380356
123,0.06598972622305155,0.00929954368621111,0.05669018253684044
124,0.06658745184540749,0.008913163095712662,0.057674288749694824
125,0.06401428394019604,0.008594291284680367,0.05541999265551567
126,0.062898438423872,0.009046822786331177,0.05385161563754082
127,0.061444549821317196,0.008222970180213451,0.053221579641103745
128,0.06255700066685677,0.008162342011928558,0.05439465865492821
129,0.06356837879866362,0.008427522145211697,0.05514085665345192
130,0.06344789452850819,0.008558394387364388,0.0548895001411438
131,0.06117000989615917,0.008073857054114342,0.05309615284204483
132,0.0615450507029891,0.008396848104894161,0.05314820259809494
133,0.058706969022750854,0.007925141602754593,0.05078182741999626
134,0.060313099063932896,0.00813498068600893,0.052178118377923965
135,0.06062051095068455,0.007924893870949745,0.0526956170797348
136,0.05905004683881998,0.00802352000027895,0.05102652683854103
137,0.05797720607370138,0.0078124916180968285,0.05016471445560455
138,0.060769086703658104,0.00794401578605175,0.052825070917606354
139,0.05782585497945547,0.0077858371660113335,0.05004001781344414
140,0.05789430160075426,0.007617072202265263,0.050277229398489
141,0.056704756803810596,0.007536672987043858,0.04916808381676674
142,0.056659855879843235,0.007665623910725117,0.04899423196911812
143,0.05603173188865185,0.007387673482298851,0.048644058406353
144,0.05581257492303848,0.007321387529373169,0.048491187393665314
145,0.05623759515583515,0.0071136560291051865,0.049123939126729965
146,0.05550757050514221,0.007375992834568024,0.04813157767057419
147,0.055795044638216496,0.007173650898039341,0.048621393740177155
148,0.056327720172703266,0.0069925421848893166,0.04933517798781395
149,0.053731182124465704,0.0068399920128285885,0.046891190111637115
150,0.055279459338635206,0.007190037053078413,0.04808942228555679
151,0.054143307730555534,0.006840897724032402,0.04730241000652313
152,0.05515787051990628,0.007172409910708666,0.04798546060919762
153,0.0530181834474206,0.00678697694092989,0.04623120650649071
154,0.05312513746321201,0.006680471822619438,0.046444665640592575
155,0.05386657500639558,0.006549658719450235,0.04731691628694534
156,0.054349258076399565,0.006711508613079786,0.04763774946331978
157,0.051587304566055536,0.006562976632267237,0.0450243279337883
158,0.052606224082410336,0.006362303160130978,0.04624392092227936
159,0.05026336759328842,0.006382420659065247,0.043880946934223175
160,0.051169587299227715,0.006724288687109947,0.04444529861211777
161,0.05172741552814841,0.006552507635205984,0.04517490789294243
162,0.05173370195552707,0.006429455708712339,0.04530424624681473
163,0.05043262802064419,0.006408637389540672,0.044023990631103516
164,0.050156769808381796,0.0064195930026471615,0.043737176805734634
165,0.05061361147090793,0.0063267420046031475,0.04428686946630478
166,0.050187521148473024,0.006369606126099825,0.0438179150223732
167,0.048973812721669674,0.006016581319272518,0.042957231402397156
168,0.05070670647546649,0.006148322951048613,0.04455838352441788
169,0.04826568625867367,0.006218696013092995,0.04204699024558067
170,0.05113167315721512,0.005986735224723816,0.0451449379324913
171,0.049046353437006474,0.006234337575733662,0.04281201586127281
172,0.0482791094109416,0.005887436680495739,0.04239167273044586
173,0.04872787604108453,0.0058180526830255985,0.04290982335805893
174,0.047351292334496975,0.005842338316142559,0.041508954018354416
175,0.04836877062916756,0.005591548979282379,0.04277722164988518
176,0.04734630696475506,0.005584871396422386,0.04176143556833267
177,0.0467907153069973,0.005727697163820267,0.04106301814317703
178,0.04660907667130232,0.0057211993262171745,0.040887877345085144
179,0.048752845730632544,0.006110919173806906,0.04264192655682564
180,0.04719532420858741,0.005672601517289877,0.04152272269129753
181,0.046656918711960316,0.005738523788750172,0.040918394923210144
182,0.04665547702461481,0.005453028716146946,0.041202448308467865
183,0.04654614394530654,0.005343982484191656,0.04120216146111488
184,0.04498882777988911,0.005422232672572136,0.03956659510731697
185,0.047739713452756405,0.00537093635648489,0.042368777096271515
186,0.04631668422371149,0.005429637618362904,0.04088704660534859
187,0.04662146791815758,0.005541525781154633,0.041079942137002945
188,0.044170306995511055,0.005467822775244713,0.03870248422026634
189,0.04516764357686043,0.005405314266681671,0.03976232931017876
190,0.04534593550488353,0.005414239596575499,0.03993169590830803
191,0.046678218990564346,0.005231350660324097,0.04144686833024025
192,0.04547274298965931,0.005564754828810692,0.03990798816084862
193,0.04425123054534197,0.005444151349365711,0.03880707919597626
194,0.04458785057067871,0.005272682756185532,0.03931516781449318
195,0.04279258567839861,0.005246088840067387,0.03754649683833122
196,0.042474668473005295,0.00489116832613945,0.037583500146865845
197,0.0440685311332345,0.0052285464480519295,0.03883998468518257
198,0.04346940852701664,0.004990706220269203,0.038478702306747437
199,0.043517602141946554,0.005062305834144354,0.0384552963078022
200,0.04288640711456537,0.005113244988024235,0.03777316212654114
201,0.04249582393094897,0.004969767760485411,0.03752605617046356
202,0.0433995658531785,0.004855846054852009,0.03854371979832649
203,0.04339757515117526,0.005013055633753538,0.03838451951742172
204,0.04174636723473668,0.005019654054194689,0.03672671318054199
205,0.04240979440510273,0.004965471103787422,0.03744432330131531
206,0.04313127975910902,0.004905412904918194,0.038225866854190826
207,0.04267938248813152,0.005034627392888069,0.037644755095243454
208,0.04303898848593235,0.004946203902363777,0.03809278458356857
209,0.041917987167835236,0.00465499609708786,0.037262991070747375
210,0.04222929570823908,0.004462097771465778,0.0377671979367733
211,0.04306488856673241,0.004739921540021896,0.03832496702671051
212,0.040259058587253094,0.004715646617114544,0.03554341197013855
213,0.04188473569229245,0.004858889151364565,0.03702584654092789
214,0.04113371483981609,0.004626726731657982,0.03650698810815811
215,0.04196957591921091,0.004759442992508411,0.0372101329267025
216,0.04158082976937294,0.004516437649726868,0.03706439211964607
217,0.040366980247199535,0.0046506403014063835,0.03571633994579315
218,0.04158256761729717,0.004645125940442085,0.03693744167685509
219,0.04016922041773796,0.004473231732845306,0.035695988684892654
220,0.04130782140418887,0.004616438876837492,0.03669138252735138
221,0.038984996266663074,0.004666765220463276,0.0343182310461998
222,0.0412898575887084,0.004578287713229656,0.036711569875478745
223,0.04034987557679415,0.004618742503225803,0.035731133073568344
224,0.040554119274020195,0.004818284884095192,0.035735834389925
225,0.04043785482645035,0.004637561738491058,0.03580029308795929
226,0.03965426003560424,0.004715831484645605,0.03493842855095863
227,0.03895764984190464,0.0043906960636377335,0.03456695377826691
228,0.039538795594125986,0.004410664085298777,0.03512813150882721
229,0.03827787144109607,0.004548202734440565,0.0337296687066555
230,0.04013928212225437,0.004307998344302177,0.035831283777952194
231,0.039241399616003036,0.004168916493654251,0.035072483122348785
232,0.03875964321196079,0.0044385697692632675,0.034321073442697525
233,0.041143846698105335,0.004331623204052448,0.03681222349405289
234,0.0391083974391222,0.0040651168674230576,0.03504328057169914
235,0.03831443563103676,0.0042295679450035095,0.03408486768603325
236,0.03849356435239315,0.004248498007655144,0.03424506634473801
237,0.03881873097270727,0.004194783978164196,0.034623946994543076
238,0.03817731700837612,0.004073591902852058,0.03410372510552406
239,0.0382107081823051,0.004076424520462751,0.034134283661842346
240,0.03799824230372906,0.004081225022673607,0.03391701728105545
241,0.03870448097586632,0.003914009779691696,0.03479047119617462
242,0.03748118504881859,0.003991324454545975,0.033489860594272614
243,0.03818331751972437,0.004254491068422794,0.033928826451301575
244,0.0388916190713644,0.004075480625033379,0.034816138446331024
245,0.03797887917608023,0.003912563435733318,0.03406631574034691
246,0.038398331962525845,0.003938949666917324,0.03445938229560852
247,0.037172907032072544,0.0040111662819981575,0.03316174075007439
248,0.03702008631080389,0.004179439507424831,0.03284064680337906
249,0.038325194269418716,0.003959327936172485,0.03436586633324623
250,0.03744802391156554,0.0039234100840985775,0.033524613827466965
251,0.03740433417260647,0.004120020195841789,0.03328431397676468
252,0.037316092755645514,0.003874534275382757,0.033441558480262756
253,0.03779745660722256,0.004015868529677391,0.033781588077545166
254,0.03660330828279257,0.003907813690602779,0.03269549459218979
255,0.037900819443166256,0.0036765998229384422,0.034224219620227814
256,0.03771349135786295,0.003932182677090168,0.03378130868077278
257,0.03641314245760441,0.003792775794863701,0.03262036666274071
258,0.035518186166882515,0.003738870844244957,0.03177931532263756
259,0.03757134545594454,0.00407323706895113,0.03349810838699341
260,0.036148155108094215,0.0038732755929231644,0.03227487951517105
261,0.03697507921606302,0.003703639842569828,0.033271439373493195
262,0.03625319246202707,0.0037522176280617714,0.0325009748339653
263,0.03639841638505459,0.0039120446890592575,0.03248637169599533
264,0.0359063851647079,0.003642111551016569,0.03226427361369133
265,0.03725850721821189,0.0036543994210660458,0.033604107797145844
266,0.03598586702719331,0.003743747714906931,0.03224211931228638
267,0.03465589485131204,0.003723229980096221,0.03093266487121582
268,0.035586567129939795,0.003925406839698553,0.03166116029024124
269,0.034666772466152906,0.003672031220048666,0.03099474124610424
270,0.03539462643675506,0.0037560302298516035,0.03163859620690346
271,0.03466782532632351,0.0036346781998872757,0.031033147126436234
272,0.03535133320838213,0.003682398237287998,0.03166893497109413
273,0.03680265927687287,0.003800282720476389,0.033002376556396484
274,0.035075376043096185,0.0037429167423397303,0.031332459300756454
275,0.03475050814449787,0.0035940948873758316,0.03115641325712204
276,0.03505954658612609,0.003596608992666006,0.03146293759346008
277,0.03602306870743632,0.0034530977718532085,0.032569970935583115
278,0.03593771252781153,0.0036228084936738014,0.032314904034137726
279,0.03456070087850094,0.0035184863954782486,0.03104221448302269
280,0.035592165775597095,0.003617626614868641,0.031974539160728455
281,0.03461054223589599,0.003430816112086177,0.031179726123809814
282,0.034604477463290095,0.0034182413946837187,0.031186236068606377
283,0.033335181418806314,0.00349110784009099,0.029844073578715324
284,0.034116157330572605,0.0035674283280968666,0.03054872900247574
285,0.03519680444151163,0.0033124955371022224,0.03188430890440941
286,0.03566883667372167,0.003455264260992408,0.03221357241272926
287,0.03495720261707902,0.0034958370961248875,0.03146136552095413
288,0.03418376320041716,0.00354138039983809,0.03064238280057907
289,0.03534991666674614,0.0034489966928958893,0.03190091997385025
290,0.03276266762986779,0.003568601328879595,0.029194066300988197
291,0.03617804450914264,0.003526474814862013,0.032651569694280624
292,0.033741183346137404,0.0035440230276435614,0.030197160318493843
293,0.03392067505046725,0.0033788844011723995,0.030541790649294853
294,0.033879604190588,0.003495980054140091,0.030383624136447906
295,0.03449870087206364,0.0033237170428037643,0.031174983829259872
296,0.03414500877261162,0.0035363584756851196,0.0306086502969265
297,0.03415049193426967,0.003152781631797552,0.030997710302472115
298,0.03361741732805967,0.0033532893285155296,0.030264127999544144
299,0.0334273180924356,0.0033186576329171658,0.030108660459518433
300,0.033880507573485374,0.003199225291609764,0.03068128228187561
301,0.034105817787349224,0.0033124228939414024,0.03079339489340782
302,0.034628705121576786,0.0033756429329514503,0.031253062188625336
303,0.03306950628757477,0.0034668706357479095,0.02960263565182686
304,0.032479379791766405,0.0032933023758232594,0.029186077415943146
305,0.031937256921082735,0.003190940711647272,0.028746316209435463
306,0.033423274056985974,0.0032543775159865618,0.030168896540999413
307,0.034495380939915776,0.0032573353964835405,0.031238045543432236
308,0.033196748699992895,0.0031409445218741894,0.030055804178118706
309,0.033497697673738,0.0032451963052153587,0.030252501368522644
310,0.03265510336495936,0.0033223035279661417,0.029332799836993217
311,0.03234198363497853,0.003287986386567354,0.02905399724841118
312,0.0322069120593369,0.0033384491689503193,0.02886846289038658
313,0.032017144840210676,0.0032694987021386623,0.028747646138072014
314,0.03368170652538538,0.003310033120214939,0.03037167340517044
315,0.032879098784178495,0.003161459695547819,0.029717639088630676
316,0.032165226293727756,0.003168144030496478,0.028997082263231277
317,0.03316581668332219,0.0032478575594723225,0.02991795912384987
318,0.03349808370694518,0.0032678632996976376,0.030230220407247543
319,0.03303147433325648,0.0032801623456180096,0.029751311987638474
320,0.033109290059655905,0.003085148986428976,0.03002414107322693
321,0.0318175982683897,0.0030414629727602005,0.0287761352956295
322,0.032862432301044464,0.003220532089471817,0.029641900211572647
323,0.031909027602523565,0.003079365473240614,0.02882966212928295
324,0.03285688580945134,0.00317919859662652,0.02967768721282482
325,0.03225708566606045,0.0031056851148605347,0.029151400551199913
326,0.032147837802767754,0.0033456049859523773,0.028802232816815376
327,0.030830887146294117,0.003228013403713703,0.027602873742580414
328,0.03186757257208228,0.0031246556900441647,0.028742916882038116
329,0.03137732297182083,0.002862941473722458,0.028514381498098373
330,0.03225526167079806,0.0031235325150191784,0.029131729155778885
331,0.03188149584457278,0.0031273881904780865,0.028754107654094696
332,0.032338197343051434,0.003119991160929203,0.02921820618212223
333,0.031007087789475918,0.003057326190173626,0.027949761599302292
334,0.03210184630006552,0.0029746992513537407,0.029127147048711777
335,0.03226792812347412,0.0031625311821699142,0.029105396941304207
336,0.03175678988918662,0.003101601731032133,0.028655188158154488
337,0.03139589121565223,0.002964706625789404,0.028431184589862823
338,0.032229197677224874,0.003021684940904379,0.029207512736320496
339,0.031959210988134146,0.0031216233037412167,0.02883758768439293
340,0.03165723057463765,0.0030894209630787373,0.028567809611558914
341,0.03179156361147761,0.003050542902201414,0.0287410207092762
342,0.03045150521211326,0.0028648662846535444,0.027586638927459717
343,0.031466764863580465,0.0031918599270284176,0.028274904936552048
344,0.03223742078989744,0.0028894906863570213,0.02934793010354042
345,0.031608809251338243,0.003089910838752985,0.02851889841258526
346,0.031012007035315037,0.0029621245339512825,0.028049882501363754
347,0.03159433463588357,0.003100079018622637,0.028494255617260933
348,0.03129461593925953,0.0028009433299303055,0.028493672609329224
349,0.031658743508160114,0.003097330220043659,0.028561413288116455
350,0.03156206849962473,0.003113684244453907,0.028448384255170822
351,0.031021749135106802,0.0028369291685521603,0.02818481996655464
352,0.030806765891611576,0.0032064849510788918,0.027600280940532684
353,0.03079572948627174,0.003055776236578822,0.027739953249692917
354,0.03019924880936742,0.0030241222120821476,0.02717512659728527
355,0.029674730263650417,0.0028709275647997856,0.02680380269885063
356,0.030063188634812832,0.0029518799856305122,0.02711130864918232
357,0.030989035964012146,0.002911170944571495,0.02807786501944065
358,0.030748596414923668,0.0029686223715543747,0.027779974043369293
359,0.03150488925166428,0.003006818937137723,0.028498070314526558
360,0.03081641672179103,0.0029482352547347546,0.027868181467056274
361,0.030694691464304924,0.0029734522104263306,0.027721239253878593
362,0.031466604210436344,0.0027955109253525734,0.02867109328508377
363,0.03087121550925076,0.002820099936798215,0.028051115572452545
364,0.029821363277733326,0.0028361892327666283,0.026985174044966698
365,0.03100037667900324,0.0029192501679062843,0.028081126511096954
366,0.029805043945088983,0.002894381294026971,0.02691066265106201
367,0.03003364522010088,0.0028747981414198875,0.027158847078680992
368,0.030780401546508074,0.0028064739890396595,0.027973927557468414
369,0.03085068240761757,0.0028284303843975067,0.028022252023220062
370,0.029909961856901646,0.0028096018359065056,0.02710036002099514
371,0.029933321056887507,0.002653424395248294,0.027279896661639214
372,0.030515453778207302,0.00281412061303854,0.027701333165168762
373,0.029837735230103135,0.002839969703927636,0.0269977655261755
374,0.03003509482368827,0.002718390431255102,0.027316704392433167
375,0.030992769170552492,0.0026464895345270634,0.02834627963602543
376,0.029858645517379045,0.002852842677384615,0.02700580283999443
377,0.029992395546287298,0.0026014517061412334,0.027390943840146065
378,0.029574219835922122,0.002764803124591708,0.026809416711330414
379,0.0304577995557338,0.0027557399589568377,0.027702059596776962
380,0.029482617042958736,0.0027438076213002205,0.026738809421658516
381,0.029738289769738913,0.002591182943433523,0.02714710682630539
382,0.030254974961280823,0.002703959122300148,0.027551015838980675
383,0.029628914780914783,0.0027668336406350136,0.02686208114027977
384,0.028697227593511343,0.002757085021585226,0.025940142571926117
385,0.02929515903815627,0.002804241608828306,0.026490917429327965
386,0.029208959080278873,0.002923754043877125,0.02628520503640175
387,0.03017090167850256,0.002630128525197506,0.027540773153305054
388,0.028285058913752437,0.0025363347958773375,0.0257487241178751
389,0.02903194143436849,0.0027498004492372274,0.026282140985131264
390,0.02976474678143859,0.002845378126949072,0.026919368654489517
391,0.0291636751499027,0.0026070342864841223,0.02655664086341858
392,0.029090072494000196,0.0026135477237403393,0.026476524770259857
393,0.029558475827798247,0.0025269908364862204,0.027031484991312027
394,0.027986796107143164,0.0026500350795686245,0.02533676102757454
395,0.029395806370303035,0.0025747071485966444,0.02682109922170639
396,0.0286026275716722,0.0028562392108142376,0.025746388360857964
397,0.02871099836193025,0.0027680692728608847,0.025942929089069366
398,0.02971978997811675,0.0025808955542743206,0.02713889442384243
399,0.03012473345734179,0.0026337916497141123,0.027490941807627678
400,0.02941296575590968,0.0025551109574735165,0.026857854798436165
401,0.02767551690340042,0.0028267130255699158,0.024848803877830505
402,0.029248764272779226,0.0027016024105250835,0.026547161862254143
403,0.028611188754439354,0.0023952964693307877,0.026215892285108566
404,0.02929005166515708,0.0027755103074014187,0.02651454135775566
405,0.029103812063112855,0.002628239104524255,0.0264755729585886
406,0.02926385262981057,0.0027495347894728184,0.026514317840337753
407,0.02837526868097484,0.0026877138298004866,0.025687554851174355
408,0.02898767963051796,0.0024838708341121674,0.026503808796405792
409,0.028192688710987568,0.002737618051469326,0.025455070659518242
410,0.028027681866660714,0.0027247893158346415,0.025302892550826073
411,0.02736820885911584,0.0025171772576868534,0.024851031601428986
412,0.028519427869468927,0.002452888060361147,0.02606653980910778
413,0.02851730235852301,0.0026419369969516993,0.025875365361571312
414,0.028397596906870604,0.0024335416965186596,0.025964055210351944
415,0.02821297710761428,0.0025849374942481518,0.025628039613366127
416,0.02766219573095441,0.0023505021817982197,0.02531169354915619
417,0.027826755540445447,0.0025966570246964693,0.025230098515748978
418,0.027435432886704803,0.002587595721706748,0.024847837164998055
419,0.028227326227352023,0.0024653251748532057,0.025762001052498817
420,0.028686233330518007,0.0024989605881273746,0.026187272742390633
421,0.02814797800965607,0.002658567624166608,0.025489410385489464
422,0.0276466584764421,0.0024430896155536175,0.02520356886088848
423,0.0279256128706038,0.002477664966136217,0.025447947904467583
424,0.027780405711382627,0.002536503132432699,0.02524390257894993
425,0.02721311105415225,0.002391794230788946,0.024821316823363304
426,0.027956067118793726,0.0026810229755938053,0.02527504414319992
427,0.027429800014942884,0.002435843925923109,0.024993956089019775
428,0.028301467653363943,0.0026133297942578793,0.025688137859106064
429,0.02724618650972843,0.002197910100221634,0.025048276409506798
430,0.02746635302901268,0.0025157220661640167,0.024950630962848663
431,0.027086525224149227,0.002522309310734272,0.024564215913414955
432,0.02754937787540257,0.0023961991537362337,0.025153178721666336
433,0.02795865200459957,0.0024660639464855194,0.025492588058114052
434,0.027868286008015275,0.0024938920978456736,0.0253743939101696
435,0.027354433434084058,0.0025099918711930513,0.024844441562891006
436,0.027492101304233074,0.0026161735877394676,0.024875927716493607
437,0.0276208589784801,0.0025128028355538845,0.025108056142926216
438,0.027568194083869457,0.0024121245369315147,0.025156069546937943
439,0.0270103313960135,0.002533827442675829,0.02447650395333767
440,0.026775700505822897,0.0022813952527940273,0.02449430525302887
441,0.027152344351634383,0.0021349096205085516,0.02501743473112583
442,0.027030136436223984,0.0024496447294950485,0.024580491706728935
443,0.027168980333954096,0.0023605735041201115,0.024808406829833984
444,0.027736695716157556,0.002494184533134103,0.025242511183023453
445,0.02692502923309803,0.0024056825786828995,0.02451934665441513
446,0.02725672721862793,0.0021370798349380493,0.02511964738368988
447,0.028125761542469263,0.002531175035983324,0.02559458650648594
448,0.026710787788033485,0.002205861732363701,0.024504926055669785
449,0.026095549575984478,0.0025153914466500282,0.02358015812933445
450,0.02728317119181156,0.002325158566236496,0.024958012625575066
451,0.025936312042176723,0.0023803794756531715,0.023555932566523552
452,0.027544622775167227,0.002406617160886526,0.0251380056142807
453,0.026419266127049923,0.0023784367367625237,0.0240408293902874
454,0.02736135618761182,0.002487574238330126,0.024873781949281693
455,0.027488064020872116,0.002403371036052704,0.025084692984819412
456,0.027068582829087973,0.0023938040249049664,0.024674778804183006
457,0.027416333090513945,0.002357098739594221,0.025059234350919724
458,0.02718039834871888,0.0024652727879583836,0.024715125560760498
459,0.026800657156854868,0.0023358226753771305,0.024464834481477737
460,0.026139457942917943,0.0023023125249892473,0.023837145417928696
461,0.027319070417433977,0.002572821918874979,0.024746248498558998
462,0.027423136867582798,0.002240345813333988,0.02518279105424881
463,0.026382884476333857,0.0023147244937717915,0.024068159982562065
464,0.027740238700062037,0.002310993615537882,0.025429245084524155
465,0.026812256313860416,0.00247833039611578,0.024333925917744637
466,0.027091031428426504,0.0024214196018874645,0.02466961182653904
467,0.027093430515378714,0.0023089121095836163,0.024784518405795097
468,0.02677633846178651,0.00229389825835824,0.02448244020342827
469,0.026724052848294377,0.002149689244106412,0.024574363604187965
470,0.02636008057743311,0.0023859506472945213,0.023974129930138588
471,0.026594914961606264,0.002135372254997492,0.024459542706608772
472,0.027194187743589282,0.002338289050385356,0.024855898693203926
473,0.02633344824425876,0.0024897444527596235,0.023843703791499138
474,0.02595084300264716,0.0024027670733630657,0.023548075929284096
475,0.02653889637440443,0.0024186866357922554,0.024120209738612175
476,0.025525195989757776,0.002250086981803179,0.023275109007954597
477,0.02666223095729947,0.002254324499517679,0.02440790645778179
478,0.02468915283679962,0.002321537584066391,0.02236761525273323
479,0.026415363885462284,0.002330525778234005,0.02408483810722828
480,0.026595585513859987,0.002367305103689432,0.024228280410170555
481,0.026524301851168275,0.0021900648716837168,0.024334236979484558
482,0.02648119698278606,0.0023838046472519636,0.024097392335534096
483,0.027024072129279375,0.002504302654415369,0.024519769474864006
484,0.02661804109811783,0.0023292023688554764,0.024288838729262352
485,0.025244363117963076,0.002182383555918932,0.023061979562044144
486,0.02749330340884626,0.002425295999273658,0.0250680074095726
487,0.025579208508133888,0.0022781826555728912,0.023301025852560997
488,0.026472185272723436,0.002274817321449518,0.024197367951273918
489,0.026737596141174436,0.0024089582730084658,0.02432863786816597
490,0.025459391297772527,0.0021967359352856874,0.02326265536248684
491,0.02633468434214592,0.0023384448140859604,0.02399623952805996
492,0.025369818089529872,0.002224872587248683,0.02314494550228119
493,0.02577105350792408,0.002243638038635254,0.023527415469288826
494,0.026437489315867424,0.0023637805134058,0.024073708802461624
495,0.02575645176693797,0.0021591014228761196,0.02359735034406185
496,0.02645901613868773,0.001928819576278329,0.0245301965624094
497,0.025820510927587748,0.0022372310049831867,0.02358327992260456
498,0.026762221474200487,0.0021713809110224247,0.024590840563178062
499,0.02532430598512292,0.00212459871545434,0.02319970726966858
500,0.02520808228291571,0.0023441447410732508,0.02286393754184246
501,0.02485606074333191,0.0021793004125356674,0.022676760330796242
502,0.02544435253366828,0.00216239457949996,0.02328195795416832
503,0.02521401969715953,0.002262973692268133,0.022951046004891396
504,0.025179755175486207,0.0020956716034561396,0.023084083572030067
505,0.02436230657622218,0.0020190938375890255,0.022343212738633156
506,0.025663476902991533,0.0021778703667223454,0.023485606536269188
507,0.025588441407307982,0.002211399143561721,0.02337704226374626
508,0.02470684959553182,0.002159138908609748,0.022547710686922073
509,0.024203496985137463,0.002151227556169033,0.02205226942896843
510,0.02487532515078783,0.002041042782366276,0.022834282368421555
511,0.02501600794494152,0.002121131867170334,0.022894876077771187
512,0.024897209834307432,0.002326055895537138,0.022571153938770294
513,0.025105817010626197,0.002045133849605918,0.02306068316102028
514,0.025897895684465766,0.0022132915910333395,0.023684604093432426
515,0.025000619236379862,0.0020310101099312305,0.02296960912644863
516,0.02452772273682058,0.0020616163965314627,0.022466106340289116
517,0.025207245722413063,0.0020415186882019043,0.02316572703421116
518,0.025053289253264666,0.0021104649640619755,0.02294282428920269
519,0.025277078617364168,0.0021301978267729282,0.02314688079059124
520,0.025688525289297104,0.002179238945245743,0.02350928634405136
521,0.024026405066251755,0.0021848008036613464,0.02184160426259041
522,0.02453742129728198,0.002107262145727873,0.022430159151554108
523,0.02416627760976553,0.0020002564415335655,0.022166021168231964
524,0.025716370902955532,0.002044382505118847,0.023671988397836685
525,0.02460975549183786,0.002078853314742446,0.022530902177095413
526,0.024632070679217577,0.0019699675031006336,0.022662103176116943
527,0.0250256871804595,0.0022112084552645683,0.02281447872519493
528,0.02412492875009775,0.002013872377574444,0.022111056372523308
529,0.025155915413051844,0.00220154644921422,0.022954368963837624
530,0.02494864258915186,0.002029002644121647,0.022919639945030212
531,0.024359591538086534,0.002035388955846429,0.022324202582240105
532,0.025720993988215923,0.002039738930761814,0.02368125505745411
533,0.0247499942779541,0.0021518226712942123,0.02259817160665989
534,0.025102683808654547,0.002140821423381567,0.02296186238527298
535,0.024311382323503494,0.002199452370405197,0.022111929953098297
536,0.0249538104981184,0.002108203247189522,0.02284560725092888
537,0.025140130426734686,0.0020244638435542583,0.023115666583180428
538,0.023995250929147005,0.0021321126259863377,0.021863138303160667
539,0.024956885259598494,0.002225268166512251,0.022731617093086243
540,0.025341191794723272,0.002190138678997755,0.023151053115725517
541,0.024976428830996156,0.0020721873734146357,0.02290424145758152
542,0.025000944966450334,0.0020151736680418253,0.02298577129840851
543,0.023941582534462214,0.0022553359158337116,0.021686246618628502
544,0.024370652623474598,0.0019686976447701454,0.022401954978704453
545,0.02468494512140751,0.0022536683827638626,0.022431276738643646
546,0.024176463019102812,0.0020773946307599545,0.022099068388342857
547,0.024301019962877035,0.0022157388739287853,0.02208528108894825
548,0.02374459570273757,0.0019403859041631222,0.021804209798574448
549,0.025125788059085608,0.0020372639410197735,0.023088524118065834
550,0.02474817680194974,0.002086798194795847,0.022661378607153893
551,0.02413752768188715,0.0021390216425061226,0.021998506039381027
552,0.02477948064915836,0.0021338078659027815,0.022645672783255577
553,0.023766631493344903,0.0018502140883356333,0.02191641740500927
554,0.023619109531864524,0.002022204687818885,0.02159690484404564
555,0.024502025917172432,0.0018428657203912735,0.02265916019678116
556,0.024386097909882665,0.0018917650450021029,0.022494332864880562
557,0.02475524554029107,0.0021062069572508335,0.022649038583040237
558,0.02395231183618307,0.0020441273227334023,0.02190818451344967
559,0.024636368732899427,0.0019918191246688366,0.02264454960823059
560,0.023444579914212227,0.0019655227661132812,0.021479057148098946
561,0.024238372105173767,0.0019422246841713786,0.022296147421002388
562,0.0244871040340513,0.0020183005835860968,0.022468803450465202
563,0.02341542299836874,0.0019310330972075462,0.021484389901161194
564,0.025386441498994827,0.0021708346903324127,0.023215606808662415
565,0.023736069910228252,0.002072351984679699,0.021663717925548553
566,0.02316628722473979,0.0019176877103745937,0.021248599514365196
567,0.02458571782335639,0.0020899507217109203,0.02249576710164547
568,0.023896594066172838,0.001978600863367319,0.02191799320280552
569,0.023738601244986057,0.0020040003582835197,0.021734600886702538
570,0.023581127170473337,0.00198925519362092,0.021591871976852417
571,0.02349326782859862,0.0018039366696029902,0.02168933115899563
572,0.02347709215246141,0.0020666474010795355,0.021410444751381874
573,0.023153586080297828,0.0020315551664680243,0.021122030913829803
574,0.02415810409002006,0.001830435125157237,0.022327668964862823
575,0.023683302104473114,0.001949043944478035,0.02173425815999508
576,0.023327656090259552,0.00206165574491024,0.021266000345349312
577,0.023616617312654853,0.0020136700477451086,0.021602947264909744
578,0.023556056898087263,0.002160394098609686,0.021395662799477577
579,0.02364695246797055,0.0019097084878012538,0.021737243980169296
580,0.023313740151934326,0.0019510815618559718,0.021362658590078354
581,0.023822295013815165,0.0020050578750669956,0.02181723713874817
582,0.023762706201523542,0.0021149232052266598,0.021647782996296883
583,0.02287260489538312,0.002030134666711092,0.020842470228672028
584,0.023978197015821934,0.0020998073741793633,0.02187838964164257
585,0.022547613363713026,0.002052623312920332,0.020494990050792694
586,0.024306686129420996,0.0021291575394570827,0.022177528589963913
587,0.023729243665002286,0.001945044263266027,0.02178419940173626
588,0.023112047812901437,0.001917297369800508,0.02119475044310093
589,0.02209687978029251,0.0018950849771499634,0.020201794803142548
590,0.02295769564807415,0.0019077640026807785,0.02104993164539337
591,0.023461638251319528,0.0020501597318798304,0.021411478519439697
592,0.02312526060268283,0.0018743048422038555,0.021250955760478973
593,0.024372208397835493,0.002063001971691847,0.022309206426143646
594,0.022606906481087208,0.001894400455057621,0.020712506026029587
595,0.02246088651008904,0.0019428387749940157,0.020518047735095024
596,0.023579248692840338,0.0019750515930354595,0.021604197099804878
597,0.024002194521017373,0.0018540025921538472,0.022148191928863525
598,0.023201041272841394,0.0019211642211303115,0.021279877051711082
599,0.02334500220604241,0.0021534201223403215,0.021191582083702087
600,0.02313790167681873,0.002159039257094264,0.020978862419724464
601,0.023489644285291433,0.0018133851699531078,0.021676259115338326
602,0.023490161634981632,0.001967404969036579,0.021522756665945053
603,0.024727348005399108,0.002007424598559737,0.02271992340683937
604,0.02279146877117455,0.0019368205685168505,0.0208546482026577
605,0.0228040850488469,0.0019001512555405498,0.02090393379330635
606,0.022280088160187006,0.0017610271461308002,0.020519061014056206
607,0.023329884628765285,0.001920851762406528,0.021409032866358757
608,0.023029487812891603,0.0020470565650612116,0.02098243124783039
609,0.023808039957657456,0.0018870218191295862,0.02192101813852787
610,0.023549486184492707,0.0020240882877260447,0.021525397896766663
611,0.02339755347929895,0.0019841508474200964,0.021413402631878853
612,0.02253728301730007,0.0018292864551767707,0.0207079965621233
613,0.02392967464402318,0.001957379747182131,0.02197229489684105
614,0.023527280427515507,0.0019441945478320122,0.021583085879683495
615,0.02232937654480338,0.0017955969087779522,0.02053377963602543
616,0.0229245915543288,0.0019414040725678205,0.02098318748176098
617,0.022701928857713938,0.0020455890335142612,0.020656339824199677
618,0.02255777339451015,0.001789851812645793,0.020767921581864357
619,0.022948947036638856,0.0019898267928510904,0.020959120243787766
620,0.02236802177503705,0.0018262327648699284,0.020541789010167122
621,0.02279091556556523,0.0018844001460820436,0.020906515419483185
622,0.023638420272618532,0.0017482065595686436,0.02189021371304989
623,0.021412374218925834,0.0017327012028545141,0.01967967301607132
624,0.022775691468268633,0.0019080345518887043,0.02086765691637993
625,0.023167827632278204,0.001899301540106535,0.02126852609217167
626,0.023048977251164615,0.0018694036407396197,0.021179573610424995
627,0.02249685674905777,0.0018755923956632614,0.02062126435339451
628,0.022431019111536443,0.0017345225205644965,0.020696496590971947
629,0.02266824129037559,0.0018651715945452452,0.020803069695830345
630,0.02275757829193026,0.0018700823420658708,0.020887495949864388
631,0.02226806292310357,0.001940662506967783,0.020327400416135788
632,0.02382521121762693,0.0020223462488502264,0.021802864968776703
633,0.02235775743611157,0.0018649690318852663,0.020492788404226303
634,0.022390391561202705,0.0018128621159121394,0.020577529445290565
635,0.02305105747655034,0.0018782601691782475,0.021172797307372093
636,0.02231128269340843,0.0018605137011036277,0.020450768992304802
637,0.022569766151718795,0.0018610208062455058,0.02070874534547329
638,0.022640133509412408,0.001826968276873231,0.020813165232539177
639,0.021367182722315192,0.0018299275543540716,0.01953725516796112
640,0.02279324596747756,0.002046551089733839,0.02074669487774372
641,0.022998061846010387,0.0018894922686740756,0.02110856957733631
642,0.02267283294349909,0.001842697151005268,0.02083013579249382
643,0.023035118472762406,0.0019039456965401769,0.02113117277622223
644,0.022867094492539763,0.001772831892594695,0.02109426259994507
645,0.022418563719838858,0.0017412598244845867,0.02067730389535427
646,0.022710758494213223,0.001999036641791463,0.02071172185242176
647,0.021412497851997614,0.00188132980838418,0.019531168043613434
648,0.02289704093709588,0.0018351641483604908,0.02106187678873539
649,0.022065906319767237,0.0018470645882189274,0.02021884173154831
650,0.022125840885564685,0.0017932865303009748,0.02033255435526371
651,0.02237806306220591,0.0019288177136331797,0.02044924534857273
652,0.0219400383066386,0.001855791313573718,0.02008424699306488
653,0.021900235442444682,0.0018308169674128294,0.020069418475031853
654,0.022889329819008708,0.0018115814309567213,0.021077748388051987
655,0.022326341597363353,0.0017232901882380247,0.020603051409125328
656,0.02183343528304249,0.0018648846307769418,0.01996855065226555
657,0.022684177150949836,0.001743806293234229,0.020940370857715607
658,0.02281094854697585,0.0017712968401610851,0.021039651706814766
659,0.022653523134067655,0.0019170951563864946,0.02073642797768116
660,0.021733106579631567,0.0016542798839509487,0.02007882669568062
661,0.021659717778675258,0.001689848373644054,0.019969869405031204
662,0.02253848174586892,0.001750194001942873,0.02078828774392605
663,0.02265237527899444,0.0017649743240326643,0.020887400954961777
664,0.022132192505523562,0.0018508478533476591,0.020281344652175903
665,0.022254971438087523,0.0016173642361536622,0.02063760720193386
666,0.022133165039122105,0.001779790036380291,0.020353375002741814
667,0.022265599109232426,0.002073368988931179,0.020192230120301247
668,0.02106624166481197,0.0018562923651188612,0.019209949299693108
669,0.02155202184803784,0.0018729933071881533,0.019679028540849686
670,0.021263631875626743,0.0018747159047052264,0.019388915970921516
671,0.021385736763477325,0.0018522441387176514,0.019533492624759674
672,0.021409868611954153,0.001819442375563085,0.019590426236391068
673,0.02259269985370338,0.0017571717035025358,0.020835528150200844
674,0.022299209027551115,0.0016891354462131858,0.02061007358133793
675,0.02272830216679722,0.001918316469527781,0.02080998569726944
676,0.022257273783907294,0.0019018107559531927,0.0203554630279541
677,0.02150052203796804,0.0017425359692424536,0.019757986068725586
678,0.022128432989120483,0.0016288179904222488,0.020499614998698235
679,0.021477494854480028,0.0018895347602665424,0.019587960094213486
680,0.022042474476620555,0.0017623945605009794,0.020280079916119576
681,0.020857984898611903,0.0018920979928225279,0.018965886905789375
682,0.021539422101341188,0.0016272462671622634,0.019912175834178925
683,0.02191945631057024,0.0019163256511092186,0.02000313065946102
684,0.02137638279236853,0.0018081574235111475,0.019568225368857384
685,0.021263249218463898,0.0019335504621267319,0.019329698756337166
686,0.02155333198606968,0.0017939675599336624,0.019759364426136017
687,0.021997088566422462,0.0017937254160642624,0.0202033631503582
688,0.02124879718758166,0.001808000961318612,0.019440796226263046
689,0.021444891579449177,0.001828244887292385,0.01961664669215679
690,0.02093003294430673,0.0015475933905690908,0.01938243955373764
691,0.021459475508891046,0.0015891328221186996,0.019870342686772346
692,0.022363964933902025,0.0016446621157228947,0.02071930281817913
693,0.021176086855120957,0.0018828866304829717,0.019293200224637985
694,0.02130908181425184,0.0016898553585633636,0.019619226455688477
695,0.021190405590459704,0.001772519899532199,0.019417885690927505
696,0.02132977871224284,0.0017544678412377834,0.01957531087100506
697,0.020637332927435637,0.001723818015307188,0.01891351491212845
698,0.022363902418874204,0.0017525100847706199,0.020611392334103584
699,0.021752156550064683,0.0018949939403682947,0.019857162609696388
700,0.022157392580993474,0.0016829456435516477,0.020474446937441826
701,0.02114582434296608,0.001706145703792572,0.019439678639173508
702,0.02211075695231557,0.0018491712398827076,0.02026158571243286
703,0.021362401312217116,0.0018142906483262777,0.01954811066389084
704,0.021578320185653865,0.001783409039489925,0.01979491114616394
705,0.021572402794845402,0.0018222957151010633,0.01975010707974434
706,0.022427699994295835,0.001643942203372717,0.02078375779092312
707,0.02179809403605759,0.001775591867044568,0.020022502169013023
708,0.022372154868207872,0.0018635507440194488,0.020508604124188423
709,0.021447043167427182,0.0016945723909884691,0.019752470776438713
710,0.022591406130231917,0.0017371285939589143,0.020854277536273003
711,0.02068916242569685,0.0015141544863581657,0.019175007939338684
712,0.02147536480333656,0.0019038555910810828,0.019571509212255478
713,0.021432470995932817,0.0014160932041704655,0.020016377791762352
714,0.021777882007882,0.0015026580076664686,0.02027522400021553
715,0.021298318984918296,0.0016685350565239787,0.019629783928394318
716,0.020862105768173933,0.0016320119611918926,0.01923009380698204
717,0.022277748212218285,0.001827256754040718,0.020450491458177567
718,0.02119026565924287,0.0016390183009207249,0.019551247358322144
719,0.021777652436867356,0.0016565157566219568,0.0201211366802454
720,0.02169870410580188,0.001748712849803269,0.01994999125599861
721,0.020819333847612143,0.001687049400061369,0.019132284447550774
722,0.02217730227857828,0.0016647176817059517,0.02051258459687233
723,0.02091537439264357,0.0017412530723959208,0.01917412132024765
724,0.021414343966171145,0.0017724249046295881,0.019641919061541557
725,0.020641872426494956,0.0017150396015495062,0.01892683282494545
726,0.02143647358752787,0.0015900919679552317,0.01984638161957264
727,0.021896418184041977,0.0017299298197031021,0.020166488364338875
728,0.020485196262598038,0.001955907791852951,0.018529288470745087
729,0.021057839738205075,0.0018430494237691164,0.01921479031443596
730,0.021301563130691648,0.0017476018983870745,0.019553961232304573
731,0.020472124684602022,0.0015278630889952183,0.018944261595606804
732,0.021361508639529347,0.0016402874607592821,0.019721221178770065
733,0.021758811315521598,0.0017478109803050756,0.020011000335216522
734,0.021129860659129918,0.0016478459583595395,0.019482014700770378
735,0.020482483319938183,0.0016944808885455132,0.01878800243139267
736,0.020583286182954907,0.0015597299207001925,0.019023556262254715
737,0.02142781624570489,0.0018860739655792713,0.019541742280125618
738,0.021508486242964864,0.0017178833950310946,0.01979060284793377
739,0.02106031309813261,0.0015305476263165474,0.019529765471816063
740,0.02150864340364933,0.0016553699970245361,0.019853273406624794
741,0.021168333245441318,0.0018872178625315428,0.019281115382909775
742,0.020904982229694724,0.0016917565371841192,0.019213225692510605
743,0.021127395215444267,0.001737186568789184,0.019390208646655083
744,0.02065751818008721,0.0016422339249402285,0.01901528425514698
745,0.020692056976258755,0.001594466157257557,0.019097590819001198
746,0.020938196103088558,0.0016327881021425128,0.019305408000946045
747,0.020669741788879037,0.0016948191914707422,0.018974922597408295
748,0.020466754212975502,0.0017804931849241257,0.018686261028051376
749,0.02058971719816327,0.0017148968763649464,0.018874820321798325
750,0.021813696948811412,0.0017196524422615767,0.020094044506549835
751,0.020328538957983255,0.0015723560936748981,0.018756182864308357
752,0.020460326690226793,0.0017741755582392216,0.01868615113198757
753,0.020588512532413006,0.0016553672030568123,0.018933145329356194
754,0.01967750978656113,0.0016052455175668001,0.01807226426899433
755,0.021295445272699,0.0016204325947910547,0.019675012677907944
756,0.0200897844042629,0.0015528069343417883,0.018536977469921112
757,0.02119998773559928,0.0017184331081807613,0.019481554627418518
758,0.020288511412218213,0.001681731315329671,0.018606780096888542
759,0.021838544635102153,0.0016929532866925001,0.020145591348409653
760,0.020718614803627133,0.001733291195705533,0.0189853236079216
761,0.021655309479683638,0.0017441431991755962,0.01991116628050804
762,0.021430675173178315,0.00171085842885077,0.019719816744327545
763,0.021609539398923516,0.0017189683858305216,0.019890571013092995
764,0.019660082180052996,0.0017195460386574268,0.01794053614139557
765,0.02173115487676114,0.001727016526274383,0.020004138350486755
766,0.021224877098575234,0.0018425120506435633,0.01938236504793167
767,0.02053475601132959,0.0016082696383818984,0.018926486372947693
768,0.02071254898328334,0.0018318333895877004,0.01888071559369564
769,0.020719858817756176,0.0015243394300341606,0.019195519387722015
770,0.02039460139349103,0.0015389402396976948,0.018855661153793335
771,0.020959277753718197,0.0017858362989500165,0.01917344145476818
772,0.020246794912964106,0.001679884735494852,0.018566910177469254
773,0.02107324975077063,0.0017299127066507936,0.019343337044119835
774,0.020895245135761797,0.0016897065797820687,0.01920553855597973
775,0.020638166810385883,0.001652202452532947,0.018985964357852936
776,0.021222237963229418,0.001531981397420168,0.01969025656580925
777,0.02067239093594253,0.0015539850573986769,0.019118405878543854
778,0.02028453187085688,0.0017210433725267649,0.018563488498330116
779,0.020376394386403263,0.0016748503549024463,0.018701544031500816
780,0.020120403030887246,0.0016076008323580027,0.018512802198529243
781,0.02073775907047093,0.001651223050430417,0.019086536020040512
782,0.020036729983985424,0.0016348352655768394,0.018401894718408585
783,0.020790712093003094,0.001654212479479611,0.019136499613523483
784,0.01961675612255931,0.001633466687053442,0.017983289435505867
785,0.0210977322421968,0.0017057429067790508,0.019391989335417747
786,0.020463290042243898,0.0015990458196029067,0.01886424422264099
787,0.02029417408630252,0.0017842981033027172,0.0185098759829998
788,0.019878034479916096,0.0016498947516083717,0.018228139728307724
789,0.02097303164191544,0.0015471235383301973,0.019425908103585243
790,0.021029462106525898,0.0016633151099085808,0.019366146996617317
791,0.020616077119484544,0.001750400522723794,0.01886567659676075
792,0.02039532456547022,0.0017607947811484337,0.018634529784321785
793,0.02061620296444744,0.0016420403262600303,0.01897416263818741
794,0.0196877975249663,0.0017425731057301164,0.017945224419236183
795,0.020453602191992104,0.0014401451917365193,0.019013457000255585
796,0.01951174740679562,0.0016474549192935228,0.017864292487502098
797,0.020108537399210036,0.0015837043756619096,0.018524833023548126
798,0.020981719135306776,0.0017608472844585776,0.019220871850848198
799,0.02073339675553143,0.0017574627418071032,0.018975934013724327
800,0.021024293266236782,0.001806412823498249,0.019217880442738533
801,0.020555059425532818,0.0016228677704930305,0.018932191655039787
802,0.02032453310675919,0.0014783472288399935,0.018846185877919197
803,0.01987764541991055,0.0015392631758004427,0.018338382244110107
804,0.021102102007716894,0.001734341960400343,0.01936776004731655
805,0.020241697086021304,0.0017538859974592924,0.01848781108856201
806,0.02061052364297211,0.0017783597577363253,0.018832163885235786
807,0.02079003374092281,0.001610706327483058,0.01917932741343975
808,0.01975190592929721,0.0016325856558978558,0.018119320273399353
809,0.020829515531659126,0.0016171503812074661,0.01921236515045166
810,0.01917228801175952,0.0014181542210280895,0.01775413379073143
811,0.02035200223326683,0.0016177371144294739,0.018734265118837357
812,0.0194164183922112,0.0016737249679863453,0.017742693424224854
813,0.020509370369836688,0.0014518934767693281,0.01905747689306736
814,0.019587744842283428,0.0015570622636005282,0.0180306825786829
815,0.01986663695424795,0.0015668226405978203,0.01829981431365013
816,0.019306911271996796,0.0016953145386651158,0.01761159673333168
817,0.019397748983465135,0.0015174768632277846,0.01788027212023735
818,0.019501555594615638,0.001660367357544601,0.017841188237071037
819,0.02003157464787364,0.001572206150740385,0.018459368497133255
820,0.019456087611615658,0.0017393836751580238,0.017716703936457634
821,0.019822427537292242,0.001581673976033926,0.018240753561258316
822,0.020150478230789304,0.0015719246584922075,0.018578553572297096
823,0.01977905083913356,0.0016592872561886907,0.01811976358294487
824,0.020229904213920236,0.0017055573407560587,0.018524346873164177
825,0.020110650220885873,0.001679187873378396,0.018431462347507477
826,0.019786332501098514,0.0015022165607661009,0.018284115940332413
827,0.020116770174354315,0.0017035319469869137,0.0184132382273674
828,0.01904531940817833,0.0015733130276203156,0.017472006380558014
829,0.02055847889278084,0.0015793914208188653,0.018979087471961975
830,0.020946535281836987,0.0016808519139885902,0.019265683367848396
831,0.019681013887748122,0.0015688200946897268,0.018112193793058395
832,0.020135437254793942,0.0016715648816898465,0.018463872373104095
833,0.019925294443964958,0.0017580129206180573,0.0181672815233469
834,0.01942051970399916,0.0013874659780412912,0.01803305372595787
835,0.020665737334638834,0.0015385826118290424,0.01912715472280979
836,0.018762006424367428,0.0013659140095114708,0.017396092414855957
837,0.02026118221692741,0.0017073608469218016,0.018553821370005608
838,0.019930034643039107,0.0015276966150850058,0.0184023380279541
839,0.01992322294972837,0.0015898363199084997,0.01833338662981987
840,0.019227035343647003,0.0014864541590213776,0.017740581184625626
841,0.018581232288852334,0.0016453212592750788,0.016935911029577255
842,0.019145448692142963,0.0016317376866936684,0.017513711005449295
843,0.01985334837809205,0.001425758469849825,0.018427589908242226
844,0.019746326957829297,0.0017391472356393933,0.018007179722189903
845,0.01999415922909975,0.0015553543344140053,0.018438804894685745
846,0.019517406588420272,0.0015857701655477285,0.017931636422872543
847,0.018517408170737326,0.0015098914736881852,0.01700751669704914
848,0.019879023544490337,0.0015455624088644981,0.01833346113562584
849,0.018803931307047606,0.0015759035013616085,0.017228027805685997
850,0.020087910699658096,0.0015862545697018504,0.018501656129956245
851,0.019267323426902294,0.0016330042853951454,0.01763431914150715
852,0.019314209814183414,0.0016694188816472888,0.017644790932536125
853,0.01979750022292137,0.001652684062719345,0.018144816160202026
854,0.019103435333818197,0.0015186197124421597,0.017584815621376038
855,0.02049860847182572,0.0016582731623202562,0.018840335309505463
856,0.01997838425450027,0.0015585522633045912,0.01841983199119568
857,0.019618462305516005,0.001581690739840269,0.018036771565675735
858,0.01933626877143979,0.0014667478390038013,0.01786952093243599
859,0.019998187548480928,0.0016722719883546233,0.018325915560126305
860,0.019853878184221685,0.0014695593854412436,0.01838431879878044
861,0.01936993421986699,0.001600791234523058,0.017769142985343933
862,0.019634054391644895,0.001502813189290464,0.01813124120235443
863,0.020457410253584385,0.0014732526615262032,0.018984157592058182
864,0.01868571573868394,0.0016275164671242237,0.017058199271559715
865,0.019638659083284438,0.001439895131625235,0.018198763951659203
866,0.019024365697987378,0.0015806920127943158,0.017443673685193062
867,0.019069002475589514,0.0014449614100158215,0.017624041065573692
868,0.019327661721035838,0.0016261606942862272,0.01770150102674961
869,0.01952648372389376,0.0015158618334680796,0.018010621890425682
870,0.019246653420850635,0.0013872950803488493,0.017859358340501785
871,0.01981359370984137,0.0015131982509046793,0.01830039545893669
872,0.019683707505464554,0.0017247777432203293,0.017958929762244225
873,0.02006992418318987,0.0015557361766695976,0.01851418800652027
874,0.018987659830600023,0.001752146054059267,0.017235513776540756
875,0.019880747189745307,0.0016922054346650839,0.018188541755080223
876,0.020143350353464484,0.0015822516288608313,0.018561098724603653
877,0.019293407211080194,0.0016805569175630808,0.017612850293517113
878,0.01941390335559845,0.0015664305537939072,0.017847472801804543
879,0.02025186235550791,0.0016701665008440614,0.01858169585466385
880,0.018788894405588508,0.0015481782611459494,0.01724071614444256
881,0.019364429055713117,0.0016744782915338874,0.01768995076417923
882,0.018913801526650786,0.0015235280152410269,0.01739027351140976
883,0.01842701295390725,0.0015844539739191532,0.016842558979988098
884,0.019296561367809772,0.0015324177220463753,0.017764143645763397
885,0.019399017095565796,0.0015304647386074066,0.01786855235695839
886,0.019802221097052097,0.0015093935653567314,0.018292827531695366
887,0.019068265333771706,0.0016009323298931122,0.017467333003878593
888,0.018294006818905473,0.0015058873686939478,0.016788119450211525
889,0.01912585459649563,0.0015597641468048096,0.01756609044969082
890,0.01913894177414477,0.0015095195267349482,0.01762942224740982
891,0.01942868367768824,0.0016334543470293283,0.017795229330658913
892,0.01828212640248239,0.0014341173227876425,0.016848009079694748
893,0.01906902447808534,0.0013728152262046933,0.017696209251880646
894,0.018837280804291368,0.0014595615211874247,0.017377719283103943
895,0.019509703386574984,0.0014944658614695072,0.018015237525105476
896,0.0188531584572047,0.001398398308083415,0.017454760149121284
897,0.018633555388078094,0.0015871019568294287,0.017046453431248665
898,0.019013401702977717,0.0013733698287978768,0.01764003187417984
899,0.01876960345543921,0.0016006103251129389,0.01716899313032627
900,0.019259238382801414,0.0015082170721143484,0.017751021310687065
901,0.019109409069642425,0.0015113854315131903,0.017598023638129234
902,0.01905357837677002,0.0015903692692518234,0.017463209107518196
903,0.019248771481215954,0.0015499750152230263,0.017698796465992928
904,0.01801811088807881,0.0016349249053746462,0.016383185982704163
905,0.019877831684425473,0.0016470116097480059,0.018230820074677467
906,0.01906060113105923,0.001429439173080027,0.017631161957979202
907,0.019187310012057424,0.0013938446063548326,0.01779346540570259
908,0.019056818797253072,0.0014531476190313697,0.017603671178221703
909,0.019584469264373183,0.0016807594802230597,0.017903709784150124
910,0.01971133123151958,0.0014513868372887373,0.018259944394230843
911,0.018945310031995177,0.0016724688466638327,0.017272841185331345
912,0.019497810630127788,0.001698056934401393,0.017799753695726395
913,0.019230356672778726,0.0016427489463239908,0.017587607726454735
914,0.01834978465922177,0.0015064955223351717,0.016843289136886597
915,0.018170616356655955,0.0016326948534697294,0.016537921503186226
916,0.020351739833131433,0.0015467929188162088,0.018804946914315224
917,0.018487911438569427,0.0013904531951993704,0.017097458243370056
918,0.018934856401756406,0.0014001124072819948,0.01753474399447441
919,0.019722280791029334,0.0015239899512380362,0.018198290839791298
920,0.019181787152774632,0.0014388180570676923,0.01774296909570694
921,0.018765238812193274,0.0015834884252399206,0.017181750386953354
922,0.018603536766022444,0.0015066205523908138,0.01709691621363163
923,0.0195248038507998,0.001769323367625475,0.017755480483174324
924,0.018741639330983162,0.0016046501696109772,0.017136989161372185
925,0.018663038033992052,0.001555080059915781,0.01710795797407627
926,0.019374058698303998,0.0015622555511072278,0.01781180314719677
927,0.019594758050516248,0.0015008777845650911,0.018093880265951157
928,0.018978070467710495,0.0015150271356105804,0.017463043332099915
929,0.018669542972929776,0.001405169372446835,0.01726437360048294
930,0.018959835753776133,0.0014073370257392526,0.01755249872803688
931,0.018487021327018738,0.0015524905174970627,0.016934530809521675
932,0.01817480195313692,0.0015245405957102776,0.016650261357426643
933,0.019112242152914405,0.0015689542051404715,0.017543287947773933
934,0.01921789161860943,0.0016108006238937378,0.01760709099471569
935,0.01859693368896842,0.0014245393685996532,0.017172394320368767
936,0.01866954634897411,0.001377413747832179,0.01729213260114193
937,0.018630690407007933,0.0014225519262254238,0.01720813848078251
938,0.01841684419196099,0.0015619097976014018,0.01685493439435959
939,0.01870927680283785,0.0014298977330327034,0.017279379069805145
940,0.018395312363281846,0.0015282502863556147,0.01686706207692623
941,0.01868966920301318,0.001542374026030302,0.01714729517698288
942,0.018109728582203388,0.00132844690233469,0.016781281679868698
943,0.018955775653012097,0.001466543530113995,0.017489232122898102
944,0.018830898799933493,0.0014002450043335557,0.017430653795599937
945,0.019073522766120732,0.0014972268836572766,0.017576295882463455
946,0.018370796227827668,0.001514833653345704,0.016855962574481964
947,0.018700777553021908,0.0015178928151726723,0.017182884737849236
948,0.018498691264539957,0.0015401062555611134,0.016958585008978844
949,0.018882179632782936,0.001573946326971054,0.017308233305811882
950,0.01832530926913023,0.0016949689015746117,0.01663034036755562
951,0.018803981598466635,0.001460281666368246,0.01734369993209839
952,0.018462878884747624,0.0014577556867152452,0.01700512319803238
953,0.01790498790796846,0.0016417152946814895,0.016263272613286972
954,0.018673684680834413,0.0012525806669145823,0.01742110401391983
955,0.01885026239324361,0.0014947607414796948,0.017355501651763916
956,0.01868773833848536,0.0015936533454805613,0.0170940849930048
957,0.018794917850755155,0.0015186307718977332,0.017276287078857422
958,0.018829883774742484,0.0014934015925973654,0.01733648218214512
959,0.017919260077178478,0.0013196123763918877,0.01659964770078659
960,0.01822608255315572,0.0015552520053461194,0.0166708305478096
961,0.018168665235862136,0.0015830674674361944,0.01658559776842594
962,0.019239237415604293,0.001502336817793548,0.017736900597810745
963,0.01840549078769982,0.0014123201835900545,0.016993170604109764
964,0.018137449398636818,0.0015423744916915894,0.01659507490694523
965,0.01839503296650946,0.0014669934753328562,0.016928039491176605
966,0.01835662208031863,0.0013118990464136004,0.01704472303390503
967,0.019074465963058174,0.0014742444036528468,0.017600221559405327
968,0.018103756476193666,0.0015651998110115528,0.016538556665182114
969,0.018441466731019318,0.001425948110409081,0.017015518620610237
970,0.018350915983319283,0.0015005972236394882,0.016850318759679794
971,0.0177307624835521,0.001593784661963582,0.016136977821588516
972,0.01933439914137125,0.001501631923019886,0.017832767218351364
973,0.018878077040426433,0.0014169801725074649,0.017461096867918968
974,0.018103141570463777,0.001507478067651391,0.016595663502812386
975,0.017730020568706095,0.0012857919791713357,0.01644422858953476
976,0.01821446279063821,0.0015256055630743504,0.016688857227563858
977,0.018682043068110943,0.0013587651774287224,0.01732327789068222
978,0.01797982829157263,0.001403642469085753,0.016576185822486877
979,0.01813923381268978,0.001639682799577713,0.016499551013112068
980,0.017068168381229043,0.0014655592385679483,0.015602609142661095
981,0.01835754350759089,0.0014249926898628473,0.016932550817728043
982,0.017824931303039193,0.0014988260809332132,0.01632610522210598
983,0.018575014313682914,0.0015487109776586294,0.017026303336024284
984,0.018578897579573095,0.001323812990449369,0.017255084589123726
985,0.019048656802624464,0.0014522834680974483,0.017596373334527016
986,0.018040857510641217,0.0013912033755332232,0.016649654135107994
987,0.018246119376271963,0.001549994107335806,0.016696125268936157
988,0.01819056854583323,0.0014297144953161478,0.016760854050517082
989,0.017714658402837813,0.0014740765327587724,0.01624058187007904
990,0.01782278949394822,0.0014199060387909412,0.01640288345515728
991,0.018175331875681877,0.0015394818037748337,0.016635850071907043
992,0.018276707967743278,0.0016118211206048727,0.016664886847138405
993,0.018096051877364516,0.0015029606875032187,0.016593091189861298
994,0.01795291737653315,0.001500090816989541,0.01645282655954361
995,0.019059045473113656,0.0015447980258613825,0.017514247447252274
996,0.01811507041566074,0.0014036472421139479,0.01671142317354679
997,0.017977625597268343,0.0014316258020699024,0.01654599979519844
998,0.01928526209667325,0.0016508516855537891,0.01763441041111946
999,0.01834605762269348,0.0015802582493051887,0.01676579937338829
1000,0.017222468741238117,0.0014929799363017082,0.01572948880493641
1001,0.017355307238176465,0.0013236675877124071,0.016031639650464058
1002,0.018366959877312183,0.0014178669080138206,0.016949092969298363
1003,0.0191243018489331,0.0014467376749962568,0.017677564173936844
1004,0.01794515224173665,0.00160672003403306,0.01633843220770359
1005,0.01778484834358096,0.0014560106210410595,0.0163288377225399
1006,0.018147948663681746,0.0014330926351249218,0.016714856028556824
1007,0.01739220297895372,0.00145567930303514,0.01593652367591858
1008,0.019020930398255587,0.0015103803016245365,0.01751055009663105
1009,0.0180349366273731,0.0015118324663490057,0.016523104161024094
1010,0.01880325877573341,0.0013829072704538703,0.01742035150527954
1011,0.01703136903233826,0.001378645421937108,0.015652723610401154
1012,0.018316158559173346,0.0014187353663146496,0.016897423192858696
1013,0.017805338371545076,0.0014285543002188206,0.016376784071326256
1014,0.017846385715529323,0.0014520797412842512,0.01639430597424507
1015,0.01812967110890895,0.0014781189383938909,0.01665155217051506
1016,0.017796126776374876,0.0013305168831720948,0.01646560989320278
1017,0.017317027901299298,0.001528247375972569,0.01578878052532673
1018,0.018979942426085472,0.0015095807611942291,0.017470361664891243
1019,0.01743351831100881,0.0014500615652650595,0.01598345674574375
1020,0.018661354668438435,0.0014284206554293633,0.01723293401300907
1021,0.018868066603317857,0.0014236236456781626,0.017444442957639694
1022,0.01755067054182291,0.001321735791862011,0.0162289347499609
1023,0.01806060690432787,0.001510915346443653,0.016549691557884216
1024,0.018596742069348693,0.0014225353952497244,0.01717420667409897
1025,0.017907848581671715,0.0014398656785488129,0.016467982903122902
1026,0.018164726439863443,0.0016447962261736393,0.016519930213689804
1027,0.017944438848644495,0.0014686924405395985,0.016475746408104897
1028,0.01874674786813557,0.0016190514434129,0.01712769642472267
1029,0.01727507682517171,0.0014879503287374973,0.01578712649643421
1030,0.017734326422214508,0.0011968202888965607,0.016537506133317947
1031,0.018596962094306946,0.0014524031430482864,0.01714455895125866
1032,0.017625602777116,0.00145295902621001,0.01617264375090599
1033,0.01833965815603733,0.001329256221652031,0.0170104019343853
1034,0.01752149232197553,0.0015392984496429563,0.015982193872332573
1035,0.01800582220312208,0.0015782139962539077,0.01642760820686817
1036,0.017598252277821302,0.0015650647692382336,0.01603318750858307
1037,0.018208786845207214,0.0014657583087682724,0.016743028536438942
1038,0.018888080026954412,0.0014600600115954876,0.017428020015358925
1039,0.017689683940261602,0.0013682725839316845,0.016321411356329918
1040,0.01769965374842286,0.0013833181001245975,0.016316335648298264
1041,0.017950305016711354,0.0014229447115212679,0.016527360305190086
1042,0.017792869359254837,0.0014322511851787567,0.01636061817407608
1043,0.018139063380658627,0.0013333065435290337,0.016805756837129593
1044,0.017591323470696807,0.0015081909950822592,0.016083132475614548
1045,0.01729729154612869,0.0014696934958919883,0.015827598050236702
1046,0.01722978928592056,0.0016583719989284873,0.015571417286992073
1047,0.018395808874629438,0.0014583313604816794,0.01693747751414776
1048,0.017663284903392196,0.0014995408710092306,0.016163744032382965
1049,0.018058909568935633,0.0015254695899784565,0.016533439978957176
1050,0.01838335138745606,0.001407598378136754,0.016975753009319305
1051,0.017348287161439657,0.001531477551907301,0.015816809609532356
1052,0.01748786715324968,0.0014096669619902968,0.016078200191259384
1053,0.017964556347578764,0.0016022375784814358,0.016362318769097328
1054,0.017611093819141388,0.0014306437224149704,0.016180450096726418
1055,0.018147447030059993,0.0014469464076682925,0.0167005006223917
1056,0.017553031910210848,0.001408435869961977,0.01614459604024887
1057,0.01842182083055377,0.0013027242384850979,0.017119096592068672
1058,0.017273153411224484,0.0012793273199349642,0.01599382609128952
1059,0.017580092884600163,0.0013824468478560448,0.016197646036744118
1060,0.017465567216277122,0.0015155225992202759,0.015950044617056847
1061,0.018802752951160073,0.0014626069460064173,0.017340146005153656
1062,0.01808738289400935,0.0014758664183318615,0.01661151647567749
1063,0.018250610562972724,0.0014499555109068751,0.01680065505206585
1064,0.017683307407423854,0.0013966436963528395,0.016286663711071014
1065,0.017175835324451327,0.0013760242145508528,0.015799811109900475
1066,0.017792848171666265,0.0014233749825507402,0.016369473189115524
1067,0.017511954996734858,0.0014507551677525043,0.016061199828982353
1068,0.01698090962599963,0.0014857853529974818,0.015495124273002148
1069,0.017695137299597263,0.0014171889051795006,0.016277948394417763
1070,0.01789610949344933,0.001568888546898961,0.01632722094655037
1071,0.017320954357273877,0.0016014567809179425,0.015719497576355934
1072,0.01782596344128251,0.0014157001860439777,0.016410263255238533
1073,0.018315275199711323,0.0012906389310956001,0.017024636268615723
1074,0.017425457132048905,0.0012239908101037145,0.01620146632194519
1075,0.01694921776652336,0.0013222936540842056,0.015626924112439156
1076,0.017533703241497278,0.001325384248048067,0.01620831899344921
1077,0.017589073278941214,0.0013665814185515046,0.01622249186038971
1078,0.01769775408320129,0.001335774315521121,0.016361979767680168
1079,0.017168270656839013,0.0012670105788856745,0.01590126007795334
1080,0.017707069870084524,0.001499540638178587,0.016207529231905937
1081,0.017171922139823437,0.0014104237779974937,0.015761498361825943
1082,0.017580724088475108,0.0013649619650095701,0.016215762123465538
1083,0.017625982873141766,0.0014594057574868202,0.016166577115654945
1084,0.017327737528830767,0.0012164493091404438,0.016111288219690323
1085,0.017862577340565622,0.001463389373384416,0.016399187967181206
1086,0.017941786674782634,0.0013394623529165983,0.016602324321866035
1087,0.017144859884865582,0.0015453269006684422,0.01559953298419714
1088,0.017534143524244428,0.0015786935109645128,0.015955450013279915
1089,0.017449985723942518,0.0015316731296479702,0.015918312594294548
1090,0.017376540694385767,0.0015777074731886387,0.01579883322119713
1091,0.016875315573997796,0.0014143568696454167,0.015460958704352379
1092,0.01766789541579783,0.0013728144112974405,0.01629508100450039
1093,0.017803947092033923,0.0013005422661080956,0.016503404825925827
1094,0.016756137716583908,0.0013992841122671962,0.015356853604316711
1095,0.017482313327491283,0.0014436030760407448,0.01603871025145054
1096,0.01746192271821201,0.001341943396255374,0.016119979321956635
1097,0.017490588361397386,0.0012999738100916147,0.01619061455130577
1098,0.016919894493184984,0.0014817112823948264,0.015438183210790157
1099,0.017120958771556616,0.0014150138013064861,0.01570594497025013
1100,0.017076526768505573,0.0014863908290863037,0.01559013593941927
1101,0.01784341165330261,0.001365290372632444,0.016478121280670166
1102,0.017452076775953174,0.0013178687077015638,0.01613420806825161
1103,0.017674796748906374,0.001562305260449648,0.016112491488456726
1104,0.017234097002074122,0.0014395981561392546,0.015794498845934868
1105,0.017094923881813884,0.0012863583397120237,0.01580856554210186
1106,0.01776105642784387,0.0013776134001091123,0.016383443027734756
1107,0.016944301081821322,0.0013477008324116468,0.015596600249409676
1108,0.017558141611516476,0.0013592923060059547,0.01619884930551052
1109,0.016382538247853518,0.0015374836511909962,0.014845054596662521
1110,0.01705623499583453,0.0016046481905505061,0.015451586805284023
1111,0.017210235120728612,0.0013062015641480684,0.015904033556580544
1112,0.018025638535618782,0.001473754644393921,0.01655188389122486
1113,0.017847383744083345,0.0014229457592591643,0.01642443798482418
1114,0.017756546614691615,0.0013897072058171034,0.01636683940887451
1115,0.01685135264415294,0.0013932205038145185,0.015458132140338421
1116,0.017463232157751918,0.0015012274961918592,0.01596200466156006
1117,0.017010790994390845,0.0014515367802232504,0.015559254214167595
1118,0.017460446571931243,0.0014777721371501684,0.015982674434781075
1119,0.017370317364111543,0.0015405102167278528,0.01582980714738369
1120,0.01733364420942962,0.0013889025431126356,0.015944741666316986
1121,0.01711406745016575,0.0014992253854870796,0.015614842064678669
1122,0.017485728720203042,0.001376189524307847,0.016109539195895195
1123,0.017771677346900105,0.0014854792971163988,0.016286198049783707
1124,0.017274767393246293,0.0014254117850214243,0.01584935560822487
1125,0.01677622424904257,0.0014934396604076028,0.015282784588634968
1126,0.01738008437678218,0.0013636029325425625,0.016016481444239616
1127,0.017045992892235518,0.0014582001604139805,0.015587792731821537
1128,0.016632991610094905,0.0012719992082566023,0.015360992401838303
1129,0.016831406159326434,0.0014624155592173338,0.0153689906001091
1130,0.017015373334288597,0.001477929763495922,0.015537443570792675
1131,0.016967098228633404,0.0013488736003637314,0.015618224628269672
1132,0.01714578433893621,0.0013192405458539724,0.015826543793082237
1133,0.01745022484101355,0.0014335161540657282,0.016016708686947823
1134,0.01718513446394354,0.0014948338503018022,0.01569030061364174
1135,0.016777508659288287,0.0014289307873696089,0.015348577871918678
1136,0.016915627056732774,0.0014133753720670938,0.01550225168466568
1137,0.017974082846194506,0.0014178981073200703,0.016556184738874435
1138,0.017008090275339782,0.001343345153145492,0.01566474512219429
1139,0.01709880167618394,0.0014973278157413006,0.015601473860442638
1140,0.017103625694289804,0.0013731552753597498,0.015730470418930054
1141,0.017661201301962137,0.0014293869026005268,0.01623181439936161
1142,0.016664254595525563,0.0013072696747258306,0.015356984920799732
1143,0.017506513744592667,0.0014063548296689987,0.016100158914923668
1144,0.016084996983408928,0.0014419890940189362,0.014643007889389992
1145,0.01714321388863027,0.0012596172746270895,0.01588359661400318
1146,0.01700686232652515,0.0014402515953406692,0.015566610731184483
1147,0.01643295818939805,0.0013733194209635258,0.015059638768434525
1148,0.01660001208074391,0.0013543351087719202,0.015245676971971989
1149,0.016872109845280647,0.0013185515999794006,0.015553558245301247
1150,0.016577690024860203,0.0013562581734731793,0.015221431851387024
1151,0.01753583492245525,0.0014170663198456168,0.016118768602609634
1152,0.016805140883661807,0.001422192552126944,0.015382948331534863
1153,0.017031504772603512,0.0014478880912065506,0.015583616681396961
1154,0.01729698432609439,0.0015065832994878292,0.01579040102660656
1155,0.0170241785235703,0.0013113771565258503,0.01571280136704445
1156,0.017131281550973654,0.0013570054434239864,0.015774276107549667
1157,0.016808535438030958,0.0014182315208017826,0.015390303917229176
1158,0.017172870691865683,0.0015397272072732449,0.015633143484592438
1159,0.01686794124543667,0.001414547674357891,0.015453393571078777
1160,0.0168501406442374,0.001304873963817954,0.015545266680419445
1161,0.017520712921395898,0.0016620459500700235,0.015858666971325874
1162,0.01669816195499152,0.0013309306232258677,0.015367231331765652
1163,0.01668828073889017,0.0014357026666402817,0.01525257807224989
1164,0.016834935871884227,0.0013329803477972746,0.015501955524086952
1165,0.016737815225496888,0.001345587195828557,0.015392228029668331
1166,0.017906241351738572,0.0014445839915424585,0.016461657360196114
1167,0.01660751597955823,0.0013250154443085194,0.01528250053524971
1168,0.017655012663453817,0.001415818464010954,0.016239194199442863
1169,0.017386010149493814,0.0014122987631708384,0.015973711386322975
1170,0.017076225369237363,0.0013363728066906333,0.01573985256254673
1171,0.0172231022734195,0.0012805492151528597,0.01594255305826664
1172,0.01661582477390766,0.00115960743278265,0.015456217341125011
1173,0.016881911549717188,0.0014017424546182156,0.015480169095098972
1174,0.016459756763651967,0.0013077922631055117,0.015151964500546455
1175,0.016452640295028687,0.0013797329738736153,0.015072907321155071
1176,0.016082454123534262,0.0013696184614673257,0.014712835662066936
1177,0.016796491108834743,0.0015287688001990318,0.015267722308635712
1178,0.016089305863715708,0.0015846580499783158,0.014504647813737392
1179,0.0162979019805789,0.0013771504163742065,0.014920751564204693
1180,0.017052454175427556,0.001346071483567357,0.0157063826918602
1181,0.016872826498001814,0.00135482894256711,0.015517997555434704
1182,0.016491760965436697,0.0014212378300726414,0.015070523135364056
1183,0.017036421224474907,0.001431548036634922,0.015604873187839985
1184,0.016443158849142492,0.001368903904221952,0.01507425494492054
1185,0.015915746800601482,0.001537064090371132,0.01437868271023035
1186,0.01712793263141066,0.0014276948058977723,0.015700237825512886
1187,0.01674404670484364,0.001412122743204236,0.015331923961639404
1188,0.016741551226004958,0.0014800678472965956,0.015261483378708363
1189,0.016816452611237764,0.0013890615664422512,0.015427391044795513
1190,0.01733677473384887,0.0013132878812029958,0.016023486852645874
1191,0.016722090891562402,0.0012826438760384917,0.01543944701552391
1192,0.016866986639797688,0.0013048872351646423,0.015562099404633045
1193,0.01639254088513553,0.001297695329412818,0.015094845555722713
1194,0.016479291953146458,0.0013869460672140121,0.015092345885932446
1195,0.01691460656002164,0.0013700085692107677,0.015544597990810871
1196,0.017440482275560498,0.001502118306234479,0.01593836396932602
1197,0.01629850408062339,0.001346574630588293,0.014951929450035095
1198,0.016546063357964158,0.0014476722571998835,0.015098391100764275
1199,0.016902782022953033,0.0014238366857171059,0.015478945337235928
1200,0.01628646138124168,0.001182694686576724,0.015103766694664955
1201,0.016273607034236193,0.001375365536659956,0.014898241497576237
1202,0.015677039162255824,0.0011413764441385865,0.014535662718117237
1203,0.017085751751437783,0.0012134334538131952,0.015872318297624588
1204,0.016798432683572173,0.0013562131207436323,0.01544221956282854
1205,0.01616072130855173,0.0013944007223472,0.014766320586204529
1206,0.016593806445598602,0.0013811606913805008,0.015212645754218102
1207,0.01658056234009564,0.0013322134036570787,0.01524834893643856
1208,0.01625248952768743,0.0012614463921636343,0.014991043135523796
1209,0.016065086820162833,0.0013918696204200387,0.014673217199742794
1210,0.016836770111694932,0.001339110778644681,0.015497659333050251
1211,0.01653400540817529,0.001329706166870892,0.015204299241304398
1212,0.01618046371731907,0.0013058945769444108,0.01487456914037466
1213,0.016591449035331607,0.0014595144893974066,0.0151319345459342
1214,0.016494795796461403,0.0013678624527528882,0.015126933343708515
1215,0.016205863212235272,0.001378437620587647,0.014827425591647625
1216,0.016326046432368457,0.0013150692684575915,0.015010977163910866
1217,0.015718163223937154,0.0013437590096145868,0.014374404214322567
1218,0.016305990051478148,0.0013629146851599216,0.014943075366318226
1219,0.01607868040446192,0.001250332803465426,0.014828347600996494
1220,0.015886493725702167,0.0012582044582813978,0.014628289267420769
1221,0.015429880702868104,0.0014322504866868258,0.013997630216181278
1222,0.01659546233713627,0.0014217505231499672,0.015173711813986301
1223,0.016157542122527957,0.0013888448011130095,0.014768697321414948
1224,0.015997684793546796,0.0014064435381442308,0.014591241255402565
1225,0.01649066060781479,0.001302359625697136,0.015188300982117653
1226,0.01600385899655521,0.0011617389973253012,0.014842119999229908
1227,0.017168324207887053,0.0014057753141969442,0.01576254889369011
1228,0.016441646497696638,0.0012255595065653324,0.015216086991131306
1229,0.016051113372668624,0.001288726693019271,0.014762386679649353
1230,0.01573010755237192,0.0014277364825829864,0.014302371069788933
1231,0.016078674816526473,0.001367399119772017,0.014711275696754456
1232,0.01608887780457735,0.0012786490842700005,0.01481022872030735
1233,0.016539502423256636,0.0013479688204824924,0.015191533602774143
1234,0.016155290184542537,0.001191203249618411,0.014964086934924126
1235,0.015658238902688026,0.0013376735150814056,0.01432056538760662
1236,0.016449015121906996,0.0013456889428198338,0.015103326179087162
1237,0.016231531044468284,0.0014396037440747023,0.014791927300393581
1238,0.016694115241989493,0.0013913323637098074,0.015302782878279686
1239,0.01635057502426207,0.0012727419380098581,0.015077833086252213
1240,0.016444166423752904,0.0012347700539976358,0.015209396369755268
1241,0.016469177324324846,0.001342694740742445,0.015126482583582401
1242,0.01665629679337144,0.0012419153936207294,0.01541438139975071
1243,0.016568281687796116,0.0014074090868234634,0.015160872600972652
1244,0.016676962608471513,0.001321897143498063,0.01535506546497345
1245,0.01703943428583443,0.0012646291870623827,0.01577480509877205
1246,0.016355349449440837,0.001326931407675147,0.01502841804176569
1247,0.016496617812663317,0.0013445275835692883,0.015152090229094028
1248,0.01622854417655617,0.0014758590841665864,0.014752685092389584
1249,0.016212268732488155,0.0013678418472409248,0.01484442688524723
1250,0.016180644975975156,0.0014609398785978556,0.0147197050973773
1251,0.016393880010582507,0.0013733996311202645,0.015020480379462242
1252,0.015908200293779373,0.0012500099837779999,0.014658190310001373
1253,0.01536357100121677,0.0014305624645203352,0.013933008536696434
1254,0.016873561078682542,0.0013935493770986795,0.015480011701583862
1255,0.016216757940128446,0.0012944892514497042,0.014922268688678741
1256,0.01607458828948438,0.001354993088170886,0.014719595201313496
1257,0.016820140182971954,0.0013920245692133904,0.015428115613758564
1258,0.016223426442593336,0.0013437182642519474,0.014879708178341389
1259,0.016230974346399307,0.0013018231838941574,0.01492915116250515
1260,0.016482144594192505,0.0013687536120414734,0.015113390982151031
1261,0.015351343667134643,0.0012367914896458387,0.014114552177488804
1262,0.016141623258590698,0.0013355296105146408,0.014806093648076057
1263,0.015871524810791016,0.0013549020513892174,0.014516622759401798
1264,0.016379780950956047,0.001314259017817676,0.01506552193313837
1265,0.016120730200782418,0.0014143690932542086,0.01470636110752821
1266,0.01615812606178224,0.0014469220768660307,0.01471120398491621
1267,0.01584302808623761,0.0011635030386969447,0.014679525047540665
1268,0.01697517861612141,0.001334554748609662,0.01564062386751175
1269,0.016539833857677877,0.0012607065727934241,0.015279127284884453
1270,0.015553598990663886,0.0013320937287062407,0.014221505261957645
1271,0.01593884639441967,0.0012687202543020248,0.014670126140117645
1272,0.016210978152230382,0.0013097974006086588,0.014901180751621723
1273,0.016163792926818132,0.0014659282751381397,0.014697864651679993
1274,0.01533090672455728,0.0012720159720629454,0.014058890752494335
1275,0.016561412368901074,0.0012912192614749074,0.015270193107426167
1276,0.0157746005570516,0.0011800391366705298,0.01459456142038107
1277,0.015826462185941637,0.0014898417284712195,0.014336620457470417
1278,0.016606775345280766,0.0011898598168045282,0.015416915528476238
1279,0.01601126743480563,0.001222971361130476,0.014788296073675156
1280,0.01574109960347414,0.0013719182461500168,0.014369181357324123
1281,0.01621674932539463,0.0014922535046935081,0.014724495820701122
1282,0.0160875377478078,0.0014361600624397397,0.014651377685368061
1283,0.017088504508137703,0.0012774765491485596,0.015811027958989143
1284,0.01520143891684711,0.0013360369484871626,0.013865401968359947
1285,0.01563732512295246,0.0013533169403672218,0.01428400818258524
1286,0.01568073290400207,0.001297780079767108,0.014382952824234962
1287,0.015805421746335924,0.001229082583449781,0.014576339162886143
1288,0.016202666447497904,0.0013582879910245538,0.01484437845647335
1289,0.01605414692312479,0.0013264892622828484,0.014727657660841942
1290,0.01587084447965026,0.0013256878592073917,0.014545156620442867
1291,0.01574834785424173,0.0012936161365360022,0.014454731717705727
1292,0.016156297409906983,0.0013695668894797564,0.014786730520427227
1293,0.01588642899878323,0.001314282650128007,0.014572146348655224
1294,0.01578886015340686,0.001358244102448225,0.014430616050958633
1295,0.015446173027157784,0.0013146363198757172,0.014131536707282066
1296,0.015487052500247955,0.0014174021780490875,0.014069650322198868
1297,0.015881302999332547,0.001434950390830636,0.014446352608501911
1298,0.015806640032678843,0.0013118679635226727,0.01449477206915617
1299,0.016077861189842224,0.0012325486168265343,0.01484531257301569
1300,0.015600254060700536,0.0013349682558327913,0.014265285804867744
1301,0.015546101378276944,0.0012066515628248453,0.014339449815452099
1302,0.016014209133572876,0.0013224893482401967,0.01469171978533268
1303,0.016476233024150133,0.0012679765932261944,0.015208256430923939
1304,0.01598900288809091,0.0013661395059898496,0.014622863382101059
1305,0.01544839225243777,0.0012908101780340075,0.014157582074403763
1306,0.01491120783612132,0.0013227774761617184,0.013588430359959602
1307,0.015268102986738086,0.00125730293802917,0.014010800048708916
1308,0.01580743072554469,0.0013382076285779476,0.014469223096966743
1309,0.015968361170962453,0.0012653369922190905,0.014703024178743362
1310,0.01573604717850685,0.0012151431292295456,0.014520904049277306
1311,0.016014924738556147,0.001437037717550993,0.014577887021005154
1312,0.01597943203523755,0.0014368225820362568,0.014542609453201294
1313,0.015849015675485134,0.0011865831911563873,0.014662432484328747
1314,0.015138440649025142,0.001233576680533588,0.013904863968491554
1315,0.01612691069021821,0.001461691688746214,0.014665219001471996
1316,0.015558484708890319,0.0013632706832140684,0.01419521402567625
1317,0.01538362423889339,0.0013301351573318243,0.014053489081561565
1318,0.015741581562906504,0.0012496658600866795,0.014491915702819824
1319,0.015659842174500227,0.0013350150547921658,0.014324827119708061
1320,0.01589954481460154,0.0012453983072191477,0.014654146507382393
1321,0.0161020279629156,0.0013391253305599093,0.01476290263235569
1322,0.01596636394970119,0.001218906370922923,0.014747457578778267
1323,0.015472410945221782,0.001268158433958888,0.014204252511262894
1324,0.015109775122255087,0.0011963448487222195,0.013913430273532867
1325,0.0156143291387707,0.001229291083291173,0.014385038055479527
1326,0.015998644870705903,0.0012615920277312398,0.014737052842974663
1327,0.01571152126416564,0.0014365059323608875,0.014275015331804752
1328,0.016665519098751247,0.0014649367658421397,0.015200582332909107
1329,0.016121576190926135,0.0013745153555646539,0.01474706083536148
1330,0.015829966170713305,0.0013280257117003202,0.014501940459012985
1331,0.016820081393234432,0.0013330624205991626,0.01548701897263527
1332,0.015769401914440095,0.001210401183925569,0.014559000730514526
1333,0.015782359056174755,0.0012943074107170105,0.014488051645457745
1334,0.01660714251920581,0.001306797843426466,0.015300344675779343
1335,0.014866469893604517,0.0013508149422705173,0.013515654951334
1336,0.015117947361432016,0.0012569123646244407,0.013861034996807575
1337,0.015675034373998642,0.0013513443991541862,0.014323689974844456
1338,0.01523486408405006,0.0012703163083642721,0.013964547775685787
1339,0.016112166922539473,0.0013324772007763386,0.014779689721763134
1340,0.016272061970084906,0.0012837531976401806,0.014988308772444725
1341,0.015323009807616472,0.0012603853829205036,0.014062624424695969
1342,0.015656783943995833,0.0011832739692181349,0.014473509974777699
1343,0.015582353924401104,0.0014634794788435102,0.014118874445557594
1344,0.015927715227007866,0.0012183114886283875,0.014709403738379478
1345,0.015826332848519087,0.0013326485641300678,0.014493684284389019
1346,0.015464536845684052,0.001357286237180233,0.014107250608503819
1347,0.015337649499997497,0.0013301928993314505,0.014007456600666046
1348,0.016345647629350424,0.0014456971548497677,0.014899950474500656
1349,0.01610019593499601,0.0013427974190562963,0.014757398515939713
1350,0.015185885014943779,0.0012550613610073924,0.013930823653936386
1351,0.01587177300825715,0.0013278727419674397,0.014543900266289711
1352,0.016082035610452294,0.001372701721265912,0.014709333889186382
1353,0.015298469457775354,0.001257969532161951,0.014040499925613403
1354,0.01615927228704095,0.0012431819923222065,0.014916090294718742
1355,0.01649504736997187,0.0012641840148717165,0.015230863355100155
1356,0.015661554876714945,0.001265223603695631,0.014396331273019314
1357,0.015176182379946113,0.001191142713651061,0.013985039666295052
1358,0.01577671873383224,0.0014057473745197058,0.014370971359312534
1359,0.015478990273550153,0.0012426108587533236,0.01423637941479683
1360,0.015619616722688079,0.001323148375377059,0.01429646834731102
1361,0.015170535305514932,0.0011808632407337427,0.013989672064781189
1362,0.016306755365803838,0.0013548911083489656,0.014951864257454872
1363,0.016234533861279488,0.0013168221339583397,0.014917711727321148
1364,0.015406870865263045,0.0012613363796845078,0.014145534485578537
1365,0.015287591726519167,0.0012819446856155992,0.014005647040903568
1366,0.015827026218175888,0.0012496626004576683,0.01457736361771822
1367,0.0156719156075269,0.0012558058369904757,0.014416109770536423
1368,0.015932632028125226,0.0013019939651712775,0.014630638062953949
1369,0.015134701039642096,0.001198925543576479,0.013935775496065617
1370,0.016110444790683687,0.0012871300568804145,0.014823314733803272
1371,0.015398227493278682,0.0013087427942082286,0.014089484699070454
1372,0.015547006856650114,0.0013412726111710072,0.014205734245479107
1373,0.015972085995599627,0.0012971439864486456,0.014674942009150982
1374,0.015569343697279692,0.0013491869904100895,0.014220156706869602
1375,0.01591214188374579,0.0012207285035401583,0.014691413380205631
1376,0.015575209748931229,0.0013119132490828633,0.014263296499848366
1377,0.016105487709864974,0.0013272834476083517,0.014778204262256622
1378,0.014755017822608352,0.0011190611403435469,0.013635956682264805
1379,0.015272613381966949,0.0013122789096087217,0.013960334472358227
1380,0.014602532144635916,0.001439474057406187,0.013163058087229729
1381,0.015314432326704264,0.001291628461331129,0.014022803865373135
1382,0.01526539376936853,0.0012678082566708326,0.013997585512697697
1383,0.015278663719072938,0.0013901388738304377,0.0138885248452425
1384,0.014540817821398377,0.001265207538381219,0.013275610283017159
1385,0.01588441268540919,0.0011916898656636477,0.01469272281974554
1386,0.014402152388356626,0.0011941402917727828,0.013208012096583843
1387,0.015197779284790158,0.001324525335803628,0.01387325394898653
1388,0.015770849073305726,0.0014198881108313799,0.014350960962474346
1389,0.015251538250595331,0.0012111547403037548,0.014040383510291576
1390,0.015333020593971014,0.0013506053946912289,0.013982415199279785
1391,0.015926576452329755,0.0013210533652454615,0.014605523087084293
1392,0.015430525876581669,0.0011554853990674019,0.014275040477514267
1393,0.015182652743533254,0.0014147453475743532,0.0137679073959589
1394,0.015678685973398387,0.0012573794228956103,0.014421306550502777
1395,0.015663932776078582,0.001182379899546504,0.014481552876532078
1396,0.016157957026734948,0.0013879772741347551,0.014769979752600193
1397,0.015072178328409791,0.0013919782359153032,0.013680200092494488
1398,0.015449368511326611,0.001199049991555512,0.014250318519771099
1399,0.015622509410604835,0.0014131672214716673,0.014209342189133167
1400,0.01617969456128776,0.0014479036908596754,0.014731790870428085
1401,0.015354758827015758,0.001302340766415,0.014052418060600758
1402,0.015740314382128417,0.0015199322951957583,0.01422038208693266
1403,0.015719708520919085,0.0013737338595092297,0.014345974661409855
1404,0.015287018963135779,0.0013385877246037126,0.013948431238532066
1405,0.016320095979608595,0.0013559773797169328,0.014964118599891663
1406,0.01456792326644063,0.0012056375853717327,0.013362285681068897
1407,0.015916139353066683,0.001219379249960184,0.014696760103106499
1408,0.016194044961594045,0.0012780906399711967,0.014915954321622849
1409,0.014971539610996842,0.0014065646100789309,0.013564975000917912
1410,0.01598989125341177,0.0014065299183130264,0.014583361335098743
1411,0.015570679679512978,0.0013957079499959946,0.014174971729516983
1412,0.015770367812365294,0.0012179813347756863,0.014552386477589607
1413,0.015811657765880227,0.0013819283340126276,0.0144297294318676
1414,0.014813014771789312,0.00117863854393363,0.013634376227855682
1415,0.015027441550046206,0.0011820239014923573,0.013845417648553848
1416,0.0158866512356326,0.001281857374124229,0.01460479386150837
1417,0.015690633794292808,0.0013194882776588202,0.014371145516633987
1418,0.0159551864489913,0.0012864675372838974,0.014668718911707401
1419,0.015324982814490795,0.0012618862092494965,0.014063096605241299
1420,0.01482182601466775,0.001153967808932066,0.013667858205735683
1421,0.01616037217900157,0.0013550170697271824,0.014805355109274387
1422,0.015725058736279607,0.001374157378450036,0.01435090135782957
1423,0.01564800611231476,0.0013495596358552575,0.014298446476459503
1424,0.014961695531383157,0.001169142546132207,0.01379255298525095
1425,0.015446638921275735,0.001270092325285077,0.014176546595990658
1426,0.014794294722378254,0.0012271087616682053,0.013567185960710049
1427,0.014699446503072977,0.001333907712250948,0.013365538790822029
1428,0.014925742871128023,0.0012220250209793448,0.013703717850148678
1429,0.016014842432923615,0.0015837085666134953,0.01443113386631012
1430,0.014796828851103783,0.0012747524306178093,0.013522076420485973
1431,0.01524640095885843,0.001280633150599897,0.013965767808258533
1432,0.015578661463223398,0.0012479809811338782,0.01433068048208952
1433,0.01593764964491129,0.0013925423845648766,0.014545107260346413
1434,0.016351341037079692,0.0013519094791263342,0.014999431557953358
1435,0.014108066679909825,0.0012365460861474276,0.012871520593762398
1436,0.014723521191626787,0.00136277312412858,0.013360748067498207
1437,0.015015832148492336,0.0013577314093708992,0.013658100739121437
1438,0.01496090367436409,0.0013414397835731506,0.01361946389079094
1439,0.014918668661266565,0.0014558746479451656,0.0134627940133214
1440,0.015389336971566081,0.001269045053049922,0.014120291918516159
1441,0.014741179533302784,0.0012778956443071365,0.013463283888995647
1442,0.015017397236078978,0.0013803630135953426,0.013637034222483635
1443,0.016233602887950838,0.0012578483438119292,0.014975754544138908
1444,0.015278435428626835,0.0012113583507016301,0.014067077077925205
1445,0.015939458971843123,0.0012657472398132086,0.014673711732029915
1446,0.014909520512446761,0.0012769016902893782,0.013632618822157383
1447,0.01619659154675901,0.001393067417666316,0.014803524129092693
1448,0.01504658698104322,0.0013612431939691305,0.013685343787074089
1449,0.014976078527979553,0.0013077518669888377,0.013668326660990715
1450,0.015672165667638183,0.0010912118013948202,0.014580953866243362
1451,0.015389937441796064,0.0010860604234039783,0.014303877018392086
1452,0.015422658994793892,0.0013715103268623352,0.014051148667931557
1453,0.014367462368682027,0.001148823881521821,0.013218638487160206
1454,0.01565496437251568,0.0011788168922066689,0.01447614748030901
1455,0.01564420061185956,0.0013487827964127064,0.014295417815446854
1456,0.01514781964942813,0.001259900163859129,0.013887919485569
1457,0.015436681918799877,0.0015033604577183723,0.013933321461081505
1458,0.014588864054530859,0.00127031235024333,0.013318551704287529
1459,0.014755807351320982,0.0013319249264895916,0.01342388242483139
1460,0.015452411957085133,0.001163676381111145,0.014288735575973988
1461,0.01510876405518502,0.0012981378240510821,0.013810626231133938
1462,0.014624601695686579,0.001176340039819479,0.0134482616558671
1463,0.015677934745326638,0.0011685250792652369,0.014509409666061401
1464,0.013914594892412424,0.0013491124846041203,0.012565482407808304
1465,0.015038120560348034,0.001167111098766327,0.013871009461581707
1466,0.014523676130920649,0.0011957637034356594,0.01332791242748499
1467,0.015000097337178886,0.0013649322791025043,0.013635165058076382
1468,0.014628002420067787,0.0012244302779436111,0.013403572142124176
1469,0.014939033542759717,0.0011519856052473187,0.013787047937512398
1470,0.014554486377164721,0.0011752413120120764,0.013379245065152645
1471,0.015506741590797901,0.0013475986197590828,0.014159142971038818
1472,0.015285894274711609,0.0012969635426998138,0.013988930732011795
1473,0.015325849875807762,0.0013959640637040138,0.013929885812103748
1474,0.015141751151531935,0.0012377290986478329,0.013904022052884102
1475,0.015080355457030237,0.0012518888106569648,0.013828466646373272
1476,0.014661801047623158,0.0012296391651034355,0.013432161882519722
1477,0.014730261405929923,0.0012882908340543509,0.013441970571875572
1478,0.015142822172492743,0.0012288042344152927,0.01391401793807745
1479,0.015224899630993605,0.0013099308125674725,0.013914968818426132
1480,0.015097070019692183,0.0013011782430112362,0.013795891776680946
1481,0.015656585223041475,0.0012341703986749053,0.01442241482436657
1482,0.015178546076640487,0.0012112341355532408,0.013967311941087246
1483,0.015188910299912095,0.001282665180042386,0.013906245119869709
1484,0.015554295503534377,0.0013608267763629556,0.014193468727171421
1485,0.014625674695707858,0.0013693046057596803,0.013256370089948177
1486,0.015124023891985416,0.0011857552453875542,0.013938268646597862
1487,0.015108658699318767,0.0013140083756297827,0.013794650323688984
1488,0.014960265252739191,0.0012620207853615284,0.013698244467377663
1489,0.015187435550615191,0.0012302433606237173,0.013957192189991474
1490,0.015235497383400798,0.0012286982964724302,0.014006799086928368
1491,0.014633619925007224,0.0012342005502432585,0.013399419374763966
1492,0.014988038688898087,0.0011520646512508392,0.013835974037647247
1493,0.014395094942301512,0.001280567143112421,0.01311452779918909
1494,0.015161898452788591,0.0013167248107492924,0.013845173642039299
1495,0.014991878066211939,0.0012633414007723331,0.013728536665439606
1496,0.014153564348816872,0.0010670507326722145,0.013086513616144657
1497,0.014710274757817388,0.001231763744726777,0.01347851101309061
1498,0.015246581984683871,0.0012488157954066992,0.013997766189277172
1499,0.014852835331112146,0.001215179916471243,0.013637655414640903
1500,0.0148034633602947,0.0012214442249387503,0.01358201913535595
1501,0.015320841921493411,0.001539924880489707,0.013780917041003704
1502,0.015549548668786883,0.001169439172372222,0.014380109496414661
1503,0.014939102809876204,0.0011242427863180637,0.01381486002355814
1504,0.014705126639455557,0.00124755734577775,0.013457569293677807
1505,0.014664323651231825,0.0011516526574268937,0.013512670993804932
1506,0.015629626344889402,0.0012085759080946445,0.014421050436794758
1507,0.01451121864374727,0.001227300032041967,0.013283918611705303
1508,0.015106744831427932,0.0012393805664032698,0.013867364265024662
1509,0.014525034930557013,0.0012567383237183094,0.013268296606838703
1510,0.01471444545313716,0.0013526189140975475,0.013361826539039612
1511,0.014312863815575838,0.0013718348927795887,0.01294102892279625
1512,0.014488063286989927,0.0012938161380589008,0.013194247148931026
1513,0.015425251214765012,0.001341847120784223,0.01408340409398079
1514,0.015289435861632228,0.0013497404288500547,0.013939695432782173
1515,0.015499325236305594,0.0012779140379279852,0.01422141119837761
1516,0.015051313443109393,0.0013553097378462553,0.013696003705263138
1517,0.014414692064747214,0.0012948967050760984,0.013119795359671116
1518,0.014734155149199069,0.0013748292112722993,0.01335932593792677
1519,0.014877957757562399,0.0013559949584305286,0.01352196279913187
1520,0.014875796623528004,0.0012736273929476738,0.01360216923058033
1521,0.014729397604241967,0.001173514174297452,0.013555883429944515
1522,0.014289404265582561,0.0011311676353216171,0.013158236630260944
1523,0.014434628188610077,0.001204739324748516,0.01322988886386156
1524,0.014796218951232731,0.001178738777525723,0.013617480173707008
1525,0.014733948046341538,0.001382004702463746,0.013351943343877792
1526,0.015451245475560427,0.0012145121581852436,0.014236733317375183
1527,0.015088976360857487,0.0013816002756357193,0.013707376085221767
1528,0.014548664330504835,0.0013874344294890761,0.013161229901015759
1529,0.014630653196945786,0.0013798971194773912,0.013250756077468395
1530,0.014413353754207492,0.0011877620127052069,0.013225591741502285
1531,0.014342305716127157,0.0012669884599745274,0.01307531725615263
1532,0.014539476716890931,0.0012521643657237291,0.013287312351167202
1533,0.015387596446089447,0.0011644278420135379,0.014223168604075909
1534,0.014978447463363409,0.0012386939488351345,0.013739753514528275
1535,0.014415754470974207,0.0012218966148793697,0.013193857856094837
1536,0.01463682425674051,0.0013564549153670669,0.013280369341373444
1537,0.014786256244406104,0.0012097952421754599,0.013576461002230644
1538,0.014862796291708946,0.0013970918953418732,0.013465704396367073
1539,0.015186945674940944,0.0013130276929587126,0.013873917981982231
1540,0.014291930012404919,0.001209678128361702,0.013082251884043217
1541,0.014378510066308081,0.0011315696174278855,0.013246940448880196
1542,0.014953141799196601,0.001271481392905116,0.013681660406291485
1543,0.014376473845914006,0.0012669202405959368,0.01310955360531807
1544,0.013918421580456197,0.0011982539435848594,0.012720167636871338
1545,0.01479978859424591,0.0012273294851183891,0.013572459109127522
1546,0.014475754229351878,0.0012417796533554792,0.013233974575996399
1547,0.015355934971012175,0.0012330716708675027,0.014122863300144672
1548,0.01404184359125793,0.0012424110900610685,0.012799432501196861
1549,0.014020747155882418,0.0011562915751710534,0.012864455580711365
1550,0.014713064767420292,0.0012845313176512718,0.01342853344976902
1551,0.014140780083835125,0.0010634195059537888,0.013077360577881336
1552,0.01430932991206646,0.001278354786336422,0.013030975125730038
1553,0.014621429610997438,0.001306456048041582,0.013314973562955856
1554,0.014206940773874521,0.0012101330794394016,0.01299680769443512
1555,0.015360506251454353,0.0012214742600917816,0.014139031991362572
1556,0.013709877035580575,0.0011363833909854293,0.012573493644595146
1557,0.014244229532778263,0.0011585056781768799,0.013085723854601383
1558,0.015464078867807984,0.0013637600932270288,0.014100318774580956
1559,0.014244611375033855,0.001345563679933548,0.012899047695100307
1560,0.014405803987756371,0.0013220163527876139,0.013083787634968758
1561,0.01481584447901696,0.0015146349323913455,0.013301209546625614
1562,0.014394334168173373,0.0014232225948944688,0.012971111573278904
1563,0.015089201042428613,0.0011420606169849634,0.01394714042544365
1564,0.014863091986626387,0.0011774268932640553,0.013685665093362331
1565,0.014689168659970164,0.0011657678987830877,0.013523400761187077
1566,0.013994555687531829,0.001395228086039424,0.012599327601492405
1567,0.014656508807092905,0.0013130479492247105,0.013343460857868195
1568,0.014416835270822048,0.0013242829591035843,0.013092552311718464
1569,0.015075940871611238,0.0011648100335150957,0.013911130838096142
1570,0.014228761894628406,0.0013301016297191381,0.012898660264909267
1571,0.013660501572303474,0.0012080761371180415,0.012452425435185432
1572,0.014775368385016918,0.0013579688966274261,0.013417399488389492
1573,0.014544244389981031,0.0010828063823282719,0.01346143800765276
1574,0.014196250820532441,0.0013480607885867357,0.012848190031945705
1575,0.015326337772421539,0.0011967363534495234,0.014129601418972015
1576,0.015009567840024829,0.001062845578417182,0.013946722261607647
1577,0.014517979230731726,0.0012921863235533237,0.013225792907178402
1578,0.014994048280641437,0.0013088739942759275,0.013685174286365509
1579,0.0147955899592489,0.001128659350797534,0.013666930608451366
1580,0.013961719465442002,0.0012142547639086843,0.012747464701533318
1581,0.014872617204673588,0.0013787794159725308,0.013493837788701057
1582,0.01370216067880392,0.001171128824353218,0.012531031854450703
1583,0.014914016705006361,0.0013784370385110378,0.013535579666495323
1584,0.013737322064116597,0.001303649740293622,0.012433672323822975
1585,0.01447862945497036,0.001187116838991642,0.013291512615978718
1586,0.014604251948185265,0.0011897535296157002,0.013414498418569565
1587,0.014688728610053658,0.0012574756983667612,0.013431252911686897
1588,0.014431681483983994,0.0012122970074415207,0.013219384476542473
1589,0.01482919417321682,0.001425676979124546,0.013403517194092274
1590,0.014358703745529056,0.0012846819590777159,0.01307402178645134
1591,0.015269320108927786,0.001288104453124106,0.01398121565580368
1592,0.014288889477029443,0.0012630124110728502,0.013025877065956593
1593,0.014126562979072332,0.0011854530312120914,0.012941109947860241
1594,0.014552384614944458,0.0012240679934620857,0.013328316621482372
1595,0.014860936091281474,0.0011813208693638444,0.01367961522191763
1596,0.01443968783132732,0.0012094143312424421,0.013230273500084877
1597,0.014068199088796973,0.0012050464283674955,0.012863152660429478
1598,0.014638703782111406,0.0012007630430161953,0.013437940739095211
1599,0.014349272125400603,0.0012439560377970338,0.013105316087603569
1600,0.014269019477069378,0.0012072427198290825,0.013061776757240295
1601,0.01479623676277697,0.0013666714075952768,0.013429565355181694
1602,0.014808036270551383,0.0011924634454771876,0.013615572825074196
1603,0.014226028113625944,0.0011462386464700103,0.013079789467155933
1604,0.013618299970403314,0.0011737674940377474,0.012444532476365566
1605,0.014903791481629014,0.0010311903897672892,0.013872601091861725
1606,0.013722327188588679,0.0013273671502247453,0.012394960038363934
1607,0.014520633616484702,0.0012086309725418687,0.013312002643942833
1608,0.013962015742436051,0.0011215379927307367,0.012840477749705315
1609,0.014753786381334066,0.0012354026548564434,0.013518383726477623
1610,0.01503277977462858,0.0014010969316586852,0.013631682842969894
1611,0.014444542350247502,0.001373891020193696,0.013070651330053806
1612,0.014582044561393559,0.0011956683592870831,0.013386376202106476
1613,0.014228933723643422,0.001157162943854928,0.013071770779788494
1614,0.014955736231058836,0.0011955206282436848,0.013760215602815151
1615,0.014808717998676002,0.00125448580365628,0.013554232195019722
1616,0.014539420139044523,0.00141424173489213,0.013125178404152393
1617,0.014323219889774919,0.0011895925272256136,0.013133627362549305
1618,0.013829659204930067,0.0012885159812867641,0.012541143223643303
1619,0.014942091889679432,0.0012175748124718666,0.013724517077207565
1620,0.014179860474541783,0.0011931846383959055,0.012986675836145878
1621,0.014135147794149816,0.0011564003070816398,0.012978747487068176
1622,0.014877866953611374,0.0013018026947975159,0.013576064258813858
1623,0.014272247441112995,0.0012737922370433807,0.012998455204069614
1624,0.014078995445743203,0.0011236502323299646,0.012955345213413239
1625,0.01521659642457962,0.00143399927765131,0.01378259714692831
1626,0.014074110426008701,0.0012051397934556007,0.0128689706325531
1627,0.01507654704619199,0.0012219847412779927,0.013854562304913998
1628,0.014456546865403652,0.001140061765909195,0.013316485099494457
1629,0.013684329576790333,0.001303546130657196,0.012380783446133137
1630,0.013844546163454652,0.0011878276709467173,0.012656718492507935
1631,0.013957047602161765,0.001240765443071723,0.012716282159090042
1632,0.01444347226060927,0.0010791404638439417,0.013364331796765327
1633,0.014969575218856335,0.0013974076136946678,0.013572167605161667
1634,0.014536175993271172,0.0012039561988785863,0.013332219794392586
1635,0.014896584441885352,0.0012283965479582548,0.013668187893927097
1636,0.014802132383920252,0.0014078026870265603,0.013394329696893692
1637,0.014843792887404561,0.0011829531285911798,0.013660839758813381
1638,0.013937990413978696,0.001104277791455388,0.012833712622523308
1639,0.014541620155796409,0.0012845161836594343,0.013257103972136974
1640,0.014185662614181638,0.00126109947450459,0.012924563139677048
1641,0.015345481457188725,0.0013645628932863474,0.013980918563902378
1642,0.01445391308516264,0.0012349775061011314,0.013218935579061508
1643,0.01483040559105575,0.0012010892387479544,0.013629316352307796
1644,0.01401413488201797,0.0012526724021881819,0.012761462479829788
1645,0.014985521789640188,0.001345291268080473,0.013640230521559715
1646,0.01413964619860053,0.0012277825735509396,0.012911863625049591
1647,0.014421774656511843,0.0012184228980913758,0.013203351758420467
1648,0.014821010874584317,0.0011939334217458963,0.013627077452838421
1649,0.01426237658597529,0.0012079777661710978,0.013054398819804192
1650,0.014505381230264902,0.001341352704912424,0.013164028525352478
1651,0.013739516376517713,0.0012610660633072257,0.012478450313210487
1652,0.013712974614463747,0.0011683314805850387,0.012544643133878708
1653,0.014703495893627405,0.0012809592299163342,0.013422536663711071
1654,0.013490011100657284,0.001070967991836369,0.012419043108820915
1655,0.014786787098273635,0.0012165966909378767,0.013570190407335758
1656,0.01358148641884327,0.001148071140050888,0.012433415278792381
1657,0.014331491896882653,0.0012218591291457415,0.013109632767736912
1658,0.014361647074110806,0.0012784443097189069,0.013083202764391899
1659,0.014225341263227165,0.0012075005797669291,0.013017840683460236
1660,0.014023586409166455,0.0011083122808486223,0.012915274128317833
1661,0.014467976288869977,0.0012079395819455385,0.013260036706924438
1662,0.01371845812536776,0.0012641299981623888,0.012454328127205372
1663,0.014643122674897313,0.0012926182243973017,0.013350504450500011
1664,0.013915202231146395,0.0012956425780430436,0.012619559653103352
1665,0.014208856271579862,0.00132282474078238,0.012886031530797482
1666,0.014720318606123328,0.0011798737104982138,0.013540444895625114
1667,0.01422783883754164,0.0012895545223727822,0.012938284315168858
1668,0.014091553981415927,0.001373068313114345,0.012718485668301582
1669,0.014828797429800034,0.0013868845999240875,0.013441912829875946
1670,0.015035275602713227,0.0012950964737683535,0.013740179128944874
1671,0.014474111259914935,0.0012351373443379998,0.013238973915576935
1672,0.014855776680633426,0.0013479373883455992,0.013507839292287827
1673,0.014498438918963075,0.0012326252181082964,0.013265813700854778
1674,0.014046913711354136,0.0012868407648056746,0.012760072946548462
1675,0.014466923894360662,0.0011806220281869173,0.013286301866173744
1676,0.013631517300382257,0.0013674295041710138,0.012264087796211243
1677,0.014023211784660816,0.0013983696699142456,0.01262484211474657
1678,0.014529985841363668,0.001233330462127924,0.013296655379235744
1679,0.014210219960659742,0.0012497850693762302,0.012960434891283512
1680,0.014271926484070718,0.0011073056375607848,0.013164620846509933
1681,0.014052526326850057,0.0012227522674947977,0.012829774059355259
1682,0.013883995590731502,0.0012495627161115408,0.01263443287461996
1683,0.013853155309334397,0.0013529800344258547,0.012500175274908543
1684,0.013798961881548166,0.0012107226066291332,0.012588239274919033
1685,0.014265701523981988,0.0013373646652325988,0.01292833685874939
1686,0.014621957787312567,0.0011797832557931542,0.013442174531519413
1687,0.014090814045630395,0.0012668533017858863,0.012823960743844509
1688,0.01418518740683794,0.0013448279350996017,0.012840359471738338
1689,0.014072478283196688,0.0013461015187203884,0.0127263767644763
1690,0.0140781260561198,0.001380933215841651,0.012697192840278149
1691,0.014669216703623533,0.0013776677660644054,0.013291548937559128
1692,0.013771118479780853,0.001270962762646377,0.012500155717134476
1693,0.013787519419565797,0.001154368044808507,0.01263315137475729
1694,0.014539016294293106,0.0012423916487023234,0.013296624645590782
1695,0.014446580200456083,0.0011788926785811782,0.013267687521874905
1696,0.013659185962751508,0.0010986404959112406,0.012560545466840267
1697,0.013566100620664656,0.0012157770106568933,0.012350323610007763
1698,0.01469494285993278,0.0012132504489272833,0.013481692411005497
1699,0.01439212344121188,0.001138269784860313,0.013253853656351566
1700,0.014407004578970373,0.0011821113293990493,0.013224893249571323
1701,0.013648158987052739,0.0012938400031998754,0.012354318983852863
1702,0.015091532608494163,0.0012446583714336157,0.013846874237060547
1703,0.014518404379487038,0.0012575676664710045,0.013260836713016033
1704,0.014011588180437684,0.0012162609491497278,0.012795327231287956
1705,0.014023343683220446,0.0013074219459667802,0.012715921737253666
1706,0.013729571946896613,0.001191220828332007,0.012538351118564606
1707,0.014044733485206962,0.0014268753584474325,0.012617858126759529
1708,0.013872614363208413,0.001177990110591054,0.01269462425261736
1709,0.014100454282015562,0.001384806353598833,0.012715647928416729
1710,0.015045040287077427,0.0015019532293081284,0.013543087057769299
1711,0.013501895824447274,0.001171082491055131,0.012330813333392143
1712,0.014350454555824399,0.0013363223988562822,0.013014132156968117
1713,0.01421090867370367,0.0013016024604439735,0.012909306213259697
1714,0.014631248777732253,0.0011804800014942884,0.013450768776237965
1715,0.013352496200241148,0.0012226371327415109,0.012129859067499638
1716,0.013348754728212953,0.0012486896011978388,0.012100065127015114
1717,0.01397065375931561,0.001070347847416997,0.012900305911898613
1718,0.013987211976200342,0.0010581775568425655,0.012929034419357777
1719,0.013686225051060319,0.0010605782736092806,0.012625646777451038
1720,0.014707925263792276,0.001146011520177126,0.01356191374361515
1721,0.01393012166954577,0.0012537327129393816,0.012676388956606388
1722,0.014212763984687626,0.0011836049379780889,0.013029159046709538
1723,0.0139100372325629,0.0013550964649766684,0.012554940767586231
1724,0.01400302816182375,0.0011570081114768982,0.012846020050346851
1725,0.013794845435768366,0.0012553953565657139,0.012539450079202652
1726,0.013821772765368223,0.0013649663887917995,0.012456806376576424
1727,0.013636732124723494,0.0012130677932873368,0.012423664331436157
1728,0.014666064525954425,0.0013592381728813052,0.01330682635307312
1729,0.01367566385306418,0.0012599520850926638,0.012415711767971516
1730,0.013192556565627456,0.0011340274941176176,0.012058529071509838
1731,0.013669093605130911,0.001172731164842844,0.012496362440288067
1732,0.01392954820767045,0.001146294642239809,0.012783253565430641
1733,0.014242537785321474,0.0013106637634336948,0.01293187402188778
1734,0.014114295598119497,0.0013057603500783443,0.012808535248041153
1735,0.014220931334421039,0.0012753379996865988,0.01294559333473444
1736,0.014227051404304802,0.0012637489708140492,0.012963302433490753
1737,0.014621681533753872,0.0013332143425941467,0.013288467191159725
1738,0.014392180368304253,0.0012083211913704872,0.013183859176933765
1739,0.014186104526743293,0.0012088434305042028,0.01297726109623909
1740,0.01377495878841728,0.0012233363231644034,0.012551622465252876
1741,0.014121180400252342,0.0013419250026345253,0.012779255397617817
1742,0.013754498912021518,0.0011537389364093542,0.012600759975612164
1743,0.014551457948982716,0.001196173019707203,0.013355284929275513
1744,0.013859308208338916,0.0014156195102259517,0.012443688698112965
1745,0.01361434324644506,0.001259390963241458,0.012354952283203602
1746,0.014315373846329749,0.0011682851472869515,0.013147088699042797
1747,0.01413209259044379,0.0011309486581012607,0.01300114393234253
1748,0.01394745078869164,0.0010614462662488222,0.012886004522442818
1749,0.014158092672005296,0.0012064690236002207,0.012951623648405075
1750,0.013397940550930798,0.0010619667591527104,0.012335973791778088
1751,0.014027911587618291,0.0012909913202747703,0.012736920267343521
1752,0.014095245627686381,0.0012402215506881475,0.012855024076998234
1753,0.0137333651073277,0.0014074710197746754,0.012325894087553024
1754,0.013986672507598996,0.0011029692832380533,0.012883703224360943
1755,0.014262520358897746,0.0011905418941751122,0.013071978464722633
1756,0.015275939367711544,0.001346624456346035,0.013929314911365509
1757,0.01370373833924532,0.0012750905007123947,0.012428647838532925
1758,0.014171349816024303,0.0012759733945131302,0.012895376421511173
1759,0.014016683911904693,0.001306123798713088,0.012710560113191605
1760,0.01448568282648921,0.0012606619857251644,0.013225020840764046
1761,0.014554087887518108,0.0012598986504599452,0.013294189237058163
1762,0.013871417846530676,0.0011895266361534595,0.012681891210377216
1763,0.014535026391968131,0.0011530255433171988,0.013382000848650932
1764,0.013591337716206908,0.0012113831471651793,0.012379954569041729
1765,0.014117546961642802,0.0012503188336268067,0.012867228128015995
1766,0.013810795499011874,0.0010244071017950773,0.012786388397216797
1767,0.013903433224186301,0.001302454387769103,0.012600978836417198
1768,0.014042303198948503,0.0011132631916552782,0.012929040007293224
1769,0.013645558385178447,0.0011164906900376081,0.012529067695140839
1770,0.014739084290340543,0.0013752311933785677,0.013363853096961975
1771,0.0142501478549093,0.0013272275682538748,0.012922920286655426
1772,0.013930602231994271,0.00128406030125916,0.012646541930735111
1773,0.0137588563375175,0.0012774751521646976,0.012481381185352802
1774,0.013625532505102456,0.0013375423150137067,0.012287990190088749
1775,0.013745597330853343,0.0011644845362752676,0.012581112794578075
1776,0.012958948966115713,0.0011866572313010693,0.011772291734814644
1777,0.013867364265024662,0.0012249471619725227,0.01264241710305214
1778,0.013728058664128184,0.0012028671335428953,0.012525191530585289
1779,0.0138834232930094,0.0012656834442168474,0.012617739848792553
1780,0.01371219230350107,0.0011595006799325347,0.012552691623568535
1781,0.013422747375443578,0.001274737762287259,0.012148009613156319
1782,0.01443131547421217,0.001246308907866478,0.013185006566345692
1783,0.013527776813134551,0.00120301335118711,0.012324763461947441
1784,0.013723033014684916,0.001140474807471037,0.012582558207213879
1785,0.014110001269727945,0.00109509052708745,0.013014910742640495
1786,0.013702290714718401,0.0012931773671880364,0.012409113347530365
1787,0.01353776641190052,0.0013348916545510292,0.012202874757349491
1788,0.014086948009207845,0.0013348062057048082,0.012752141803503036
1789,0.013529873918741941,0.0013643749989569187,0.012165498919785023
1790,0.013426417019218206,0.0012377123348414898,0.012188704684376717
1791,0.013847265858203173,0.0012830323539674282,0.012564233504235744
1792,0.013757444336079061,0.0012648239498957992,0.012492620386183262
1793,0.01440275227651,0.0013483245857059956,0.013054427690804005
1794,0.013715627253986895,0.0012369767064228654,0.01247865054756403
1795,0.014056949294172227,0.001255322596989572,0.012801626697182655
1796,0.013489148346707225,0.0011454287450760603,0.012343719601631165
1797,0.013707197736948729,0.0012033781968057156,0.012503819540143013
1798,0.01241734845098108,0.0012239267816767097,0.011193421669304371
1799,0.0152330850251019,0.0012958873994648457,0.013937197625637054
1800,0.013739890069700778,0.0012072414392605424,0.012532648630440235
1801,0.013404516968876123,0.0013149646110832691,0.012089552357792854
1802,0.013712656451389194,0.0012089561205357313,0.012503700330853462
1803,0.013968632789328694,0.0011624072212725878,0.012806225568056107
1804,0.013446826720610261,0.0011442184913903475,0.012302608229219913
1805,0.013513331301510334,0.0011801691725850105,0.012333162128925323
1806,0.013619882287457585,0.0012360794935375452,0.01238380279392004
1807,0.014060252462513745,0.001348392223007977,0.012711860239505768
1808,0.013433756772428751,0.0013257660903036594,0.012107990682125092
1809,0.013855055207386613,0.0012093253899365664,0.012645729817450047
1810,0.014352529542520642,0.00113939237780869,0.013213137164711952
1811,0.01433821499813348,0.0012102631153538823,0.013127951882779598
1812,0.0139386304654181,0.001269353087991476,0.012669277377426624
1813,0.013403366319835186,0.0012462679296731949,0.012157098390161991
1814,0.013455827487632632,0.001276795519515872,0.01217903196811676
1815,0.013158358866348863,0.0010387657675892115,0.012119593098759651
1816,0.014225480146706104,0.001133856363594532,0.013091623783111572
1817,0.013717609224840999,0.0012006310280412436,0.012516978196799755
1818,0.013585404958575964,0.0011919238604605198,0.012393481098115444
1819,0.013937760842964053,0.001334842061623931,0.012602918781340122
1820,0.014247035374864936,0.0011692221742123365,0.0130778132006526
1821,0.013401434291154146,0.0011876882053911686,0.012213746085762978
1822,0.014816560549661517,0.0013032385613769293,0.013513321988284588
1823,0.013970138970762491,0.0010498971678316593,0.012920241802930832
1824,0.014142457628622651,0.0011362966615706682,0.013006160967051983
1825,0.014006091048941016,0.0012919844593852758,0.01271410658955574
1826,0.013332318980246782,0.0012372764758765697,0.012095042504370213
1827,0.013646923238411546,0.0012150874827057123,0.012431835755705833
1828,0.013498259242624044,0.001161907333880663,0.012336351908743382
1829,0.014075570274144411,0.0012445156462490559,0.012831054627895355
1830,0.013369226362556219,0.0012167408131062984,0.01215248554944992
1831,0.013520785141736269,0.0012105624191462994,0.01231022272258997
1832,0.014561141142621636,0.0012004331219941378,0.013360708020627499
1833,0.013997358735650778,0.0011140876449644566,0.012883271090686321
1834,0.013862532330676913,0.0011583126615732908,0.012704219669103622
1835,0.01327736210078001,0.0012062452733516693,0.012071116827428341
1836,0.013489241013303399,0.0013179213274270296,0.01217131968587637
1837,0.0141959129832685,0.0014053904451429844,0.012790522538125515
1838,0.013390608713962138,0.0012369999894872308,0.012153608724474907
1839,0.014052325976081192,0.001194159616716206,0.012858166359364986
1840,0.0132685856660828,0.0013499915366992354,0.011918594129383564
1841,0.013648500433191657,0.0012409312184900045,0.012407569214701653
1842,0.013367146253585815,0.001087845303118229,0.012279300950467587
1843,0.013160496018826962,0.0012122681364417076,0.011948227882385254
1844,0.0134321094956249,0.0011661413591355085,0.012265968136489391
1845,0.01358716085087508,0.0012486939085647464,0.012338466942310333
1846,0.01381334092002362,0.0013294004602357745,0.012483940459787846
1847,0.013479176093824208,0.001140967127867043,0.012338208965957165
1848,0.013436499866656959,0.0012652006698772311,0.012171299196779728
1849,0.012957549886777997,0.001268588239327073,0.011688961647450924
1850,0.01365428022108972,0.001148704206570983,0.012505576014518738
1851,0.013783936970867217,0.001269100815989077,0.01251483615487814
1852,0.012976237339898944,0.0014536648523062468,0.011522572487592697
1853,0.014091086108237505,0.0011515109799802303,0.012939575128257275
1854,0.01450289087370038,0.0012580915354192257,0.013244799338281155
1855,0.014004643657244742,0.001225310959853232,0.01277933269739151
1856,0.01422335347160697,0.0013602063991129398,0.01286314707249403
1857,0.014050077181309462,0.0012253220193088055,0.012824755162000656
1858,0.012854096479713917,0.0012591201812028885,0.011594976298511028
1859,0.01371559058316052,0.0012113472912460566,0.012504243291914463
1860,0.013618658063933253,0.0012377945240586996,0.012380863539874554
1861,0.013865809421986341,0.001155081670731306,0.012710727751255035
1862,0.013959729578346014,0.0011963951401412487,0.012763334438204765
1863,0.013848378206603229,0.0011644753394648433,0.012683902867138386
1864,0.013335766270756721,0.0012064222246408463,0.012129344046115875
1865,0.014040485140867531,0.001137878862209618,0.012902606278657913
1866,0.013679770287126303,0.0013688127510249615,0.012310957536101341
1867,0.014416807098314166,0.0013599747326225042,0.013056832365691662
1868,0.014028778998181224,0.0012576829176396132,0.01277109608054161
1869,0.013635591370984912,0.0013542377855628729,0.012281353585422039
1870,0.013747666031122208,0.0011711595579981804,0.012576506473124027
1871,0.013410387095063925,0.0012475759722292423,0.012162811122834682
1872,0.01367435755673796,0.0012014281237497926,0.012472929432988167
1873,0.013367405161261559,0.0012684464454650879,0.01209895871579647
1874,0.013036140706390142,0.0010306420736014843,0.012005498632788658
1875,0.013370847795158625,0.0012518172152340412,0.012119030579924583
1876,0.013250172138214111,0.0012701647356152534,0.011980007402598858
1877,0.013193031656555831,0.0011923954589292407,0.01200063619762659
1878,0.013193662627600133,0.0012378295650705695,0.011955833062529564
1879,0.014299785485491157,0.0012600950431078672,0.01303969044238329
1880,0.014077456202358007,0.0012478274293243885,0.012829628773033619
1881,0.01340042008087039,0.0012704781256616116,0.012129941955208778
1882,0.013930195127613842,0.0011726656230166554,0.012757529504597187
1883,0.01380556682124734,0.0011866423301398754,0.012618924491107464
1884,0.013443316565826535,0.001231311121955514,0.012212005443871021
1885,0.014151462819427252,0.0013775289990007877,0.012773933820426464
1886,0.013791474746540189,0.0011887692380696535,0.012602705508470535
1887,0.014130959054455161,0.0013012948911637068,0.012829664163291454
1888,0.013498065061867237,0.0012165410444140434,0.012281524017453194
1889,0.013347337488085032,0.0012309378944337368,0.012116399593651295
1890,0.013937735697254539,0.0013272713404148817,0.012610464356839657
1891,0.013648363528773189,0.001404971582815051,0.012243391945958138
1892,0.013757229782640934,0.001208493486046791,0.012548736296594143
1893,0.013543788343667984,0.0012441277503967285,0.012299660593271255
1894,0.014056393993087113,0.0014607609482482076,0.012595633044838905
1895,0.01355432451236993,0.0012472710805013776,0.012307053431868553
1896,0.013376678340137005,0.0011103060096502304,0.012266372330486774
1897,0.012974864803254604,0.0011972691863775253,0.011777595616877079
1898,0.014159446582198143,0.0012102499604225159,0.012949196621775627
1899,0.013729129801504314,0.0012370747281238437,0.01249205507338047
1900,0.013849818846210837,0.0013489758130162954,0.012500843033194542
1901,0.013484915252774954,0.0011683679185807705,0.012316547334194183
1902,0.01360849046614021,0.0011917402734979987,0.012416750192642212
1903,0.013754551764577627,0.0012752995826303959,0.012479252181947231
1904,0.013303339364938438,0.0010889758123084903,0.012214363552629948
1905,0.014758779783733189,0.001256887917406857,0.013501891866326332
1906,0.015558952232822776,0.001208772649988532,0.014350179582834244
1907,0.018487793509848416,0.0012975382851436734,0.017190255224704742
1908,0.019261489855125546,0.0014992163050919771,0.01776227355003357
1909,0.01922119944356382,0.0014004220720380545,0.017820777371525764
1910,0.01985778589732945,0.00145067204721272,0.01840711385011673
1911,0.02001903171185404,0.001512243994511664,0.018506787717342377
1912,0.020519831450656056,0.0013196796644479036,0.019200151786208153
1913,0.019222713308408856,0.0013885658700019121,0.017834147438406944
1914,0.01832590880803764,0.0013526647817343473,0.01697324402630329
1915,0.018153938464820385,0.001275920309126377,0.016878018155694008
1916,0.018621305469423532,0.001270462293177843,0.01735084317624569
1917,0.01813389838207513,0.0012269626604393125,0.01690693572163582
1918,0.01860404131002724,0.0012453936506062746,0.017358647659420967
1919,0.017357293283566833,0.0013325491454452276,0.016024744138121605
1920,0.01853591634426266,0.0013288079062476754,0.017207108438014984
1921,0.01685371669009328,0.001304809469729662,0.015548907220363617
1922,0.017656060168519616,0.0012242032680660486,0.016431856900453568
1923,0.017502212431281805,0.0013138665817677975,0.016188345849514008
1924,0.01680931996088475,0.0013862279010936618,0.015423092059791088
1925,0.0172157424967736,0.0012819438707083464,0.015933798626065254
1926,0.01633789238985628,0.0010765691986307502,0.015261323191225529
1927,0.016568124294281006,0.0013304520398378372,0.015237672254443169
1928,0.016769139212556183,0.001288248342461884,0.0154808908700943
1929,0.016103261150419712,0.0012251213192939758,0.014878139831125736
1930,0.016597519861534238,0.0012493387330323458,0.015348181128501892
1931,0.016599543276242912,0.0012609082041308284,0.015338635072112083
1932,0.014994735247455537,0.0010175410425290465,0.01397719420492649
1933,0.015502603724598885,0.001344156451523304,0.01415844727307558
1934,0.015357021940872073,0.0011653106193989515,0.014191711321473122
1935,0.01565690664574504,0.0013133124448359013,0.014343594200909138
1936,0.014903743984177709,0.001245291205123067,0.013658452779054642
1937,0.014651019359007478,0.0009922797325998545,0.013658739626407623
1938,0.01542657520622015,0.0012527508661150932,0.014173824340105057
1939,0.015456160064786673,0.0012508868239820004,0.014205273240804672
1940,0.015518310246989131,0.0011884828563779593,0.014329827390611172
1941,0.014790739631280303,0.0010544543620198965,0.013736285269260406
1942,0.014612317667342722,0.0012232983717694879,0.013389019295573235
1943,0.015028940979391336,0.0014143050648272038,0.013614635914564133
1944,0.014633524930104613,0.0012288361322134733,0.01340468879789114
1945,0.014921302674338222,0.0011078629177063704,0.013813439756631851
1946,0.01580591336824,0.001233415910974145,0.014572497457265854
1947,0.015827763359993696,0.0014026309363543987,0.014425132423639297
1948,0.014823073172010481,0.0011658748844638467,0.013657198287546635
1949,0.014114625635556877,0.0013159950030967593,0.012798630632460117
1950,0.014888338278979063,0.0012754141353070736,0.01361292414367199
1951,0.01545091555453837,0.001180603401735425,0.014270312152802944
1952,0.014751581707969308,0.0012606459204107523,0.013490935787558556
1953,0.014912748942151666,0.001160776475444436,0.01375197246670723
1954,0.015413663582876325,0.0013422316405922174,0.014071431942284107
1955,0.014627683442085981,0.0012478255666792393,0.013379857875406742
1956,0.015424929093569517,0.001350607257336378,0.014074321836233139
1957,0.01472329837270081,0.0012241045478731394,0.013499193824827671
1958,0.014799372176639736,0.0011718458263203502,0.013627526350319386
1959,0.015058196615427732,0.0011780993081629276,0.013880097307264805
1960,0.015061646699905396,0.0012544263154268265,0.013807220384478569
1961,0.014436198049224913,0.0012665126705542207,0.013169685378670692
1962,0.014122260618023574,0.001251758891157806,0.012870501726865768
1963,0.013827043352648616,0.001256137853488326,0.01257090549916029
1964,0.0143929811893031,0.0012371743796393275,0.013155806809663773
1965,0.014660739339888096,0.0012371102347970009,0.013423629105091095
1966,0.013915694085881114,0.0011670642998069525,0.012748629786074162
1967,0.01402292656712234,0.001194153679534793,0.012828772887587547
1968,0.015154686174355447,0.0012157171731814742,0.013938969001173973
1969,0.014674472156912088,0.0011306446976959705,0.013543827459216118
1970,0.014094139216467738,0.001281731529161334,0.012812407687306404
1971,0.014384690672159195,0.0012148907408118248,0.01316979993134737
1972,0.014866293175145984,0.0012509708758443594,0.013615322299301624
1973,0.014224608661606908,0.0012879271525889635,0.012936681509017944
1974,0.014044117648154497,0.0014019324444234371,0.01264218520373106
1975,0.01409138273447752,0.0012120557948946953,0.012879326939582825
1976,0.01492611481808126,0.0011486352887004614,0.013777479529380798
1977,0.014181916951201856,0.00109704805072397,0.013084868900477886
1978,0.014522769721224904,0.0011616249103099108,0.013361144810914993
1979,0.013986581121571362,0.0012461749138310552,0.012740406207740307
1980,0.014213731046766043,0.0013471846468746662,0.012866546399891376
1981,0.013625531923025846,0.001230552326887846,0.012394979596138
1982,0.013573915115557611,0.0011543523287400603,0.01241956278681755
1983,0.01460015494376421,0.0011774040758609772,0.013422750867903233
1984,0.014176932629197836,0.0012057614512741566,0.01297117117792368
1985,0.01383960759267211,0.0012094168923795223,0.012630190700292587
1986,0.014941980829462409,0.0011207226198166609,0.013821258209645748
1987,0.015215089311823249,0.0013292531948536634,0.013885836116969585
1988,0.014345514588057995,0.0012912880629301071,0.013054226525127888
1989,0.013775652158074081,0.001216886448673904,0.012558765709400177
1990,0.014539383817464113,0.0011962461285293102,0.013343137688934803
1991,0.013845135690644383,0.0011349807027727365,0.012710154987871647
1992,0.013803359819576144,0.0011979460250586271,0.012605413794517517
1993,0.014584830263629556,0.0013059827033430338,0.013278847560286522
1994,0.01334917068015784,0.0012496447889134288,0.012099525891244411
1995,0.01427211135160178,0.0012966616777703166,0.012975449673831463
1996,0.014006518758833408,0.001341402530670166,0.012665116228163242
1997,0.013673235196620226,0.0011605187319219112,0.012512716464698315
1998,0.014781927922740579,0.0012499105650931597,0.013532017357647419
1999,0.014341334579512477,0.0012262777891010046,0.013115056790411472
2000,0.014131920179352164,0.0011515978258103132,0.012980322353541851
2001,0.01455473667010665,0.0012792455963790417,0.013275491073727608
2002,0.014041753020137548,0.0012420001439750195,0.012799752876162529
2003,0.01494612731039524,0.0011525209993124008,0.01379360631108284
2004,0.014733742689713836,0.001241930527612567,0.013491812162101269
2005,0.014571527601219714,0.001258005970157683,0.01331352163106203
2006,0.01417941297404468,0.0013093294110149145,0.012870083563029766
2007,0.013990212348289788,0.0012539048912003636,0.012736307457089424
2008,0.013726854929700494,0.0011575112584978342,0.01256934367120266
2009,0.01401490718126297,0.0011766068637371063,0.012838300317525864
2010,0.013582921936176717,0.0012544667115435004,0.012328455224633217
2011,0.014061399386264384,0.0012140717590227723,0.012847327627241611
2012,0.014280232833698392,0.0012665672693401575,0.013013665564358234
2013,0.013771065976470709,0.0013240021653473377,0.012447063811123371
2014,0.013806337490677834,0.0012608570978045464,0.012545480392873287
2015,0.014166947454214096,0.0012394702062010765,0.01292747724801302
2016,0.013515290804207325,0.001087256707251072,0.012428034096956253
2017,0.013810820179060102,0.0012181282509118319,0.01259269192814827
2018,0.013935279683209956,0.0011598911369219422,0.012775388546288013
2019,0.014077162370085716,0.001153111457824707,0.01292405091226101
2020,0.013839369174093008,0.001187461894005537,0.012651907280087471
2021,0.01328772958368063,0.0011367304250597954,0.012150999158620834
2022,0.013289776630699635,0.0011814059689640999,0.012108370661735535
2023,0.013295377255417407,0.0012287140125408769,0.01206666324287653
2024,0.013757102424278855,0.001278518931940198,0.012478583492338657
2025,0.013540721964091063,0.0012370389886200428,0.01230368297547102
2026,0.013893510913476348,0.0012075870763510466,0.012685923837125301
2027,0.012812770786695182,0.001163899782113731,0.011648871004581451
2028,0.013650077162310481,0.0011083248537033796,0.012541752308607101
2029,0.013870567083358765,0.0012804614380002022,0.012590105645358562
2030,0.014103746740147471,0.0011698694434016943,0.012933877296745777
2031,0.013890848495066166,0.0012003416195511818,0.012690506875514984
2032,0.013759928988292813,0.0012864910531789064,0.012473437935113907
2033,0.013458322500810027,0.0011308786924928427,0.012327443808317184
2034,0.013437122805044055,0.0011606409680098295,0.012276481837034225
2035,0.013677100418135524,0.0012697761412709951,0.012407324276864529
2036,0.01328303071204573,0.0012296313652768731,0.012053399346768856
2037,0.013869183952920139,0.0012568876845762134,0.012612296268343925
2038,0.014332493534311652,0.001132982550188899,0.013199510984122753
2039,0.013882991624996066,0.001137848710641265,0.012745142914354801
2040,0.014222865225747228,0.0013166798744350672,0.01290618535131216
2041,0.013871759176254272,0.0012856768444180489,0.012586082331836224
2042,0.013155933702364564,0.0011872828472405672,0.011968650855123997
2043,0.014483229024335742,0.001171749783679843,0.013311479240655899
2044,0.013574245036579669,0.0012495197588577867,0.012324725277721882
2045,0.013204041286371648,0.0012847896432504058,0.011919251643121243
2046,0.013360255397856236,0.0010499991476535797,0.012310256250202656
2047,0.013202775735408068,0.001258759293705225,0.011944016441702843
2048,0.012819432653486729,0.0013143178075551987,0.01150511484593153
2049,0.013754945015534759,0.0013134775217622519,0.012441467493772507
2050,0.014076993567869067,0.0012000433634966612,0.012876950204372406
2051,0.01376157789491117,0.001255709445104003,0.012505868449807167
2052,0.013640899094752967,0.0010789044899865985,0.012561994604766369
2053,0.013523573987185955,0.0012320121750235558,0.0122915618121624
2054,0.013462654314935207,0.0013362057507038116,0.012126448564231396
2055,0.013736026361584663,0.0010747229680418968,0.012661303393542767
2056,0.013193238992244005,0.0010636323131620884,0.012129606679081917
2057,0.013506726594641805,0.0010738505516201258,0.012432876043021679
2058,0.013488007709383965,0.0012786593288183212,0.012209348380565643
2059,0.013976613758131862,0.0011965397279709578,0.012780074030160904
2060,0.013755802996456623,0.0013259360566735268,0.012429866939783096
2061,0.01445409725420177,0.0012508842628449202,0.01320321299135685
2062,0.014162846375256777,0.0013106674887239933,0.012852178886532784
2063,0.012946873670443892,0.0012255848851054907,0.011721288785338402
2064,0.013851177296601236,0.00121943315025419,0.012631744146347046
2065,0.013096933951601386,0.0012912487145513296,0.011805685237050056
2066,0.014129115152172744,0.0012198014883324504,0.012909313663840294
2067,0.013949981424957514,0.001170956064015627,0.012779025360941887
2068,0.013758273213170469,0.0012230215361341834,0.012535251677036285
2069,0.013771241530776024,0.0013032909482717514,0.012467950582504272
2070,0.013736686203628778,0.0012962152250111103,0.012440470978617668
2071,0.013941497541964054,0.001318328082561493,0.012623169459402561
2072,0.013566962210461497,0.0011844874825328588,0.012382474727928638
2073,0.013262084918096662,0.0012557620648294687,0.012006322853267193
2074,0.013753239763900638,0.0012751517351716757,0.012478088028728962
2075,0.01389643782749772,0.0012387563474476337,0.012657681480050087
2076,0.014049148419871926,0.0013238482642918825,0.012725300155580044
2077,0.013458316214382648,0.0011831773445010185,0.01227513886988163
2078,0.014057292835786939,0.0012338219676166773,0.012823470868170261
2079,0.014002535725012422,0.0013652148190885782,0.012637320905923843
2080,0.013492506463080645,0.001134329941123724,0.01235817652195692
2081,0.013949233340099454,0.001188845606520772,0.012760387733578682
2082,0.0136591752525419,0.0012655991595238447,0.012393576093018055
2083,0.01382374344393611,0.0013644690625369549,0.012459274381399155
2084,0.0134125214535743,0.0011623085010796785,0.012250212952494621
2085,0.013531928416341543,0.0010708053596317768,0.012461123056709766
2086,0.013253447832539678,0.0010914283338934183,0.01216201949864626
2087,0.012551460764370859,0.0010966960107907653,0.011454764753580093
2088,0.013431621831841767,0.001276264083571732,0.012155357748270035
2089,0.013196246232837439,0.001194558572024107,0.012001687660813332
2090,0.012843202333897352,0.0011916854418814182,0.011651516892015934
2091,0.013737083179876208,0.0011455032508820295,0.012591579928994179
2092,0.014259912655688822,0.00125315657351166,0.013006756082177162
2093,0.01301018730737269,0.0010647878516465425,0.011945399455726147
2094,0.012650465709157288,0.0011357899056747556,0.011514675803482533
2095,0.013185141608119011,0.0011781444773077965,0.012006997130811214
2096,0.012582074385136366,0.0011158394627273083,0.011466234922409058
2097,0.013989122118800879,0.0011876118369400501,0.012801510281860828
2098,0.013731485465541482,0.0011986803729087114,0.01253280509263277
2099,0.013034474686719477,0.0010466106468811631,0.011987864039838314
2100,0.01366514153778553,0.0011076442897319794,0.01255749724805355
2101,0.013917354051955044,0.0011694739805534482,0.012747880071401596
2102,0.013046600623056293,0.0011841168161481619,0.01186248380690813
2103,0.0128753847675398,0.0011229125084355474,0.011752472259104252
2104,0.013603413943201303,0.0011646407656371593,0.012438773177564144
2105,0.013329746900126338,0.0010715813841670752,0.012258165515959263
2106,0.013092638459056616,0.0011737826280295849,0.011918855831027031
2107,0.013177169486880302,0.001215638592839241,0.011961530894041061
2108,0.01294322160538286,0.0010899597546085715,0.011853261850774288
2109,0.013246475486084819,0.0012867103796452284,0.01195976510643959
2110,0.01354534353595227,0.0014863581163808703,0.0120589854195714
2111,0.013630113331601024,0.0011978389229625463,0.012432274408638477
2112,0.013889873633161187,0.0010995224583894014,0.012790351174771786
2113,0.01385064353235066,0.0012327490840107203,0.012617894448339939
2114,0.014234510716050863,0.0013045654632151127,0.01292994525283575
2115,0.013552700402215123,0.0011649897787719965,0.012387710623443127
2116,0.013005963061004877,0.0011559543199837208,0.011850008741021156
2117,0.012802842888049781,0.001296011614613235,0.011506831273436546
2118,0.01309321855660528,0.001178464270196855,0.011914754286408424
2119,0.013488048920407891,0.0013221374247223139,0.012165911495685577
2120,0.013086444232612848,0.0011468674056231976,0.01193957682698965
2121,0.013026118744164705,0.0012733195908367634,0.011752799153327942
2122,0.013167502358555794,0.0012205448001623154,0.011946957558393478
2123,0.01311046991031617,0.0011530517367646098,0.01195741817355156
2124,0.013145339209586382,0.001223874744027853,0.011921464465558529
2125,0.013070415589027107,0.001040140981785953,0.012030274607241154
2126,0.013039523037150502,0.0009983109775930643,0.012041212059557438
2127,0.013557563885115087,0.001022367156110704,0.012535196729004383
2128,0.012883060844615102,0.0010397948790341616,0.01184326596558094
2129,0.012977194972336292,0.0013264324516057968,0.011650762520730495
2130,0.013024576706811786,0.0012403836008161306,0.011784193105995655
2131,0.014014133950695395,0.0010553586762398481,0.012958775274455547
2132,0.013281426625326276,0.0012349917087703943,0.012046434916555882
2133,0.013955428032204509,0.0013161047827452421,0.012639323249459267
2134,0.013539923587813973,0.0012240170035511255,0.012315906584262848
2135,0.012711052782833576,0.0011522099375724792,0.011558842845261097
2136,0.013218460604548454,0.0011321278288960457,0.012086332775652409
2137,0.013105803867802024,0.0011923180427402258,0.011913485825061798
2138,0.012854896485805511,0.0011639781296253204,0.011690918356180191
2139,0.013071958324871957,0.0010919322958216071,0.01198002602905035
2140,0.013437444111332297,0.0012033197563141584,0.012234124355018139
2141,0.01355876144953072,0.001141230808570981,0.01241753064095974
2142,0.013513547484762967,0.0012214808957651258,0.012292066588997841
2143,0.013445166987366974,0.0011720723705366254,0.012273094616830349
2144,0.01319189928472042,0.0011262791231274605,0.01206562016159296
2145,0.012890148675069213,0.0012565010692924261,0.011633647605776787
2146,0.01425028988160193,0.001242570811882615,0.013007719069719315
2147,0.01305465493351221,0.0011584777384996414,0.01189617719501257
2148,0.01385264447890222,0.001164645655080676,0.012687998823821545
2149,0.013195885112509131,0.0012010138016194105,0.011994871310889721
2150,0.012822374934330583,0.0012401381973177195,0.011582236737012863
2151,0.013330078218132257,0.0009667207486927509,0.012363357469439507
2152,0.012988704489544034,0.0011094019282609224,0.011879302561283112
2153,0.013685857178643346,0.0013577260542660952,0.01232813112437725
2154,0.012720936676487327,0.0011448932345956564,0.01157604344189167
2155,0.013232218218035996,0.001220458303578198,0.012011759914457798
2156,0.0128313850145787,0.0010951959993690252,0.011736189015209675
2157,0.013694001361727715,0.0012884372845292091,0.012405564077198505
2158,0.013350954977795482,0.0013130975421518087,0.012037857435643673
2159,0.013274641940370202,0.00135124777443707,0.011923394165933132
2160,0.01259624189697206,0.0012186148669570684,0.011377627030014992
2161,0.013729642843827605,0.0011479898821562529,0.012581652961671352
2162,0.013271929463371634,0.001149411080405116,0.012122518382966518
2163,0.01361177524086088,0.001192834577523172,0.012418940663337708
2164,0.01309254509396851,0.0011801489163190126,0.011912396177649498
2165,0.01320646214298904,0.0011891487520188093,0.01201731339097023
2166,0.013329570414498448,0.0011190895456820726,0.012210480868816376
2167,0.013228063122369349,0.001125137903727591,0.012102925218641758
2168,0.013332789530977607,0.0011706713121384382,0.012162118218839169
2169,0.013294631498865783,0.0012510687811300159,0.012043562717735767
2170,0.012885675998404622,0.0012190428096801043,0.011666633188724518
2171,0.013328315690159798,0.0012347036972641945,0.012093611992895603
2172,0.012532893568277359,0.001278536394238472,0.011254357174038887
2173,0.01308602374047041,0.0010961154475808144,0.011989908292889595
2174,0.013132174382917583,0.0013142823008820415,0.011817892082035542
2175,0.012415595003403723,0.0011125389719381928,0.01130305603146553
2176,0.013543557608500123,0.0012583027128130198,0.012285254895687103
2177,0.013487999560311437,0.0012143601197749376,0.012273639440536499
2178,0.012916665989905596,0.0010955804027616978,0.011821085587143898
2179,0.0136316551361233,0.0011693064589053392,0.01246234867721796
2180,0.013668876606971025,0.0011303597129881382,0.012538516893982887
2181,0.012832042993977666,0.0011522548738867044,0.011679788120090961
2182,0.013617268996313214,0.0011839561630040407,0.012433312833309174
2183,0.012888914556242526,0.0011127745965495706,0.011776139959692955
2184,0.01280933152884245,0.0012845518067479134,0.011524779722094536
2185,0.013292209361679852,0.0012601596536114812,0.01203204970806837
2186,0.012954393168911338,0.0011531903874129057,0.011801202781498432
2187,0.013349962420761585,0.0012844130396842957,0.01206554938107729
2188,0.012897064443677664,0.0011063735000789165,0.011790690943598747
2189,0.013132885098457336,0.00132779311388731,0.011805091984570026
2190,0.01372882118448615,0.0012796041555702686,0.012449217028915882
2191,0.013441614340990782,0.001168032642453909,0.012273581698536873
2192,0.013400881085544825,0.0011623441241681576,0.012238536961376667
2193,0.012481767684221268,0.0012170001864433289,0.011264767497777939
2194,0.013206928735598922,0.0011578488629311323,0.01204907987266779
2195,0.01424975972622633,0.0012200875207781792,0.01302967220544815
2196,0.013220180058851838,0.0011841042432934046,0.012036075815558434
2197,0.013336828676983714,0.0011768394615501165,0.012159989215433598
2198,0.012907798634842038,0.0011645390186458826,0.011743259616196156
2199,0.012585836695507169,0.0012059502769261599,0.011379886418581009
2200,0.013410421321168542,0.0011468783486634493,0.012263542972505093
2201,0.013691647676751018,0.0012817408423870802,0.012409906834363937
2202,0.01308719883672893,0.0012263867538422346,0.011860812082886696
2203,0.0130233223317191,0.001135491649620235,0.011887830682098866
2204,0.012949844705872238,0.001126414048485458,0.01182343065738678
2205,0.013464130461215973,0.0012720664963126183,0.012192063964903355
2206,0.012671879725530744,0.0012376515660434961,0.011434228159487247
2207,0.013117574388161302,0.00130636733956635,0.011811207048594952
2208,0.012828198494389653,0.0013024008367210627,0.01152579765766859
2209,0.013300195802003145,0.0011772098951041698,0.012122985906898975
2210,0.01291605900041759,0.0010690453927963972,0.011847013607621193
2211,0.013163735857233405,0.0012961977627128363,0.011867538094520569
2212,0.013737045461311936,0.0013021763879805803,0.012434869073331356
2213,0.01270869211293757,0.0012100592721253633,0.011498632840812206
2214,0.01289023901335895,0.0011632514651864767,0.011726987548172474
2215,0.012599972542375326,0.001143439207226038,0.011456533335149288
2216,0.01324962149374187,0.001176629913970828,0.012072991579771042
2217,0.012793451081961393,0.0011667250655591488,0.011626726016402245
2218,0.013791361940093338,0.0010977099882438779,0.01269365195184946
2219,0.01279272697865963,0.001276548020541668,0.011516178958117962
2220,0.012675138656049967,0.0011249775998294353,0.011550161056220531
2221,0.012962701730430126,0.0012032100930809975,0.011759491637349129
2222,0.013188974699005485,0.0012337553780525923,0.011955219320952892
2223,0.012385992566123605,0.0011392098385840654,0.01124678272753954
2224,0.01263137289788574,0.0011656790738925338,0.011465693823993206
2225,0.013129663420841098,0.0012358238454908133,0.011893839575350285
2226,0.01335054449737072,0.0012964168563485146,0.012054127641022205
2227,0.013095101807266474,0.0011496474035084248,0.011945454403758049
2228,0.013374227099120617,0.0011450611054897308,0.012229165993630886
2229,0.013056039810180664,0.0011709751561284065,0.011885064654052258
2230,0.012456469936296344,0.0011242281179875135,0.01133224181830883
2231,0.013271800009533763,0.0011265247594565153,0.012145275250077248
2232,0.012412141775712371,0.0010704852174967527,0.011341656558215618
2233,0.012466922868043184,0.0012731929309666157,0.011193729937076569
2234,0.01368066726718098,0.001230900757946074,0.012449766509234905
2235,0.013212948339059949,0.0012229785788804293,0.01198996976017952
2236,0.012107941671274602,0.0011618438875302672,0.010946097783744335
2237,0.012380391592159867,0.0012078548315912485,0.011172536760568619
2238,0.012614529230631888,0.0011726046213880181,0.01144192460924387
2239,0.013345141196623445,0.001118672313168645,0.0122264688834548
2240,0.012805687030777335,0.0009605537634342909,0.011845133267343044
2241,0.013652999536134303,0.001202419982291758,0.012450579553842545
2242,0.01251798786688596,0.0012787143932655454,0.011239273473620415
2243,0.012976816738955677,0.0012149260146543384,0.011761890724301338
2244,0.013096926384605467,0.0012895563850179315,0.011807369999587536
2245,0.012814144138246775,0.001230753492563963,0.011583390645682812
2246,0.012921386631205678,0.0012857441324740648,0.011635642498731613
2247,0.01366489427164197,0.0012299292720854282,0.012434964999556541
2248,0.012328912038356066,0.0011575915850698948,0.011171320453286171
2249,0.012673377292230725,0.0011804124806076288,0.011492964811623096
2250,0.012789536966010928,0.001131817465648055,0.011657719500362873
2251,0.01293668756261468,0.001133583951741457,0.011803103610873222
2252,0.013288134941831231,0.001191918971017003,0.012096215970814228
2253,0.013272888027131557,0.0012536970898509026,0.012019190937280655
2254,0.01305452804081142,0.0012508963700383902,0.01180363167077303
2255,0.01339001499582082,0.0011243122862651944,0.012265702709555626
2256,0.013589506037533283,0.0012291818857192993,0.012360324151813984
2257,0.012591904262080789,0.0011207072529941797,0.011471197009086609
2258,0.012961413129232824,0.0010631609475240111,0.011898252181708813
2259,0.0132949473336339,0.0012326082214713097,0.01206233911216259
2260,0.012937189545482397,0.0011732620187103748,0.011763927526772022
2261,0.013065589591860771,0.0010148128494620323,0.012050776742398739
2262,0.01283335592597723,0.001290600746870041,0.01154275517910719
2263,0.013015119475312531,0.001154665951617062,0.011860453523695469
2264,0.012937796069309115,0.00111199333332479,0.011825802735984325
2265,0.013314342475496233,0.0012316679349169135,0.012082674540579319
2266,0.012354633770883083,0.0011996356770396233,0.01115499809384346
2267,0.01287107914686203,0.001110641285777092,0.011760437861084938
2268,0.01318402262404561,0.001108171883970499,0.012075850740075111
2269,0.01268168305978179,0.0012285015545785427,0.011453181505203247
2270,0.013615677366033196,0.0013250235933810472,0.01229065377265215
2271,0.012974657933227718,0.0010257175890728831,0.011948940344154835
2272,0.012960993335582316,0.0011417936766520143,0.011819199658930302
2273,0.01304165949113667,0.0011073288042098284,0.011934330686926842
2274,0.012968046823516488,0.0011466809082776308,0.011821365915238857
2275,0.012491167988628149,0.0011634188704192638,0.011327749118208885
2276,0.011931798537261784,0.001282905344851315,0.010648893192410469
2277,0.013216327060945332,0.0012018579291179776,0.012014469131827354
2278,0.013108507147990167,0.0010293297236785293,0.012079177424311638
2279,0.012941608671098948,0.001183574553579092,0.011758034117519855
2280,0.012799396412447095,0.0010497395414859056,0.01174965687096119
2281,0.012908274540677667,0.0011445072013884783,0.011763767339289188
2282,0.012452093651518226,0.0011143784504383802,0.011337715201079845
2283,0.012623539427295327,0.0012323989067226648,0.011391140520572662
2284,0.012387444265186787,0.001095564104616642,0.011291880160570145
2285,0.013164562406018376,0.0011723984498530626,0.011992163956165314
2286,0.012883397284895182,0.0013042795471847057,0.011579117737710476
2287,0.013168067205697298,0.001284728292375803,0.011883338913321495
2288,0.013110478059388697,0.0011894764611497521,0.011921001598238945
2289,0.01340266817715019,0.0010487338295206428,0.012353934347629547
2290,0.013152470113709569,0.0012717091012746096,0.01188076101243496
2291,0.012490679742768407,0.0011693157721310854,0.011321363970637321
2292,0.012685574358329177,0.0011822653468698263,0.01150330901145935
2293,0.012834490044042468,0.0011123956646770239,0.011722094379365444
2294,0.012155897682532668,0.001109183533117175,0.011046714149415493
2295,0.012503187987022102,0.001108551281504333,0.011394636705517769
2296,0.012615310144610703,0.0010791952954605222,0.01153611484915018
2297,0.013308947440236807,0.0011940752156078815,0.012114872224628925
2298,0.012458831653930247,0.001186906942166388,0.011271924711763859
2299,0.012405975838191807,0.0012110128300264478,0.01119496300816536
2300,0.012556461617350578,0.001222941093146801,0.011333520524203777
2301,0.013486101292073727,0.0012279516085982323,0.012258149683475494
2302,0.01349139423109591,0.0012326149735599756,0.012258779257535934
2303,0.01309667038731277,0.0010896788444370031,0.012006991542875767
2304,0.012592213694006205,0.0010088416747748852,0.01158337201923132
2305,0.012824156554415822,0.001084429444745183,0.011739727109670639
2306,0.013240389642305672,0.0012485469924286008,0.011991842649877071
2307,0.012826193356886506,0.001150977099314332,0.011675216257572174
2308,0.012541068717837334,0.0012817839160561562,0.011259284801781178
2309,0.012791542103514075,0.0012491827365010977,0.011542359367012978
2310,0.012765262043103576,0.0013472817372530699,0.011417980305850506
2311,0.012411291128955781,0.0011621344601735473,0.011249156668782234
2312,0.012968538561835885,0.0012922140303999186,0.011676324531435966
2313,0.012789120897650719,0.0011624544858932495,0.01162666641175747
2314,0.013124313321895897,0.0012655482860282063,0.011858765035867691
2315,0.013051231275312603,0.0012745315907523036,0.011776699684560299
2316,0.013413865235634148,0.0011707172961905599,0.012243147939443588
2317,0.013031041133217514,0.0013013071147724986,0.011729734018445015
2318,0.01205827307421714,0.0013002838240936399,0.0107579892501235
2319,0.013057395350188017,0.0013067829422652721,0.011750612407922745
2320,0.012921334942802787,0.0011169526260346174,0.01180438231676817
2321,0.013379286276176572,0.0012634398881345987,0.012115846388041973
2322,0.013052853755652905,0.0012693675234913826,0.011783486232161522
2323,0.012487130123190582,0.0013426727382466197,0.011144457384943962
2324,0.012785414000973105,0.001245624152943492,0.011539789848029613
2325,0.013073719572275877,0.0011935331858694553,0.011880186386406422
2326,0.013121967553161085,0.0011683771153911948,0.01195359043776989
2327,0.012759873759932816,0.0011072634952142835,0.011652610264718533
2328,0.013150805607438087,0.0010820906609296799,0.012068714946508408
2329,0.012702006381005049,0.0013598348014056683,0.01134217157959938
2330,0.013348710373975337,0.0012016665423288941,0.012147043831646442
2331,0.012964268447831273,0.0012688918504863977,0.011695376597344875
2332,0.012373883975669742,0.0011867478024214506,0.011187136173248291
2333,0.012890460318885744,0.0012104188790544868,0.011680041439831257
2334,0.012336083687841892,0.0011226516216993332,0.011213432066142559
2335,0.013668454717844725,0.0012324568815529346,0.01243599783629179
2336,0.012406188645400107,0.0013524607056751847,0.011053727939724922
2337,0.013494238373823464,0.0013112752931192517,0.012182963080704212
2338,0.012336698360741138,0.0011483179405331612,0.011188380420207977
2339,0.012902193237096071,0.0012293620966374874,0.011672831140458584
2340,0.012578568886965513,0.0012334841303527355,0.011345084756612778
2341,0.0131148393265903,0.0012456192634999752,0.011869220063090324
2342,0.013228551484644413,0.0011856574565172195,0.012042894028127193
2343,0.012279407354071736,0.0009825520683079958,0.01129685528576374
2344,0.012400585692375898,0.0012705731205642223,0.011130012571811676
2345,0.013147653546184301,0.0011668368242681026,0.011980816721916199
2346,0.012825714889913797,0.0011341930367052555,0.011691521853208542
2347,0.01307909656316042,0.001165834255516529,0.01191326230764389
2348,0.012525760103017092,0.0012311707250773907,0.011294589377939701
2349,0.013053096132352948,0.001375218154862523,0.011677877977490425
2350,0.012823592987842858,0.001316568930633366,0.011507024057209492
2351,0.012795737595297396,0.0011549365008249879,0.011640801094472408
2352,0.012782415142282844,0.0012645188253372908,0.011517896316945553
2353,0.012280423427000642,0.0012100909370929003,0.011070332489907742
2354,0.01266001258045435,0.0012768330052495003,0.01138317957520485
2355,0.01244113384746015,0.0011820520740002394,0.011259081773459911
2356,0.012300363974645734,0.0012521755415946245,0.01104818843305111
2357,0.012154902098700404,0.0011867282446473837,0.01096817385405302
2358,0.012806499609723687,0.0010960849467664957,0.011710414662957191
2359,0.012838209513574839,0.0012391083873808384,0.011599101126194
2360,0.012853975291363895,0.0012902141315862536,0.011563761159777641
2361,0.013291490846313536,0.0012770580360665917,0.012014432810246944
2362,0.012877910630777478,0.0012392618227750063,0.011638648808002472
2363,0.012409079819917679,0.001210787333548069,0.01119829248636961
2364,0.012544410536065698,0.0013321500737220049,0.011212260462343693
2365,0.012206565705128014,0.0011258359299972653,0.011080729775130749
2366,0.0127854875754565,0.0012336156796664,0.0115518718957901
2367,0.01209551957435906,0.001220726640895009,0.01087479293346405
2368,0.01263235171791166,0.0011221071472391486,0.011510244570672512
2369,0.011496285675093532,0.0011528839822858572,0.010343401692807674
2370,0.01241111836861819,0.0011998441768810153,0.011211274191737175
2371,0.013095537899062037,0.0012293353211134672,0.01186620257794857
2372,0.012701300089247525,0.0010575019987300038,0.011643798090517521
2373,0.012776438612490892,0.0013966136611998081,0.011379824951291084
2374,0.013456793618388474,0.0012551379622891545,0.01220165565609932
2375,0.011885037296451628,0.0010003928327932954,0.010884644463658333
2376,0.012539718765765429,0.001080883201211691,0.011458835564553738
2377,0.012741286540403962,0.0013112130109220743,0.011430073529481888
2378,0.012368598487228155,0.0011868509463965893,0.011181747540831566
2379,0.012293962994590402,0.0012365172151476145,0.011057445779442787
2380,0.013339450000785291,0.0012488759821280837,0.012090574018657207
2381,0.012973407981917262,0.0012175121810287237,0.011755895800888538
2382,0.013011740054935217,0.001178473699837923,0.011833266355097294
2383,0.012492706649936736,0.0011062795529142022,0.011386427097022533
2384,0.012647187220863998,0.0013504204107448459,0.011296766810119152
2385,0.012690569157712162,0.0010671456111595035,0.011623423546552658
2386,0.012517087743617594,0.001110370852984488,0.011406716890633106
2387,0.012691609794273973,0.0013393911067396402,0.011352218687534332
2388,0.012367777293547988,0.0012724555563181639,0.011095321737229824
2389,0.012026981799863279,0.001194049953483045,0.010832931846380234
2390,0.012558696791529655,0.0012378469109535217,0.011320849880576134
2391,0.01260242285206914,0.0011946656741201878,0.011407757177948952
2392,0.012553930515423417,0.001297609182074666,0.011256321333348751
2393,0.012788460124284029,0.0010921121574938297,0.0116963479667902
2394,0.01277149107772857,0.0011237171711400151,0.011647773906588554
2395,0.012541865697130561,0.001137800281867385,0.011404065415263176
2396,0.013100311625748873,0.0012764590792357922,0.01182385254651308
2397,0.012268425547517836,0.0011876063654199243,0.011080819182097912
2398,0.013223508722148836,0.0010850162943825126,0.012138492427766323
2399,0.012281401548534632,0.0013099326752126217,0.01097146887332201
2400,0.01293605798855424,0.0012204009108245373,0.011715657077729702
